uid,label,domain,axis,definition,parents,parent_relation,source,source_uri
hierarchy-type:aircraft-6-engine-3,turboshaft rotorcraft,aircraft,structure_and_propulsion,An aircraft in the native FAA rotorcraft category; no narrower helicopter inference is made. Propulsion uses the native turboshaft engine type.,wikidata:Q949801,IS_A,FAA native aircraft reference fields,https://registry.faa.gov/database/ardata.pdf
hierarchy-type:aircraft-4,single-engine fixed-wing aircraft,aircraft,physical_structure,A fixed-wing aircraft with one engine.,wikidata:Q2875704,IS_A,FAA native aircraft reference fields,https://registry.faa.gov/database/ardata.pdf
hierarchy-type:aircraft-4-engine-1,reciprocating-engine single-engine fixed-wing aircraft,aircraft,structure_and_propulsion,A fixed-wing aircraft with one engine. Propulsion uses the native reciprocating-engine engine type.,hierarchy-type:aircraft-4,IS_A,FAA native aircraft reference fields,https://registry.faa.gov/database/ardata.pdf
hierarchy-type:aircraft-1,gliding aircraft,aircraft,physical_structure,An aircraft in the native FAA glider category; self-launching motor gliders are not excluded.,wikidata:Q154503,IS_A,FAA native aircraft reference fields,https://registry.faa.gov/database/ardata.pdf
hierarchy-type:aircraft-4-engine-8,four-cycle-engine single-engine fixed-wing aircraft,aircraft,structure_and_propulsion,A fixed-wing aircraft with one engine. Propulsion uses the native four-cycle-engine engine type.,hierarchy-type:aircraft-4,IS_A,FAA native aircraft reference fields,https://registry.faa.gov/database/ardata.pdf
hierarchy-type:aircraft-4-engine-2,turboprop single-engine fixed-wing aircraft,aircraft,structure_and_propulsion,A fixed-wing aircraft with one engine. Propulsion uses the native turboprop engine type.,hierarchy-type:aircraft-4,IS_A,FAA native aircraft reference fields,https://registry.faa.gov/database/ardata.pdf
hierarchy-type:aircraft-6-engine-1,reciprocating-engine rotorcraft,aircraft,structure_and_propulsion,An aircraft in the native FAA rotorcraft category; no narrower helicopter inference is made. Propulsion uses the native reciprocating-engine engine type.,wikidata:Q949801,IS_A,FAA native aircraft reference fields,https://registry.faa.gov/database/ardata.pdf
hierarchy-type:aircraft-5,multi-engine fixed-wing aircraft,aircraft,physical_structure,A fixed-wing aircraft with multiple engines.,wikidata:Q2875704,IS_A,FAA native aircraft reference fields,https://registry.faa.gov/database/ardata.pdf
hierarchy-type:aircraft-5-engine-1,reciprocating-engine multi-engine fixed-wing aircraft,aircraft,structure_and_propulsion,A fixed-wing aircraft with multiple engines. Propulsion uses the native reciprocating-engine engine type.,hierarchy-type:aircraft-5,IS_A,FAA native aircraft reference fields,https://registry.faa.gov/database/ardata.pdf
hierarchy-type:aircraft-5-engine-2,turboprop multi-engine fixed-wing aircraft,aircraft,structure_and_propulsion,A fixed-wing aircraft with multiple engines. Propulsion uses the native turboprop engine type.,hierarchy-type:aircraft-5,IS_A,FAA native aircraft reference fields,https://registry.faa.gov/database/ardata.pdf
hierarchy-type:aircraft-5-engine-4,turbojet multi-engine fixed-wing aircraft,aircraft,structure_and_propulsion,A fixed-wing aircraft with multiple engines. Propulsion uses the native turbojet engine type.,hierarchy-type:aircraft-5,IS_A,FAA native aircraft reference fields,https://registry.faa.gov/database/ardata.pdf
hierarchy-type:aircraft-6-engine-5,turbofan rotorcraft,aircraft,structure_and_propulsion,An aircraft in the native FAA rotorcraft category; no narrower helicopter inference is made. Propulsion uses the native turbofan engine type.,wikidata:Q949801,IS_A,FAA native aircraft reference fields,https://registry.faa.gov/database/ardata.pdf
hierarchy-type:aircraft-5-engine-8,four-cycle-engine multi-engine fixed-wing aircraft,aircraft,structure_and_propulsion,A fixed-wing aircraft with multiple engines. Propulsion uses the native four-cycle-engine engine type.,hierarchy-type:aircraft-5,IS_A,FAA native aircraft reference fields,https://registry.faa.gov/database/ardata.pdf
hierarchy-type:aircraft-4-engine-5,turbofan single-engine fixed-wing aircraft,aircraft,structure_and_propulsion,A fixed-wing aircraft with one engine. Propulsion uses the native turbofan engine type.,hierarchy-type:aircraft-4,IS_A,FAA native aircraft reference fields,https://registry.faa.gov/database/ardata.pdf
hierarchy-type:aircraft-4-engine-4,turbojet single-engine fixed-wing aircraft,aircraft,structure_and_propulsion,A fixed-wing aircraft with one engine. Propulsion uses the native turbojet engine type.,hierarchy-type:aircraft-4,IS_A,FAA native aircraft reference fields,https://registry.faa.gov/database/ardata.pdf
hierarchy-type:aircraft-6-engine-4,turbojet rotorcraft,aircraft,structure_and_propulsion,An aircraft in the native FAA rotorcraft category; no narrower helicopter inference is made. Propulsion uses the native turbojet engine type.,wikidata:Q949801,IS_A,FAA native aircraft reference fields,https://registry.faa.gov/database/ardata.pdf
hierarchy-type:aircraft-8,powered parachute aircraft,aircraft,physical_structure,An aircraft in the native powered-parachute category.,wikidata:Q154503,IS_A,FAA native aircraft reference fields,https://registry.faa.gov/database/ardata.pdf
hierarchy-type:aircraft-4-engine-7,two-cycle-engine single-engine fixed-wing aircraft,aircraft,structure_and_propulsion,A fixed-wing aircraft with one engine. Propulsion uses the native two-cycle-engine engine type.,hierarchy-type:aircraft-4,IS_A,FAA native aircraft reference fields,https://registry.faa.gov/database/ardata.pdf
hierarchy-type:aircraft-4-engine-3,turboshaft single-engine fixed-wing aircraft,aircraft,structure_and_propulsion,A fixed-wing aircraft with one engine. Propulsion uses the native turboshaft engine type.,hierarchy-type:aircraft-4,IS_A,FAA native aircraft reference fields,https://registry.faa.gov/database/ardata.pdf
hierarchy-type:aircraft-6-engine-7,two-cycle-engine rotorcraft,aircraft,structure_and_propulsion,An aircraft in the native FAA rotorcraft category; no narrower helicopter inference is made. Propulsion uses the native two-cycle-engine engine type.,wikidata:Q949801,IS_A,FAA native aircraft reference fields,https://registry.faa.gov/database/ardata.pdf
hierarchy-type:aircraft-9-engine-1,reciprocating-engine gyroplane,aircraft,structure_and_propulsion,An aircraft in the native gyroplane category. Propulsion uses the native reciprocating-engine engine type.,wikidata:Q208708,IS_A,FAA native aircraft reference fields,https://registry.faa.gov/database/ardata.pdf
hierarchy-type:aircraft-propulsion-1,reciprocating-engine aircraft,aircraft,propulsion,A powered aircraft propelled by the documented reciprocating-engine engine or motor type.,wikidata:Q1949826,IS_A,FAA native aircraft reference fields,https://registry.faa.gov/database/ardata.pdf
hierarchy-type:aircraft-5-engine-5,turbofan multi-engine fixed-wing aircraft,aircraft,structure_and_propulsion,A fixed-wing aircraft with multiple engines. Propulsion uses the native turbofan engine type.,hierarchy-type:aircraft-5,IS_A,FAA native aircraft reference fields,https://registry.faa.gov/database/ardata.pdf
hierarchy-type:aircraft-6-engine-8,four-cycle-engine rotorcraft,aircraft,structure_and_propulsion,An aircraft in the native FAA rotorcraft category; no narrower helicopter inference is made. Propulsion uses the native four-cycle-engine engine type.,wikidata:Q949801,IS_A,FAA native aircraft reference fields,https://registry.faa.gov/database/ardata.pdf
hierarchy-type:aircraft-7,weight-shift-control aircraft,aircraft,physical_structure,An aircraft controlled by weight shift.,wikidata:Q154503,IS_A,FAA native aircraft reference fields,https://registry.faa.gov/database/ardata.pdf
hierarchy-type:aircraft-6-engine-2,turboprop rotorcraft,aircraft,structure_and_propulsion,An aircraft in the native FAA rotorcraft category; no narrower helicopter inference is made. Propulsion uses the native turboprop engine type.,wikidata:Q949801,IS_A,FAA native aircraft reference fields,https://registry.faa.gov/database/ardata.pdf
hierarchy-type:aircraft-6-engine-11,rotary-engine rotorcraft,aircraft,structure_and_propulsion,An aircraft in the native FAA rotorcraft category; no narrower helicopter inference is made. Propulsion uses the native rotary-engine engine type.,wikidata:Q949801,IS_A,FAA native aircraft reference fields,https://registry.faa.gov/database/ardata.pdf
hierarchy-type:aircraft-4-engine-11,rotary-engine single-engine fixed-wing aircraft,aircraft,structure_and_propulsion,A fixed-wing aircraft with one engine. Propulsion uses the native rotary-engine engine type.,hierarchy-type:aircraft-4,IS_A,FAA native aircraft reference fields,https://registry.faa.gov/database/ardata.pdf
hierarchy-type:aircraft-5-engine-3,turboshaft multi-engine fixed-wing aircraft,aircraft,structure_and_propulsion,A fixed-wing aircraft with multiple engines. Propulsion uses the native turboshaft engine type.,hierarchy-type:aircraft-5,IS_A,FAA native aircraft reference fields,https://registry.faa.gov/database/ardata.pdf
hierarchy-type:aircraft-9-engine-7,two-cycle-engine gyroplane,aircraft,structure_and_propulsion,An aircraft in the native gyroplane category. Propulsion uses the native two-cycle-engine engine type.,wikidata:Q208708,IS_A,FAA native aircraft reference fields,https://registry.faa.gov/database/ardata.pdf
hierarchy-type:aircraft-9-engine-3,turboshaft gyroplane,aircraft,structure_and_propulsion,An aircraft in the native gyroplane category. Propulsion uses the native turboshaft engine type.,wikidata:Q208708,IS_A,FAA native aircraft reference fields,https://registry.faa.gov/database/ardata.pdf
hierarchy-type:aircraft-9-engine-8,four-cycle-engine gyroplane,aircraft,structure_and_propulsion,An aircraft in the native gyroplane category. Propulsion uses the native four-cycle-engine engine type.,wikidata:Q208708,IS_A,FAA native aircraft reference fields,https://registry.faa.gov/database/ardata.pdf
hierarchy-type:aircraft-5-engine-7,two-cycle-engine multi-engine fixed-wing aircraft,aircraft,structure_and_propulsion,A fixed-wing aircraft with multiple engines. Propulsion uses the native two-cycle-engine engine type.,hierarchy-type:aircraft-5,IS_A,FAA native aircraft reference fields,https://registry.faa.gov/database/ardata.pdf
hierarchy-type:aircraft-6-engine-6,ramjet rotorcraft,aircraft,structure_and_propulsion,An aircraft in the native FAA rotorcraft category; no narrower helicopter inference is made. Propulsion uses the native ramjet engine type.,wikidata:Q949801,IS_A,FAA native aircraft reference fields,https://registry.faa.gov/database/ardata.pdf
hierarchy-type:aircraft-4-engine-10,electric-motor single-engine fixed-wing aircraft,aircraft,structure_and_propulsion,A fixed-wing aircraft with one engine. Propulsion uses the native electric-motor engine type.,hierarchy-type:aircraft-4,IS_A,FAA native aircraft reference fields,https://registry.faa.gov/database/ardata.pdf
hierarchy-type:aircraft-5-engine-10,electric-motor multi-engine fixed-wing aircraft,aircraft,structure_and_propulsion,A fixed-wing aircraft with multiple engines. Propulsion uses the native electric-motor engine type.,hierarchy-type:aircraft-5,IS_A,FAA native aircraft reference fields,https://registry.faa.gov/database/ardata.pdf
hierarchy-type:aircraft-5-engine-11,rotary-engine multi-engine fixed-wing aircraft,aircraft,structure_and_propulsion,A fixed-wing aircraft with multiple engines. Propulsion uses the native rotary-engine engine type.,hierarchy-type:aircraft-5,IS_A,FAA native aircraft reference fields,https://registry.faa.gov/database/ardata.pdf
hierarchy-type:aircraft-6-engine-10,electric-motor rotorcraft,aircraft,structure_and_propulsion,An aircraft in the native FAA rotorcraft category; no narrower helicopter inference is made. Propulsion uses the native electric-motor engine type.,wikidata:Q949801,IS_A,FAA native aircraft reference fields,https://registry.faa.gov/database/ardata.pdf
hierarchy-type:aircraft-H,hybrid-lift aircraft,aircraft,physical_structure,An aircraft in the native hybrid-lift category.,wordnet31:02689427-n,IS_A,FAA native aircraft reference fields,https://registry.faa.gov/database/ardata.pdf
hierarchy-type:aircraft-propulsion-4,turbojet aircraft,aircraft,propulsion,A powered aircraft propelled by the documented turbojet engine or motor type.,wikidata:Q1949826,IS_A,FAA native aircraft reference fields,https://registry.faa.gov/database/ardata.pdf
hierarchy-type:aircraft-9-engine-2,turboprop gyroplane,aircraft,structure_and_propulsion,An aircraft in the native gyroplane category. Propulsion uses the native turboprop engine type.,wikidata:Q208708,IS_A,FAA native aircraft reference fields,https://registry.faa.gov/database/ardata.pdf
hierarchy-type:aircraft-propulsion-10,electric-motor aircraft,aircraft,propulsion,A powered aircraft propelled by the documented electric-motor engine or motor type.,wikidata:Q1949826,IS_A,FAA native aircraft reference fields,https://registry.faa.gov/database/ardata.pdf
hierarchy-type:aircraft-5-engine-6,ramjet multi-engine fixed-wing aircraft,aircraft,structure_and_propulsion,A fixed-wing aircraft with multiple engines. Propulsion uses the native ramjet engine type.,hierarchy-type:aircraft-5,IS_A,FAA native aircraft reference fields,https://registry.faa.gov/database/ardata.pdf
hierarchy-type:aircraft-4-engine-6,ramjet single-engine fixed-wing aircraft,aircraft,structure_and_propulsion,A fixed-wing aircraft with one engine. Propulsion uses the native ramjet engine type.,hierarchy-type:aircraft-4,IS_A,FAA native aircraft reference fields,https://registry.faa.gov/database/ardata.pdf
hierarchy-type:medical-wordnet31-03513245-n,medical heater,medical_devices,medical_physical_structure,A medical device that is a heater. Physical type definition: device that heats water or supplies warmth to a room,"wikidata:Q6554101,wordnet31:03513245-n",IS_A,FDA physical-head scope and WordNet native inclusion,https://open.fda.gov/apis/device/classification/
hierarchy-type:medical-wordnet31-03579967-n,medical instrument,medical_devices,medical_physical_structure,A medical device that is a instrument. Physical type definition: a device that requires skill for proper use,"wikidata:Q6554101,wordnet31:03579967-n",IS_A,FDA physical-head scope and WordNet native inclusion,https://open.fda.gov/apis/device/classification/
hierarchy-type:medical-wordnet31-02711570-n,medical analyzer,medical_devices,medical_physical_structure,A medical device that is a analyzer. Physical type definition: an instrument that performs analyses,"hierarchy-type:medical-wordnet31-03579967-n,wordnet31:02711570-n",IS_A,FDA physical-head scope and WordNet native inclusion,https://open.fda.gov/apis/device/classification/
hierarchy-type:medical-wordnet31-04571984-n,medical way,medical_devices,medical_physical_structure,"A medical device that is a way. Physical type definition: any artifact consisting of a road or path affording passage from one place to another; ""he said he was looking for the way out""","wikidata:Q6554101,wordnet31:04571984-n",IS_A,FDA physical-head scope and WordNet native inclusion,https://open.fda.gov/apis/device/classification/
hierarchy-type:medical-wordnet31-03900990-n,medical passage,medical_devices,medical_physical_structure,A medical device that is a passage. Physical type definition: a way through or along which someone or something may pass,"hierarchy-type:medical-wordnet31-04571984-n,wordnet31:03900990-n",IS_A,FDA physical-head scope and WordNet native inclusion,https://open.fda.gov/apis/device/classification/
hierarchy-type:medical-wordnet31-03093470-n,medical conduit,medical_devices,medical_physical_structure,"A medical device that is a conduit. Physical type definition: a passage (a pipe or tunnel) through which water or electric wires can pass; ""the computers were connected through a system of conduits""","hierarchy-type:medical-wordnet31-03900990-n,wordnet31:03093470-n",IS_A,FDA physical-head scope and WordNet native inclusion,https://open.fda.gov/apis/device/classification/
hierarchy-type:medical-wordnet31-04500800-n,medical tube,medical_devices,medical_physical_structure,A medical device that is a tube. Physical type definition: conduit consisting of a long hollow object (usually cylindrical) used to hold and conduct objects or liquids or gases,"hierarchy-type:medical-wordnet31-03093470-n,wordnet31:04500800-n",IS_A,FDA physical-head scope and WordNet native inclusion,https://open.fda.gov/apis/device/classification/
hierarchy-type:medical-wordnet31-02987924-n,medical catheter,medical_devices,medical_physical_structure,A medical device that is a catheter. Physical type definition: a thin flexible tube inserted into the body to permit introduction or withdrawal of fluids or to keep the passageway open,"hierarchy-type:medical-wordnet31-04500800-n,wordnet31:02987924-n",IS_A,FDA physical-head scope and WordNet native inclusion,https://open.fda.gov/apis/device/classification/
hierarchy-type:medical-wordnet31-03745184-n,medical medical instrument,medical_devices,medical_physical_structure,A medical device that is a medical instrument. Physical type definition: instrument used in the practice of medicine,"hierarchy-type:medical-wordnet31-03579967-n,wordnet31:03745184-n",IS_A,FDA physical-head scope and WordNet native inclusion,https://open.fda.gov/apis/device/classification/
hierarchy-type:medical-wordnet31-04371632-n,medical surgical instrument,medical_devices,medical_physical_structure,A medical device that is a surgical instrument. Physical type definition: a medical instrument used in surgery,"hierarchy-type:medical-wordnet31-03745184-n,wordnet31:04371632-n",IS_A,FDA physical-head scope and WordNet native inclusion,https://open.fda.gov/apis/device/classification/
hierarchy-type:medical-wordnet31-03154476-n,medical curette,medical_devices,medical_physical_structure,A medical device that is a curette. Physical type definition: a surgical instrument shaped like a scoop to remove tissue from a bodily cavity,"hierarchy-type:medical-wordnet31-04371632-n,wordnet31:03154476-n",IS_A,FDA physical-head scope and WordNet native inclusion,https://open.fda.gov/apis/device/classification/
hierarchy-type:medical-wordnet31-03743963-n,medical mechanism,medical_devices,medical_physical_structure,A medical device that is a mechanism. Physical type definition: device consisting of a piece of machinery; has moving parts that perform some function,"wikidata:Q6554101,wordnet31:03743963-n",IS_A,FDA physical-head scope and WordNet native inclusion,https://open.fda.gov/apis/device/classification/
hierarchy-type:medical-wordnet31-03742461-n,medical mechanical device,medical_devices,medical_physical_structure,A medical device that is a mechanical device. Physical type definition: mechanism consisting of a device that works on mechanical principles,"hierarchy-type:medical-wordnet31-03743963-n,wordnet31:03742461-n",IS_A,FDA physical-head scope and WordNet native inclusion,https://open.fda.gov/apis/device/classification/
hierarchy-type:medical-wordnet31-03086811-n,medical compressor,medical_devices,medical_physical_structure,A medical device that is a compressor. Physical type definition: a mechanical device that compresses gasses,"hierarchy-type:medical-wordnet31-03742461-n,wordnet31:03086811-n",IS_A,FDA physical-head scope and WordNet native inclusion,https://open.fda.gov/apis/device/classification/
hierarchy-type:medical-wordnet31-03739416-n,medical measuring instrument,medical_devices,medical_physical_structure,A medical device that is a measuring instrument. Physical type definition: instrument that shows the extent or amount or quantity or degree of something,"hierarchy-type:medical-wordnet31-03579967-n,wordnet31:03739416-n",IS_A,FDA physical-head scope and WordNet native inclusion,https://open.fda.gov/apis/device/classification/
hierarchy-type:medical-wordnet31-03953387-n,medical pipet,medical_devices,medical_physical_structure,A medical device that is a pipet. Physical type definition: measuring instrument consisting of a graduated glass tube used to measure or transfer precise volumes of a liquid by drawing the liquid up into the tube,"hierarchy-type:medical-wordnet31-03739416-n,wordnet31:03953387-n",IS_A,FDA physical-head scope and WordNet native inclusion,https://open.fda.gov/apis/device/classification/
hierarchy-type:medical-wordnet31-03251786-n,medical dropper,medical_devices,medical_physical_structure,"A medical device that is a dropper. Physical type definition: pipet consisting of a small tube with a vacuum bulb at one end for drawing liquid in and releasing it a drop at a time; ""she used an eye dropper to administer medication to the eyes""","hierarchy-type:medical-wordnet31-03953387-n,wordnet31:03251786-n",IS_A,FDA physical-head scope and WordNet native inclusion,https://open.fda.gov/apis/device/classification/
hierarchy-type:medical-wordnet31-03080712-n,medical commodity,medical_devices,medical_physical_structure,A medical device that is a commodity. Physical type definition: articles of commerce,"wikidata:Q6554101,wordnet31:03080712-n",IS_A,FDA physical-head scope and WordNet native inclusion,https://open.fda.gov/apis/device/classification/
hierarchy-type:medical-wordnet31-03098030-n,medical consumer goods,medical_devices,medical_physical_structure,A medical device that is a consumer goods. Physical type definition: goods (as food or clothing) intended for direct use or consumption,"hierarchy-type:medical-wordnet31-03080712-n,wordnet31:03098030-n",IS_A,FDA physical-head scope and WordNet native inclusion,https://open.fda.gov/apis/device/classification/
hierarchy-type:medical-wordnet31-03262580-n,medical durables,medical_devices,medical_physical_structure,A medical device that is a durables. Physical type definition: consumer goods that are not destroyed by use,"hierarchy-type:medical-wordnet31-03098030-n,wordnet31:03262580-n",IS_A,FDA physical-head scope and WordNet native inclusion,https://open.fda.gov/apis/device/classification/
hierarchy-type:medical-wordnet31-02732781-n,medical appliance,medical_devices,medical_physical_structure,A medical device that is a appliance. Physical type definition: durable goods for home or office use,"hierarchy-type:medical-wordnet31-03262580-n,wordnet31:02732781-n",IS_A,FDA physical-head scope and WordNet native inclusion,https://open.fda.gov/apis/device/classification/
hierarchy-type:medical-wordnet31-04047920-n,medical humidifier,medical_devices,medical_physical_structure,"A medical device that is a humidifier. Physical type definition: an appliance designed to add moisture to the air in a building; ""The humidifier assures the appropriate moisture level for our paintings""","hierarchy-type:medical-wordnet31-02732781-n,wordnet31:04047920-n",IS_A,FDA physical-head scope and WordNet native inclusion,https://open.fda.gov/apis/device/classification/
hierarchy-type:medical-wordnet31-03313097-n,medical extractor,medical_devices,medical_physical_structure,A medical device that is a extractor. Physical type definition: an instrument for extracting tight-fitting components,"hierarchy-type:medical-wordnet31-03579967-n,wordnet31:03313097-n",IS_A,FDA physical-head scope and WordNet native inclusion,https://open.fda.gov/apis/device/classification/
hierarchy-type:medical-wordnet31-03386077-n,medical forceps,medical_devices,medical_physical_structure,A medical device that is a forceps. Physical type definition: an extractor consisting of a pair of pincers used in medical treatment (especially for the delivery of babies),"hierarchy-type:medical-wordnet31-03313097-n,wordnet31:03386077-n",IS_A,FDA physical-head scope and WordNet native inclusion,https://open.fda.gov/apis/device/classification/
hierarchy-type:medical-wordnet31-04292284-n,medical sports equipment,medical_devices,medical_physical_structure,A medical device that is a sports equipment. Physical type definition: equipment needed to participate in a particular sport,"wikidata:Q6554101,wordnet31:04292284-n",IS_A,FDA physical-head scope and WordNet native inclusion,https://open.fda.gov/apis/device/classification/
hierarchy-type:medical-wordnet31-03477355-n,medical gymnastic apparatus,medical_devices,medical_physical_structure,A medical device that is a gymnastic apparatus. Physical type definition: sports equipment used in gymnastic exercises,"hierarchy-type:medical-wordnet31-04292284-n,wordnet31:03477355-n",IS_A,FDA physical-head scope and WordNet native inclusion,https://open.fda.gov/apis/device/classification/
hierarchy-type:medical-wordnet31-03274312-n,medical electrical device,medical_devices,medical_physical_structure,A medical device that is a electrical device. Physical type definition: a device that produces or is powered by electricity,"wikidata:Q6554101,wordnet31:03274312-n",IS_A,FDA physical-head scope and WordNet native inclusion,https://open.fda.gov/apis/device/classification/
hierarchy-type:medical-wordnet31-04478188-n,medical transducer,medical_devices,medical_physical_structure,A medical device that is a transducer. Physical type definition: an electrical device that converts one form of energy into another,"hierarchy-type:medical-wordnet31-03274312-n,wordnet31:04478188-n",IS_A,FDA physical-head scope and WordNet native inclusion,https://open.fda.gov/apis/device/classification/
hierarchy-type:medical-wordnet31-03569147-n,medical implement,medical_devices,medical_physical_structure,A medical device that is a implement. Physical type definition: instrumentation (a piece of equipment or tool) used to effect an end,"wikidata:Q6554101,wordnet31:03569147-n",IS_A,FDA physical-head scope and WordNet native inclusion,https://open.fda.gov/apis/device/classification/
hierarchy-type:medical-wordnet31-04459089-n,medical tool,medical_devices,medical_physical_structure,A medical device that is a tool. Physical type definition: an implement used in the practice of a vocation,"hierarchy-type:medical-wordnet31-03569147-n,wordnet31:04459089-n",IS_A,FDA physical-head scope and WordNet native inclusion,https://open.fda.gov/apis/device/classification/
hierarchy-type:medical-wordnet31-03494245-n,medical hand tool,medical_devices,medical_physical_structure,A medical device that is a hand tool. Physical type definition: a tool used with workers' hands,"hierarchy-type:medical-wordnet31-04459089-n,wordnet31:03494245-n",IS_A,FDA physical-head scope and WordNet native inclusion,https://open.fda.gov/apis/device/classification/
hierarchy-type:medical-wordnet31-03486255-n,medical hammer,medical_devices,medical_physical_structure,A medical device that is a hammer. Physical type definition: a hand tool with a heavy rigid head and a handle; used to deliver an impulsive force by striking,"hierarchy-type:medical-wordnet31-03494245-n,wordnet31:03486255-n",IS_A,FDA physical-head scope and WordNet native inclusion,https://open.fda.gov/apis/device/classification/
hierarchy-type:medical-wordnet31-03973083-n,medical plexor,medical_devices,medical_physical_structure,A medical device that is a plexor. Physical type definition: (medicine) a small hammer with a rubber head used in percussive examinations of the chest and in testing reflexes,"hierarchy-type:medical-wordnet31-03486255-n,wordnet31:03973083-n",IS_A,FDA physical-head scope and WordNet native inclusion,https://open.fda.gov/apis/device/classification/
hierarchy-type:medical-wordnet31-03095830-n,medical connection,medical_devices,medical_physical_structure,"A medical device that is a connection. Physical type definition: an instrumentality that connects; ""he soldered the connection""; ""he didn't have the right connector between the amplifier and the speakers""","wikidata:Q6554101,wordnet31:03095830-n",IS_A,FDA physical-head scope and WordNet native inclusion,https://open.fda.gov/apis/device/classification/
hierarchy-type:medical-wordnet31-04528257-n,medical vaporizer,medical_devices,medical_physical_structure,A medical device that is a vaporizer. Physical type definition: a device that puts out a substance in the form of a vapor (especially for medicinal inhalation),"wikidata:Q6554101,wordnet31:04528257-n",IS_A,FDA physical-head scope and WordNet native inclusion,https://open.fda.gov/apis/device/classification/
hierarchy-type:medical-wordnet31-03648463-n,medical laryngoscope,medical_devices,medical_physical_structure,A medical device that is a laryngoscope. Physical type definition: a medical instrument for examining the larynx,"hierarchy-type:medical-wordnet31-03745184-n,wordnet31:03648463-n",IS_A,FDA physical-head scope and WordNet native inclusion,https://open.fda.gov/apis/device/classification/
hierarchy-type:medical-wordnet31-02954606-n,medical cannula,medical_devices,medical_physical_structure,A medical device that is a cannula. Physical type definition: a small flexible tube inserted into a body cavity for draining off fluid or introducing medication,"hierarchy-type:medical-wordnet31-04500800-n,wordnet31:02954606-n",IS_A,FDA physical-head scope and WordNet native inclusion,https://open.fda.gov/apis/device/classification/
hierarchy-type:medical-wordnet31-03972657-n,medical plethysmograph,medical_devices,medical_physical_structure,A medical device that is a plethysmograph. Physical type definition: a measuring instrument for measuring changes in volume of a part or organ or whole body (usually resulting from fluctuations in the amount of blood it contains),"hierarchy-type:medical-wordnet31-03739416-n,wordnet31:03972657-n",IS_A,FDA physical-head scope and WordNet native inclusion,https://open.fda.gov/apis/device/classification/
hierarchy-type:medical-wordnet31-03099154-n,medical container,medical_devices,medical_physical_structure,A medical device that is a container. Physical type definition: any object that can be used to hold things (especially a large metal boxlike object of standardized dimensions that can be loaded from one form of transport to another),"wikidata:Q6554101,wordnet31:03099154-n",IS_A,FDA physical-head scope and WordNet native inclusion,https://open.fda.gov/apis/device/classification/
hierarchy-type:medical-wordnet31-03215404-n,medical dispenser,medical_devices,medical_physical_structure,A medical device that is a dispenser. Physical type definition: a container so designed that the contents can be used in prescribed amounts,"hierarchy-type:medical-wordnet31-03099154-n,wordnet31:03215404-n",IS_A,FDA physical-head scope and WordNet native inclusion,https://open.fda.gov/apis/device/classification/
hierarchy-type:medical-wordnet31-02757108-n,medical atomizer,medical_devices,medical_physical_structure,A medical device that is a atomizer. Physical type definition: a dispenser that turns a liquid (such as perfume) into a fine mist,"hierarchy-type:medical-wordnet31-03215404-n,wordnet31:02757108-n",IS_A,FDA physical-head scope and WordNet native inclusion,https://open.fda.gov/apis/device/classification/
hierarchy-type:medical-wordnet31-03093163-n,medical conductor,medical_devices,medical_physical_structure,"A medical device that is a conductor. Physical type definition: a device designed to transmit electricity, heat, etc.","wikidata:Q6554101,wordnet31:03093163-n",IS_A,FDA physical-head scope and WordNet native inclusion,https://open.fda.gov/apis/device/classification/
hierarchy-type:medical-wordnet31-03279707-n,medical electrode,medical_devices,medical_physical_structure,A medical device that is a electrode. Physical type definition: a conductor used to make electrical contact with some part of a circuit,"hierarchy-type:medical-wordnet31-03093163-n,wordnet31:03279707-n",IS_A,FDA physical-head scope and WordNet native inclusion,https://open.fda.gov/apis/device/classification/
hierarchy-type:medical-wordnet31-03857800-n,medical optical instrument,medical_devices,medical_physical_structure,A medical device that is a optical instrument. Physical type definition: an instrument designed to aid vision,"hierarchy-type:medical-wordnet31-03579967-n,wordnet31:03857800-n",IS_A,FDA physical-head scope and WordNet native inclusion,https://open.fda.gov/apis/device/classification/
hierarchy-type:medical-wordnet31-04280183-n,medical spectroscope,medical_devices,medical_physical_structure,A medical device that is a spectroscope. Physical type definition: an optical instrument for spectrographic analysis,"hierarchy-type:medical-wordnet31-03857800-n,wordnet31:04280183-n",IS_A,FDA physical-head scope and WordNet native inclusion,https://open.fda.gov/apis/device/classification/
hierarchy-type:medical-wordnet31-03732007-n,medical mass spectrometer,medical_devices,medical_physical_structure,A medical device that is a mass spectrometer. Physical type definition: spectroscope for obtaining a mass spectrum by deflecting ions into a thin slit and measuring the ion current with an electrometer,"hierarchy-type:medical-wordnet31-04280183-n,wordnet31:03732007-n",IS_A,FDA physical-head scope and WordNet native inclusion,https://open.fda.gov/apis/device/classification/
hierarchy-type:medical-wordnet31-02966939-n,medical cardiograph,medical_devices,medical_physical_structure,A medical device that is a cardiograph. Physical type definition: medical instrument that records electric currents associated with contractions of the heart,"hierarchy-type:medical-wordnet31-03745184-n,wordnet31:02966939-n",IS_A,FDA physical-head scope and WordNet native inclusion,https://open.fda.gov/apis/device/classification/
hierarchy-type:medical-wordnet31-03874321-n,medical oximeter,medical_devices,medical_physical_structure,A medical device that is a oximeter. Physical type definition: a measuring instrument that measures the oxygen in arterial blood,"hierarchy-type:medical-wordnet31-03739416-n,wordnet31:03874321-n",IS_A,FDA physical-head scope and WordNet native inclusion,https://open.fda.gov/apis/device/classification/
hierarchy-type:medical-wordnet31-02681238-n,medical actuator,medical_devices,medical_physical_structure,A medical device that is a actuator. Physical type definition: a mechanism that puts something into automatic action,"hierarchy-type:medical-wordnet31-03743963-n,wordnet31:02681238-n",IS_A,FDA physical-head scope and WordNet native inclusion,https://open.fda.gov/apis/device/classification/
hierarchy-type:medical-wordnet31-03127399-n,medical covering,medical_devices,medical_physical_structure,A medical device that is a covering. Physical type definition: an artifact that covers something else (usually to protect or shelter or conceal it),"wikidata:Q6554101,wordnet31:03127399-n",IS_A,FDA physical-head scope and WordNet native inclusion,https://open.fda.gov/apis/device/classification/
hierarchy-type:medical-wordnet31-03054011-n,medical cloth covering,medical_devices,medical_physical_structure,A medical device that is a cloth covering. Physical type definition: a covering made of cloth,"hierarchy-type:medical-wordnet31-03127399-n,wordnet31:03054011-n",IS_A,FDA physical-head scope and WordNet native inclusion,https://open.fda.gov/apis/device/classification/
hierarchy-type:medical-wordnet31-03242342-n,medical dressing,medical_devices,medical_physical_structure,A medical device that is a dressing. Physical type definition: a cloth covering for a wound or sore,"hierarchy-type:medical-wordnet31-03054011-n,wordnet31:03242342-n",IS_A,FDA physical-head scope and WordNet native inclusion,https://open.fda.gov/apis/device/classification/
hierarchy-type:medical-wordnet31-02788671-n,medical bandage,medical_devices,medical_physical_structure,A medical device that is a bandage. Physical type definition: a piece of soft material that covers and protects an injured part of the body,"hierarchy-type:medical-wordnet31-03242342-n,wordnet31:02788671-n",IS_A,FDA physical-head scope and WordNet native inclusion,https://open.fda.gov/apis/device/classification/
hierarchy-type:medical-wordnet31-03086660-n,medical compression bandage,medical_devices,medical_physical_structure,A medical device that is a compression bandage. Physical type definition: bandage that stops the flow of blood from an artery by applying pressure,"hierarchy-type:medical-wordnet31-02788671-n,wordnet31:03086660-n",IS_A,FDA physical-head scope and WordNet native inclusion,https://open.fda.gov/apis/device/classification/
hierarchy-type:medical-wordnet31-02681751-n,medical adapter,medical_devices,medical_physical_structure,A medical device that is a adapter. Physical type definition: device that enables something to be used in a way different from that for which it was intended or makes different pieces of apparatus compatible,"wikidata:Q6554101,wordnet31:02681751-n",IS_A,FDA physical-head scope and WordNet native inclusion,https://open.fda.gov/apis/device/classification/
hierarchy-type:medical-wordnet31-03116550-n,medical corrective,medical_devices,medical_physical_structure,A medical device that is a corrective. Physical type definition: a device for treating injury or disease,"wikidata:Q6554101,wordnet31:03116550-n",IS_A,FDA physical-head scope and WordNet native inclusion,https://open.fda.gov/apis/device/classification/
hierarchy-type:medical-wordnet31-04020105-n,medical prosthesis,medical_devices,medical_physical_structure,A medical device that is a prosthesis. Physical type definition: corrective consisting of a replacement for a part of the body,"hierarchy-type:medical-wordnet31-03116550-n,wordnet31:04020105-n",IS_A,FDA physical-head scope and WordNet native inclusion,https://open.fda.gov/apis/device/classification/
hierarchy-type:medical-wordnet31-03282682-n,medical electronic device,medical_devices,medical_physical_structure,A medical device that is a electronic device. Physical type definition: a device that accomplishes its purpose electronically,"wikidata:Q6554101,wordnet31:03282682-n",IS_A,FDA physical-head scope and WordNet native inclusion,https://open.fda.gov/apis/device/classification/
hierarchy-type:medical-wordnet31-03439195-n,medical generator,medical_devices,medical_physical_structure,A medical device that is a generator. Physical type definition: an electronic device for producing a signal voltage,"hierarchy-type:medical-wordnet31-03282682-n,wordnet31:03439195-n",IS_A,FDA physical-head scope and WordNet native inclusion,https://open.fda.gov/apis/device/classification/
hierarchy-type:medical-wordnet31-04027897-n,medical pulse generator,medical_devices,medical_physical_structure,A medical device that is a pulse generator. Physical type definition: a generator of single or multiple voltage pulses; usually adjustable for pulse rate,"hierarchy-type:medical-wordnet31-03439195-n,wordnet31:04027897-n",IS_A,FDA physical-head scope and WordNet native inclusion,https://open.fda.gov/apis/device/classification/
hierarchy-type:medical-wordnet31-03513629-n,medical heat exchanger,medical_devices,medical_physical_structure,A medical device that is a heat exchanger. Physical type definition: device that transfers heat from one liquid to another without allowing them to mix,"wikidata:Q6554101,wordnet31:03513629-n",IS_A,FDA physical-head scope and WordNet native inclusion,https://open.fda.gov/apis/device/classification/
hierarchy-type:medical-wordnet31-03185635-n,medical detector,medical_devices,medical_physical_structure,A medical device that is a detector. Physical type definition: any device that receives a signal or stimulus (as heat or pressure or light or motion etc.) and responds to it in a distinctive manner,"wikidata:Q6554101,wordnet31:03185635-n",IS_A,FDA physical-head scope and WordNet native inclusion,https://open.fda.gov/apis/device/classification/
hierarchy-type:medical-wordnet31-03531007-n,medical holding device,medical_devices,medical_physical_structure,A medical device that is a holding device. Physical type definition: a device for holding something,"wikidata:Q6554101,wordnet31:03531007-n",IS_A,FDA physical-head scope and WordNet native inclusion,https://open.fda.gov/apis/device/classification/
hierarchy-type:medical-wordnet31-03040851-n,medical clamp,medical_devices,medical_physical_structure,A medical device that is a clamp. Physical type definition: a device (generally used by carpenters) that holds things firmly together,"hierarchy-type:medical-wordnet31-03531007-n,wordnet31:03040851-n",IS_A,FDA physical-head scope and WordNet native inclusion,https://open.fda.gov/apis/device/classification/
hierarchy-type:medical-wordnet31-04267699-n,medical sonograph,medical_devices,medical_physical_structure,A medical device that is a sonograph. Physical type definition: an instrument that uses the differential transmission and reflection of ultrasonic waves in order to provide an image of a bodily organ,"hierarchy-type:medical-wordnet31-03579967-n,wordnet31:04267699-n",IS_A,FDA physical-head scope and WordNet native inclusion,https://open.fda.gov/apis/device/classification/
hierarchy-type:medical-wordnet31-03268669-n,medical echocardiograph,medical_devices,medical_physical_structure,A medical device that is a echocardiograph. Physical type definition: a sonograph that creates an image of the heart and its abnormalities,"hierarchy-type:medical-wordnet31-04267699-n,wordnet31:03268669-n",IS_A,FDA physical-head scope and WordNet native inclusion,https://open.fda.gov/apis/device/classification/
hierarchy-type:medical-wordnet31-02732963-n,medical appliance,medical_devices,medical_physical_structure,A medical device that is a appliance. Physical type definition: a device or control that is very useful for a particular job,"wikidata:Q6554101,wordnet31:02732963-n",IS_A,FDA physical-head scope and WordNet native inclusion,https://open.fda.gov/apis/device/classification/
hierarchy-type:medical-wordnet31-03576590-n,medical injector,medical_devices,medical_physical_structure,"A medical device that is a injector. Physical type definition: a contrivance for injecting (e.g., water into the boiler of a steam engine or particles into an accelerator etc.)","hierarchy-type:medical-wordnet31-02732963-n,wordnet31:03576590-n",IS_A,FDA physical-head scope and WordNet native inclusion,https://open.fda.gov/apis/device/classification/
hierarchy-type:medical-wordnet31-02784787-n,medical ballistocardiograph,medical_devices,medical_physical_structure,A medical device that is a ballistocardiograph. Physical type definition: a medical instrument that measures the mechanical force of cardiac contractions and the amount of blood passing through the heart during a specified period by measuring the recoil of the body as blood is pumped from the ventricles,"hierarchy-type:medical-wordnet31-03745184-n,wordnet31:02784787-n",IS_A,FDA physical-head scope and WordNet native inclusion,https://open.fda.gov/apis/device/classification/
hierarchy-type:medical-wordnet31-03568890-n,medical implant,medical_devices,medical_physical_structure,A medical device that is a implant. Physical type definition: a prosthesis placed permanently in tissue,"hierarchy-type:medical-wordnet31-04020105-n,wordnet31:03568890-n",IS_A,FDA physical-head scope and WordNet native inclusion,https://open.fda.gov/apis/device/classification/
hierarchy-type:medical-wordnet31-04538393-n,medical vessel,medical_devices,medical_physical_structure,A medical device that is a vessel. Physical type definition: an object used as a container (especially for liquids),"hierarchy-type:medical-wordnet31-03099154-n,wordnet31:04538393-n",IS_A,FDA physical-head scope and WordNet native inclusion,https://open.fda.gov/apis/device/classification/
hierarchy-type:medical-wordnet31-02761965-n,medical autoclave,medical_devices,medical_physical_structure,A medical device that is a autoclave. Physical type definition: a device for heating substances above their boiling point; used to manufacture chemicals or to sterilize surgical instruments,"hierarchy-type:medical-wordnet31-04538393-n,wordnet31:02761965-n",IS_A,FDA physical-head scope and WordNet native inclusion,https://open.fda.gov/apis/device/classification/
hierarchy-type:medical-wordnet31-03256469-n,medical dryer,medical_devices,medical_physical_structure,A medical device that is a dryer. Physical type definition: an appliance that removes moisture,"hierarchy-type:medical-wordnet31-02732781-n,wordnet31:03256469-n",IS_A,FDA physical-head scope and WordNet native inclusion,https://open.fda.gov/apis/device/classification/
hierarchy-type:medical-wordnet31-04068016-n,medical receptacle,medical_devices,medical_physical_structure,A medical device that is a receptacle. Physical type definition: a container that is used to put or keep things in,"hierarchy-type:medical-wordnet31-03099154-n,wordnet31:04068016-n",IS_A,FDA physical-head scope and WordNet native inclusion,https://open.fda.gov/apis/device/classification/
hierarchy-type:medical-wordnet31-04483494-n,medical tray,medical_devices,medical_physical_structure,A medical device that is a tray. Physical type definition: an open receptacle for holding or displaying or serving articles or food,"hierarchy-type:medical-wordnet31-04068016-n,wordnet31:04483494-n",IS_A,FDA physical-head scope and WordNet native inclusion,https://open.fda.gov/apis/device/classification/
hierarchy-type:medical-wordnet31-04383963-n,medical syringe,medical_devices,medical_physical_structure,A medical device that is a syringe. Physical type definition: a medical instrument used to inject or withdraw fluids,"hierarchy-type:medical-wordnet31-03745184-n,wordnet31:04383963-n",IS_A,FDA physical-head scope and WordNet native inclusion,https://open.fda.gov/apis/device/classification/
hierarchy-type:medical-wordnet31-04090912-n,medical retractor,medical_devices,medical_physical_structure,A medical device that is a retractor. Physical type definition: surgical instrument that holds back the edges of a surgical incision,"hierarchy-type:medical-wordnet31-04371632-n,wordnet31:04090912-n",IS_A,FDA physical-head scope and WordNet native inclusion,https://open.fda.gov/apis/device/classification/
hierarchy-type:medical-wordnet31-02733263-n,medical applicator,medical_devices,medical_physical_structure,A medical device that is a applicator. Physical type definition: a device for applying a substance,"wikidata:Q6554101,wordnet31:02733263-n",IS_A,FDA physical-head scope and WordNet native inclusion,https://open.fda.gov/apis/device/classification/
hierarchy-type:medical-wordnet31-03174056-n,medical decoration,medical_devices,medical_physical_structure,A medical device that is a decoration. Physical type definition: something used to beautify,"wikidata:Q6554101,wordnet31:03174056-n",IS_A,FDA physical-head scope and WordNet native inclusion,https://open.fda.gov/apis/device/classification/
hierarchy-type:medical-wordnet31-02684372-n,medical adornment,medical_devices,medical_physical_structure,A medical device that is a adornment. Physical type definition: a decoration of color or interest that is added to relieve plainness,"hierarchy-type:medical-wordnet31-03174056-n,wordnet31:02684372-n",IS_A,FDA physical-head scope and WordNet native inclusion,https://open.fda.gov/apis/device/classification/
hierarchy-type:medical-wordnet31-03602662-n,medical jewelry,medical_devices,medical_physical_structure,A medical device that is a jewelry. Physical type definition: an adornment (as a bracelet or ring or necklace) made of precious metals and set with gems (or imitation gems),"hierarchy-type:medical-wordnet31-02684372-n,wordnet31:03602662-n",IS_A,FDA physical-head scope and WordNet native inclusion,https://open.fda.gov/apis/device/classification/
hierarchy-type:medical-wordnet31-03946989-n,medical pin,medical_devices,medical_physical_structure,A medical device that is a pin. Physical type definition: a piece of jewelry that is pinned onto the wearer's garment,"hierarchy-type:medical-wordnet31-03602662-n,wordnet31:03946989-n",IS_A,FDA physical-head scope and WordNet native inclusion,https://open.fda.gov/apis/device/classification/
hierarchy-type:medical-wordnet31-02909763-n,medical brooch,medical_devices,medical_physical_structure,A medical device that is a brooch. Physical type definition: a decorative pin worn by women,"hierarchy-type:medical-wordnet31-03946989-n,wordnet31:02909763-n",IS_A,FDA physical-head scope and WordNet native inclusion,https://open.fda.gov/apis/device/classification/
hierarchy-type:medical-wordnet31-03705309-n,medical machine,medical_devices,medical_physical_structure,A medical device that is a machine. Physical type definition: any mechanical or electrical device that transmits or modifies energy to perform or assist in the performance of human tasks,"wikidata:Q6554101,wordnet31:03705309-n",IS_A,FDA physical-head scope and WordNet native inclusion,https://open.fda.gov/apis/device/classification/
hierarchy-type:medical-wordnet31-02942270-n,medical calculator,medical_devices,medical_physical_structure,A medical device that is a calculator. Physical type definition: a small machine that is used for mathematical calculations; can be mechanical or electronic,"hierarchy-type:medical-wordnet31-03705309-n,wordnet31:02942270-n",IS_A,FDA physical-head scope and WordNet native inclusion,https://open.fda.gov/apis/device/classification/
hierarchy-type:medical-wordnet31-03121418-n,medical counter,medical_devices,medical_physical_structure,A medical device that is a counter. Physical type definition: a calculator that keeps a record of the number of times something happens,"hierarchy-type:medical-wordnet31-02942270-n,wordnet31:03121418-n",IS_A,FDA physical-head scope and WordNet native inclusion,https://open.fda.gov/apis/device/classification/
hierarchy-type:medical-wordnet31-04027756-n,medical pulse counter,medical_devices,medical_physical_structure,A medical device that is a pulse counter. Physical type definition: an electronic counter that counts the number of electric pulses,"hierarchy-type:medical-wordnet31-03121418-n,wordnet31:04027756-n",IS_A,FDA physical-head scope and WordNet native inclusion,https://open.fda.gov/apis/device/classification/
hierarchy-type:medical-wordnet31-04149240-n,medical scaler,medical_devices,medical_physical_structure,A medical device that is a scaler. Physical type definition: an electronic pulse counter used to count pulses that occur too rapidly to be recorded individually,"hierarchy-type:medical-wordnet31-04027756-n,wordnet31:04149240-n",IS_A,FDA physical-head scope and WordNet native inclusion,https://open.fda.gov/apis/device/classification/
hierarchy-type:medical-wordnet31-03180270-n,medical dental appliance,medical_devices,medical_physical_structure,A medical device that is a dental appliance. Physical type definition: a device to repair teeth or replace missing teeth,"wikidata:Q6554101,wordnet31:03180270-n",IS_A,FDA physical-head scope and WordNet native inclusion,https://open.fda.gov/apis/device/classification/
hierarchy-type:medical-wordnet31-03181052-n,medical denture,medical_devices,medical_physical_structure,A medical device that is a denture. Physical type definition: a dental appliance that artificially replaces missing teeth,"hierarchy-type:medical-wordnet31-03180270-n,wordnet31:03181052-n",IS_A,FDA physical-head scope and WordNet native inclusion,https://open.fda.gov/apis/device/classification/
hierarchy-type:medical-wordnet31-03519595-n,medical hemostat,medical_devices,medical_physical_structure,A medical device that is a hemostat. Physical type definition: a surgical instrument that stops bleeding by clamping the blood vessel,"hierarchy-type:medical-wordnet31-04371632-n,wordnet31:03519595-n",IS_A,FDA physical-head scope and WordNet native inclusion,https://open.fda.gov/apis/device/classification/
hierarchy-type:medical-wordnet31-03159112-n,medical cutting implement,medical_devices,medical_physical_structure,A medical device that is a cutting implement. Physical type definition: a tool used for cutting or slicing,"hierarchy-type:medical-wordnet31-04459089-n,wordnet31:03159112-n",IS_A,FDA physical-head scope and WordNet native inclusion,https://open.fda.gov/apis/device/classification/
hierarchy-type:medical-wordnet31-03158739-n,medical cutter,medical_devices,medical_physical_structure,A medical device that is a cutter. Physical type definition: a cutting implement; a tool for cutting,"hierarchy-type:medical-wordnet31-03159112-n,wordnet31:03158739-n",IS_A,FDA physical-head scope and WordNet native inclusion,https://open.fda.gov/apis/device/classification/
hierarchy-type:medical-wordnet31-03269943-n,medical edge tool,medical_devices,medical_physical_structure,A medical device that is a edge tool. Physical type definition: any cutting tool with a sharp cutting edge (as a chisel or knife or plane or gouge),"hierarchy-type:medical-wordnet31-03158739-n,wordnet31:03269943-n",IS_A,FDA physical-head scope and WordNet native inclusion,https://open.fda.gov/apis/device/classification/
hierarchy-type:medical-wordnet31-03024375-n,medical chisel,medical_devices,medical_physical_structure,A medical device that is a chisel. Physical type definition: an edge tool with a flat steel blade with a cutting edge,"hierarchy-type:medical-wordnet31-03269943-n,wordnet31:03024375-n",IS_A,FDA physical-head scope and WordNet native inclusion,https://open.fda.gov/apis/device/classification/
hierarchy-type:medical-wordnet31-03529754-n,medical hoe,medical_devices,medical_physical_structure,A medical device that is a hoe. Physical type definition: a tool with a flat blade attached at right angles to a long handle,"hierarchy-type:medical-wordnet31-04459089-n,wordnet31:03529754-n",IS_A,FDA physical-head scope and WordNet native inclusion,https://open.fda.gov/apis/device/classification/
hierarchy-type:medical-wordnet31-03971038-n,medical plaything,medical_devices,medical_physical_structure,A medical device that is a plaything. Physical type definition: an artifact designed to be played with,"wikidata:Q6554101,wordnet31:03971038-n",IS_A,FDA physical-head scope and WordNet native inclusion,https://open.fda.gov/apis/device/classification/
hierarchy-type:medical-wordnet31-02785352-n,medical balloon,medical_devices,medical_physical_structure,A medical device that is a balloon. Physical type definition: small thin inflatable rubber bag with narrow neck,"hierarchy-type:medical-wordnet31-03971038-n,wordnet31:02785352-n",IS_A,FDA physical-head scope and WordNet native inclusion,https://open.fda.gov/apis/device/classification/
hierarchy-type:medical-wordnet31-04154560-n,medical scientific instrument,medical_devices,medical_physical_structure,A medical device that is a scientific instrument. Physical type definition: an instrument used by scientists,"hierarchy-type:medical-wordnet31-03579967-n,wordnet31:04154560-n",IS_A,FDA physical-head scope and WordNet native inclusion,https://open.fda.gov/apis/device/classification/
hierarchy-type:medical-wordnet31-03714745-n,medical magnifier,medical_devices,medical_physical_structure,A medical device that is a magnifier. Physical type definition: a scientific instrument that magnifies an image,"hierarchy-type:medical-wordnet31-04154560-n,wordnet31:03714745-n",IS_A,FDA physical-head scope and WordNet native inclusion,https://open.fda.gov/apis/device/classification/
hierarchy-type:medical-wordnet31-04410773-n,medical telescope,medical_devices,medical_physical_structure,A medical device that is a telescope. Physical type definition: a magnifier of images of distant objects,"hierarchy-type:medical-wordnet31-03714745-n,wordnet31:04410773-n",IS_A,FDA physical-head scope and WordNet native inclusion,https://open.fda.gov/apis/device/classification/
hierarchy-type:medical-wordnet31-03766206-n,medical microscope,medical_devices,medical_physical_structure,"A medical device that is a microscope. Physical type definition: magnifier of the image of small objects; ""the invention of the microscope led to the discovery of the cell""","hierarchy-type:medical-wordnet31-03714745-n,wordnet31:03766206-n",IS_A,FDA physical-head scope and WordNet native inclusion,https://open.fda.gov/apis/device/classification/
hierarchy-type:medical-wordnet31-03856861-n,medical optical device,medical_devices,medical_physical_structure,A medical device that is a optical device. Physical type definition: a device for producing or controlling light,"wikidata:Q6554101,wordnet31:03856861-n",IS_A,FDA physical-head scope and WordNet native inclusion,https://open.fda.gov/apis/device/classification/
hierarchy-type:medical-wordnet31-03648567-n,medical laser,medical_devices,medical_physical_structure,A medical device that is a laser. Physical type definition: an acronym for light amplification by stimulated emission of radiation; an optical device that produces an intense monochromatic beam of coherent light,"hierarchy-type:medical-wordnet31-03856861-n,wordnet31:03648567-n",IS_A,FDA physical-head scope and WordNet native inclusion,https://open.fda.gov/apis/device/classification/
hierarchy-type:medical-wordnet31-02760342-n,medical audiometer,medical_devices,medical_physical_structure,A medical device that is a audiometer. Physical type definition: an instrument used to measure the sensitivity of hearing,"hierarchy-type:medical-wordnet31-03739416-n,wordnet31:02760342-n",IS_A,FDA physical-head scope and WordNet native inclusion,https://open.fda.gov/apis/device/classification/
hierarchy-type:medical-wordnet31-03055525-n,medical clothing,medical_devices,medical_physical_structure,A medical device that is a clothing. Physical type definition: a covering designed to be worn on a person's body,"hierarchy-type:medical-wordnet31-03098030-n,hierarchy-type:medical-wordnet31-03127399-n,wordnet31:03055525-n",IS_A,FDA physical-head scope and WordNet native inclusion,https://open.fda.gov/apis/device/classification/
hierarchy-type:medical-wordnet31-03423924-n,medical garment,medical_devices,medical_physical_structure,"A medical device that is a garment. Physical type definition: an article of clothing; ""garments of the finest silk""","hierarchy-type:medical-wordnet31-03055525-n,wordnet31:03423924-n",IS_A,FDA physical-head scope and WordNet native inclusion,https://open.fda.gov/apis/device/classification/
hierarchy-type:medical-wordnet31-04321873-n,medical stent,medical_devices,medical_physical_structure,A medical device that is a stent. Physical type definition: a slender tube inserted inside a tubular body part (as a blood vessel) to provide support during and after surgical anastomosis,"hierarchy-type:medical-wordnet31-04500800-n,wordnet31:04321873-n",IS_A,FDA physical-head scope and WordNet native inclusion,https://open.fda.gov/apis/device/classification/
hierarchy-type:medical-wordnet31-03291483-n,medical endoscope,medical_devices,medical_physical_structure,A medical device that is a endoscope. Physical type definition: a long slender medical instrument for examining the interior of a bodily organ or performing minor surgery,"hierarchy-type:medical-wordnet31-03745184-n,wordnet31:03291483-n",IS_A,FDA physical-head scope and WordNet native inclusion,https://open.fda.gov/apis/device/classification/
hierarchy-type:medical-wordnet31-04224454-n,medical sigmoidoscope,medical_devices,medical_physical_structure,A medical device that is a sigmoidoscope. Physical type definition: an endoscope (a flexible fiberoptic probe) for examining the sigmoid colon,"hierarchy-type:medical-wordnet31-03291483-n,wordnet31:04224454-n",IS_A,FDA physical-head scope and WordNet native inclusion,https://open.fda.gov/apis/device/classification/
hierarchy-type:medical-wordnet31-04270870-n,medical source of illumination,medical_devices,medical_physical_structure,A medical device that is a source of illumination. Physical type definition: any device serving as a source of visible electromagnetic radiation,"wikidata:Q6554101,wordnet31:04270870-n",IS_A,FDA physical-head scope and WordNet native inclusion,https://open.fda.gov/apis/device/classification/
hierarchy-type:medical-wordnet31-03670692-n,medical light,medical_devices,medical_physical_structure,"A medical device that is a light. Physical type definition: any device serving as a source of illumination; ""he stopped the car and turned off the lights""","hierarchy-type:medical-wordnet31-04270870-n,wordnet31:03670692-n",IS_A,FDA physical-head scope and WordNet native inclusion,https://open.fda.gov/apis/device/classification/
hierarchy-type:medical-wordnet31-03509141-n,medical headlight,medical_devices,medical_physical_structure,A medical device that is a headlight. Physical type definition: a powerful light with reflector; attached to the front of an automobile or locomotive,"hierarchy-type:medical-wordnet31-03670692-n,wordnet31:03509141-n",IS_A,FDA physical-head scope and WordNet native inclusion,https://open.fda.gov/apis/device/classification/
hierarchy-type:medical-wordnet31-04346369-n,medical strip,medical_devices,medical_physical_structure,A medical device that is a strip. Physical type definition: artifact consisting of a narrow flat piece of material,"wikidata:Q6554101,wordnet31:04346369-n",IS_A,FDA physical-head scope and WordNet native inclusion,https://open.fda.gov/apis/device/classification/
hierarchy-type:medical-wordnet31-02787241-n,medical band,medical_devices,medical_physical_structure,A medical device that is a band. Physical type definition: a thin flat strip of flexible material that is worn around the body or one of the limbs (especially to decorate the body),"hierarchy-type:medical-wordnet31-04346369-n,wordnet31:02787241-n",IS_A,FDA physical-head scope and WordNet native inclusion,https://open.fda.gov/apis/device/classification/
hierarchy-type:medical-wordnet31-04614890-n,medical wristlet,medical_devices,medical_physical_structure,A medical device that is a wristlet. Physical type definition: a band or bracelet worn around the wrist,"hierarchy-type:medical-wordnet31-02787241-n,wordnet31:04614890-n",IS_A,FDA physical-head scope and WordNet native inclusion,https://open.fda.gov/apis/device/classification/
hierarchy-type:medical-wordnet31-03301892-n,medical esophagoscope,medical_devices,medical_physical_structure,A medical device that is a esophagoscope. Physical type definition: an optical instrument for examining the inside of the esophagus,"hierarchy-type:medical-wordnet31-03857800-n,wordnet31:03301892-n",IS_A,FDA physical-head scope and WordNet native inclusion,https://open.fda.gov/apis/device/classification/
hierarchy-type:medical-wordnet31-03845847-n,medical obturator,medical_devices,medical_physical_structure,A medical device that is a obturator. Physical type definition: a prosthesis used to close an opening (as to close an opening of the hard palate in cases of cleft palate),"hierarchy-type:medical-wordnet31-04020105-n,wordnet31:03845847-n",IS_A,FDA physical-head scope and WordNet native inclusion,https://open.fda.gov/apis/device/classification/
hierarchy-type:medical-wordnet31-03146353-n,medical crusher,medical_devices,medical_physical_structure,A medical device that is a crusher. Physical type definition: a device that crushes something,"wikidata:Q6554101,wordnet31:03146353-n",IS_A,FDA physical-head scope and WordNet native inclusion,https://open.fda.gov/apis/device/classification/
hierarchy-type:medical-wordnet31-03192435-n,medical dialyzer,medical_devices,medical_physical_structure,A medical device that is a dialyzer. Physical type definition: a medical instrument for separating substances in solution by unequal diffusion through semipermeable membranes,"hierarchy-type:medical-wordnet31-03745184-n,wordnet31:03192435-n",IS_A,FDA physical-head scope and WordNet native inclusion,https://open.fda.gov/apis/device/classification/
hierarchy-type:medical-wordnet31-03434198-n,medical gauge,medical_devices,medical_physical_structure,A medical device that is a gauge. Physical type definition: a measuring instrument for measuring and indicating a quantity such as the thickness of wire or the amount of rain etc.,"hierarchy-type:medical-wordnet31-03739416-n,wordnet31:03434198-n",IS_A,FDA physical-head scope and WordNet native inclusion,https://open.fda.gov/apis/device/classification/
hierarchy-type:medical-wordnet31-04007857-n,medical pressure gauge,medical_devices,medical_physical_structure,A medical device that is a pressure gauge. Physical type definition: gauge for measuring and indicating fluid pressure,"hierarchy-type:medical-wordnet31-03434198-n,wordnet31:04007857-n",IS_A,FDA physical-head scope and WordNet native inclusion,https://open.fda.gov/apis/device/classification/
hierarchy-type:medical-wordnet31-03723874-n,medical manometer,medical_devices,medical_physical_structure,A medical device that is a manometer. Physical type definition: a pressure gauge for comparing pressures of a gas,"hierarchy-type:medical-wordnet31-04007857-n,wordnet31:03723874-n",IS_A,FDA physical-head scope and WordNet native inclusion,https://open.fda.gov/apis/device/classification/
hierarchy-type:medical-wordnet31-04429007-n,medical thermometer,medical_devices,medical_physical_structure,A medical device that is a thermometer. Physical type definition: measuring instrument for measuring temperature,"hierarchy-type:medical-wordnet31-03739416-n,wordnet31:04429007-n",IS_A,FDA physical-head scope and WordNet native inclusion,https://open.fda.gov/apis/device/classification/
hierarchy-type:medical-wordnet31-03101611-n,medical control,medical_devices,medical_physical_structure,"A medical device that is a control. Physical type definition: a mechanism that controls the operation of a machine; ""the speed controller on his turntable was not working properly""; ""I turned the controls over to her""","hierarchy-type:medical-wordnet31-03743963-n,wordnet31:03101611-n",IS_A,FDA physical-head scope and WordNet native inclusion,https://open.fda.gov/apis/device/classification/
hierarchy-type:medical-wordnet31-04079305-n,medical regulator,medical_devices,medical_physical_structure,"A medical device that is a regulator. Physical type definition: any of various controls or devices for regulating or controlling fluid flow, pressure, temperature, etc.","hierarchy-type:medical-wordnet31-03101611-n,wordnet31:04079305-n",IS_A,FDA physical-head scope and WordNet native inclusion,https://open.fda.gov/apis/device/classification/
hierarchy-type:medical-wordnet31-03330033-n,medical faucet,medical_devices,medical_physical_structure,A medical device that is a faucet. Physical type definition: a regulator for controlling the flow of a liquid from a reservoir,"hierarchy-type:medical-wordnet31-04079305-n,wordnet31:03330033-n",IS_A,FDA physical-head scope and WordNet native inclusion,https://open.fda.gov/apis/device/classification/
hierarchy-type:medical-wordnet31-04334820-n,medical stopcock,medical_devices,medical_physical_structure,A medical device that is a stopcock. Physical type definition: faucet consisting of a rotating device for regulating flow of a liquid,"hierarchy-type:medical-wordnet31-03330033-n,wordnet31:04334820-n",IS_A,FDA physical-head scope and WordNet native inclusion,https://open.fda.gov/apis/device/classification/
hierarchy-type:medical-wordnet31-02730750-n,medical apparatus,medical_devices,medical_physical_structure,A medical device that is a apparatus. Physical type definition: equipment designed to serve a specific function,"wikidata:Q6554101,wordnet31:02730750-n",IS_A,FDA physical-head scope and WordNet native inclusion,https://open.fda.gov/apis/device/classification/
hierarchy-type:medical-wordnet31-03572246-n,medical incubator,medical_devices,medical_physical_structure,A medical device that is a incubator. Physical type definition: apparatus consisting of a box designed to maintain a constant temperature by the use of a thermostat; used for chicks or premature infants,"hierarchy-type:medical-wordnet31-02730750-n,wordnet31:03572246-n",IS_A,FDA physical-head scope and WordNet native inclusion,https://open.fda.gov/apis/device/classification/
hierarchy-type:medical-wordnet31-03878742-n,medical padding,medical_devices,medical_physical_structure,A medical device that is a padding. Physical type definition: artifact consisting of soft or resilient material used to fill or give shape or protect or add comfort,"wikidata:Q6554101,wordnet31:03878742-n",IS_A,FDA physical-head scope and WordNet native inclusion,https://open.fda.gov/apis/device/classification/
hierarchy-type:medical-wordnet31-03878173-n,medical pad,medical_devices,medical_physical_structure,"A medical device that is a pad. Physical type definition: a flat mass of soft material used for protection, stuffing, or comfort","hierarchy-type:medical-wordnet31-03878742-n,wordnet31:03878173-n",IS_A,FDA physical-head scope and WordNet native inclusion,https://open.fda.gov/apis/device/classification/
hierarchy-type:medical-wordnet31-03736655-n,medical mattress,medical_devices,medical_physical_structure,"A medical device that is a mattress. Physical type definition: a large thick pad filled with resilient material and often incorporating coiled springs, used as a bed or part of a bed","hierarchy-type:medical-wordnet31-03878173-n,wordnet31:03736655-n",IS_A,FDA physical-head scope and WordNet native inclusion,https://open.fda.gov/apis/device/classification/
hierarchy-type:medical-wordnet31-03359459-n,medical fixture,medical_devices,medical_physical_structure,A medical device that is a fixture. Physical type definition: an object firmly fixed in place (especially in a household),"wikidata:Q6554101,wordnet31:03359459-n",IS_A,FDA physical-head scope and WordNet native inclusion,https://open.fda.gov/apis/device/classification/
hierarchy-type:medical-wordnet31-03975617-n,medical plumbing fixture,medical_devices,medical_physical_structure,A medical device that is a plumbing fixture. Physical type definition: a fixture for the distribution and use of water in a building,"hierarchy-type:medical-wordnet31-03359459-n,wordnet31:03975617-n",IS_A,FDA physical-head scope and WordNet native inclusion,https://open.fda.gov/apis/device/classification/
hierarchy-type:medical-wordnet31-04523286-n,medical urinal,medical_devices,medical_physical_structure,A medical device that is a urinal. Physical type definition: a plumbing fixture (usually attached to the wall) used by men to urinate,"hierarchy-type:medical-wordnet31-03975617-n,wordnet31:04523286-n",IS_A,FDA physical-head scope and WordNet native inclusion,https://open.fda.gov/apis/device/classification/
hierarchy-type:medical-wordnet31-02824337-n,medical bedpan,medical_devices,medical_physical_structure,A medical device that is a bedpan. Physical type definition: a shallow vessel used by a bedridden patient for defecation and urination,"hierarchy-type:medical-wordnet31-04538393-n,wordnet31:02824337-n",IS_A,FDA physical-head scope and WordNet native inclusion,https://open.fda.gov/apis/device/classification/
hierarchy-type:medical-wordnet31-04032447-n,medical purifier,medical_devices,medical_physical_structure,A medical device that is a purifier. Physical type definition: an apparatus for removing impurities,"hierarchy-type:medical-wordnet31-02730750-n,wordnet31:04032447-n",IS_A,FDA physical-head scope and WordNet native inclusion,https://open.fda.gov/apis/device/classification/
hierarchy-type:medical-wordnet31-03673155-n,medical light microscope,medical_devices,medical_physical_structure,A medical device that is a light microscope. Physical type definition: microscope consisting of an optical instrument that magnifies the image of an object,"hierarchy-type:medical-wordnet31-03766206-n,wordnet31:03673155-n",IS_A,FDA physical-head scope and WordNet native inclusion,https://open.fda.gov/apis/device/classification/
hierarchy-type:medical-wordnet31-03490014-n,medical hand glass,medical_devices,medical_physical_structure,"A medical device that is a hand glass. Physical type definition: light microscope consisting of a single convex lens that is used to produce an enlarged image; ""the magnifying glass was invented by Roger Bacon in 1250""","hierarchy-type:medical-wordnet31-03673155-n,wordnet31:03490014-n",IS_A,FDA physical-head scope and WordNet native inclusion,https://open.fda.gov/apis/device/classification/
hierarchy-type:medical-wordnet31-03697848-n,medical loupe,medical_devices,medical_physical_structure,A medical device that is a loupe. Physical type definition: small magnifying glass (usually set in an eyepiece) used by jewelers and horologists,"hierarchy-type:medical-wordnet31-03490014-n,wordnet31:03697848-n",IS_A,FDA physical-head scope and WordNet native inclusion,https://open.fda.gov/apis/device/classification/
hierarchy-type:medical-wordnet31-03075292-n,medical colonoscope,medical_devices,medical_physical_structure,A medical device that is a colonoscope. Physical type definition: an elongated fiberoptic endoscope for examining the entire colon from cecum to rectum,"hierarchy-type:medical-wordnet31-03291483-n,wordnet31:03075292-n",IS_A,FDA physical-head scope and WordNet native inclusion,https://open.fda.gov/apis/device/classification/
hierarchy-type:medical-wordnet31-04310635-n,medical stapler,medical_devices,medical_physical_structure,A medical device that is a stapler. Physical type definition: a machine that inserts staples into sheets of paper in order to fasten them together,"hierarchy-type:medical-wordnet31-03705309-n,wordnet31:04310635-n",IS_A,FDA physical-head scope and WordNet native inclusion,https://open.fda.gov/apis/device/classification/
hierarchy-type:medical-wordnet31-04013791-n,medical proctoscope,medical_devices,medical_physical_structure,A medical device that is a proctoscope. Physical type definition: an endoscope for examining the rectum,"hierarchy-type:medical-wordnet31-03291483-n,wordnet31:04013791-n",IS_A,FDA physical-head scope and WordNet native inclusion,https://open.fda.gov/apis/device/classification/
hierarchy-type:medical-wordnet31-03647458-n,medical laparoscope,medical_devices,medical_physical_structure,A medical device that is a laparoscope. Physical type definition: a slender endoscope inserted through an incision in the abdominal wall in order to examine the abdominal organs or to perform minor surgery,"hierarchy-type:medical-wordnet31-03291483-n,wordnet31:03647458-n",IS_A,FDA physical-head scope and WordNet native inclusion,https://open.fda.gov/apis/device/classification/
hierarchy-type:medical-wordnet31-03431372-n,medical gastroscope,medical_devices,medical_physical_structure,A medical device that is a gastroscope. Physical type definition: a type of endoscope for visually examining the stomach,"hierarchy-type:medical-wordnet31-03291483-n,wordnet31:03431372-n",IS_A,FDA physical-head scope and WordNet native inclusion,https://open.fda.gov/apis/device/classification/
hierarchy-type:medical-wordnet31-04478550-n,medical transformer,medical_devices,medical_physical_structure,A medical device that is a transformer. Physical type definition: an electrical device by which alternating current of one voltage is changed to another voltage,"hierarchy-type:medical-wordnet31-03274312-n,wordnet31:04478550-n",IS_A,FDA physical-head scope and WordNet native inclusion,https://open.fda.gov/apis/device/classification/
hierarchy-type:medical-wordnet31-03182982-n,medical dermatome,medical_devices,medical_physical_structure,A medical device that is a dermatome. Physical type definition: a surgical instrument used to cut very thin slices of skin,"hierarchy-type:medical-wordnet31-04371632-n,wordnet31:03182982-n",IS_A,FDA physical-head scope and WordNet native inclusion,https://open.fda.gov/apis/device/classification/
hierarchy-type:medical-wordnet31-02999605-n,medical centrifuge,medical_devices,medical_physical_structure,A medical device that is a centrifuge. Physical type definition: an apparatus that uses centrifugal force to separate particles from a suspension,"hierarchy-type:medical-wordnet31-02730750-n,wordnet31:02999605-n",IS_A,FDA physical-head scope and WordNet native inclusion,https://open.fda.gov/apis/device/classification/
hierarchy-type:medical-wordnet31-03283159-n,medical electronic equipment,medical_devices,medical_physical_structure,A medical device that is a electronic equipment. Physical type definition: equipment that involves the controlled conduction of electrons (especially in a gas or vacuum or semiconductor),"wikidata:Q6554101,wordnet31:03283159-n",IS_A,FDA physical-head scope and WordNet native inclusion,https://open.fda.gov/apis/device/classification/
hierarchy-type:medical-wordnet31-02708803-n,medical amplifier,medical_devices,medical_physical_structure,A medical device that is a amplifier. Physical type definition: electronic equipment that increases strength of signals passing through it,"hierarchy-type:medical-wordnet31-03283159-n,wordnet31:02708803-n",IS_A,FDA physical-head scope and WordNet native inclusion,https://open.fda.gov/apis/device/classification/
hierarchy-type:medical-wordnet31-03268799-n,medical echoencephalograph,medical_devices,medical_physical_structure,A medical device that is a echoencephalograph. Physical type definition: a sonograph that creates an image of the brain and its abnormalities,"hierarchy-type:medical-wordnet31-04267699-n,wordnet31:03268799-n",IS_A,FDA physical-head scope and WordNet native inclusion,https://open.fda.gov/apis/device/classification/
hierarchy-type:medical-wordnet31-04348764-n,medical structure,medical_devices,medical_physical_structure,"A medical device that is a structure. Physical type definition: a thing constructed; a complex entity constructed of many parts; ""the structure consisted of a series of arches""; ""she wore her hair in an amazing construction of whirls and ribbons""","wikidata:Q6554101,wordnet31:04348764-n",IS_A,FDA physical-head scope and WordNet native inclusion,https://open.fda.gov/apis/device/classification/
hierarchy-type:medical-wordnet31-03845513-n,medical obstruction,medical_devices,medical_physical_structure,A medical device that is a obstruction. Physical type definition: any structure that makes progress difficult,"hierarchy-type:medical-wordnet31-04348764-n,wordnet31:03845513-n",IS_A,FDA physical-head scope and WordNet native inclusion,https://open.fda.gov/apis/device/classification/
hierarchy-type:medical-wordnet31-02856708-n,medical blockage,medical_devices,medical_physical_structure,"A medical device that is a blockage. Physical type definition: an obstruction in a pipe or tube; ""we had to call a plumber to clear out the blockage in the drainpipe""","hierarchy-type:medical-wordnet31-03845513-n,wordnet31:02856708-n",IS_A,FDA physical-head scope and WordNet native inclusion,https://open.fda.gov/apis/device/classification/
hierarchy-type:medical-wordnet31-03974274-n,medical plug,medical_devices,medical_physical_structure,A medical device that is a plug. Physical type definition: blockage consisting of an object designed to fill a hole tightly,"hierarchy-type:medical-wordnet31-02856708-n,wordnet31:03974274-n",IS_A,FDA physical-head scope and WordNet native inclusion,https://open.fda.gov/apis/device/classification/
hierarchy-type:medical-wordnet31-04395249-n,medical tampon,medical_devices,medical_physical_structure,A medical device that is a tampon. Physical type definition: plug of cotton or other absorbent material; inserted into wound or body cavity to absorb exuded fluids (especially blood),"hierarchy-type:medical-wordnet31-03974274-n,wordnet31:04395249-n",IS_A,FDA physical-head scope and WordNet native inclusion,https://open.fda.gov/apis/device/classification/
hierarchy-type:medical-wordnet31-02943283-n,medical caliper,medical_devices,medical_physical_structure,A medical device that is a caliper. Physical type definition: an instrument for measuring the distance between two points (often used in the plural),"hierarchy-type:medical-wordnet31-03739416-n,wordnet31:02943283-n",IS_A,FDA physical-head scope and WordNet native inclusion,https://open.fda.gov/apis/device/classification/
hierarchy-type:medical-wordnet31-03913013-n,medical pelvimeter,medical_devices,medical_physical_structure,A medical device that is a pelvimeter. Physical type definition: measuring instrument for performing pelvimetry,"hierarchy-type:medical-wordnet31-03739416-n,wordnet31:03913013-n",IS_A,FDA physical-head scope and WordNet native inclusion,https://open.fda.gov/apis/device/classification/
hierarchy-type:medical-wordnet31-04028192-n,medical pump,medical_devices,medical_physical_structure,A medical device that is a pump. Physical type definition: a mechanical device that moves fluid or gas by pressure or suction,"hierarchy-type:medical-wordnet31-03742461-n,wordnet31:04028192-n",IS_A,FDA physical-head scope and WordNet native inclusion,https://open.fda.gov/apis/device/classification/
hierarchy-type:medical-wordnet31-02751496-n,medical aspirator,medical_devices,medical_physical_structure,A medical device that is a aspirator. Physical type definition: a pump that draws air or another gas through a liquid,"hierarchy-type:medical-wordnet31-04028192-n,wordnet31:02751496-n",IS_A,FDA physical-head scope and WordNet native inclusion,https://open.fda.gov/apis/device/classification/
hierarchy-type:medical-wordnet31-03101244-n,medical contraceptive,medical_devices,medical_physical_structure,A medical device that is a contraceptive. Physical type definition: an agent or device intended to prevent conception,"wikidata:Q6554101,wordnet31:03101244-n",IS_A,FDA physical-head scope and WordNet native inclusion,https://open.fda.gov/apis/device/classification/
hierarchy-type:medical-wordnet31-03194145-n,medical diaphragm,medical_devices,medical_physical_structure,A medical device that is a diaphragm. Physical type definition: a contraceptive device consisting of a flexible dome-shaped cup made of rubber or plastic; it is filled with spermicide and fitted over the uterine cervix,"hierarchy-type:medical-wordnet31-03101244-n,wordnet31:03194145-n",IS_A,FDA physical-head scope and WordNet native inclusion,https://open.fda.gov/apis/device/classification/
hierarchy-type:medical-wordnet31-03092620-n,medical condom,medical_devices,medical_physical_structure,A medical device that is a condom. Physical type definition: contraceptive device consisting of a sheath of thin rubber or latex that is worn over the penis during intercourse,"hierarchy-type:medical-wordnet31-03101244-n,wordnet31:03092620-n",IS_A,FDA physical-head scope and WordNet native inclusion,https://open.fda.gov/apis/device/classification/
hierarchy-type:medical-wordnet31-04323636-n,medical stereoscope,medical_devices,medical_physical_structure,A medical device that is a stereoscope. Physical type definition: an optical device for viewing stereoscopic photographs,"hierarchy-type:medical-wordnet31-03856861-n,wordnet31:04323636-n",IS_A,FDA physical-head scope and WordNet native inclusion,https://open.fda.gov/apis/device/classification/
hierarchy-type:medical-wordnet31-04077527-n,medical refractometer,medical_devices,medical_physical_structure,A medical device that is a refractometer. Physical type definition: measuring instrument for measuring the refractive index of a substance,"hierarchy-type:medical-wordnet31-03739416-n,wordnet31:04077527-n",IS_A,FDA physical-head scope and WordNet native inclusion,https://open.fda.gov/apis/device/classification/
hierarchy-type:medical-wordnet31-04458907-n,medical tonometer,medical_devices,medical_physical_structure,A medical device that is a tonometer. Physical type definition: measuring instrument for measuring tension or pressure (especially for measuring intraocular pressure in testing for glaucoma),"hierarchy-type:medical-wordnet31-03739416-n,wordnet31:04458907-n",IS_A,FDA physical-head scope and WordNet native inclusion,https://open.fda.gov/apis/device/classification/
hierarchy-type:medical-wordnet31-03856133-n,medical ophthalmoscope,medical_devices,medical_physical_structure,A medical device that is a ophthalmoscope. Physical type definition: medical instrument for examining the retina of the eye,"hierarchy-type:medical-wordnet31-03745184-n,wordnet31:03856133-n",IS_A,FDA physical-head scope and WordNet native inclusion,https://open.fda.gov/apis/device/classification/
hierarchy-type:medical-wordnet31-03616049-n,medical keratoscope,medical_devices,medical_physical_structure,A medical device that is a keratoscope. Physical type definition: medical instrument to examine the cornea in order to detect irregularities in its anterior surface,"hierarchy-type:medical-wordnet31-03745184-n,wordnet31:03616049-n",IS_A,FDA physical-head scope and WordNet native inclusion,https://open.fda.gov/apis/device/classification/
hierarchy-type:medical-wordnet31-03661810-n,medical lens,medical_devices,medical_physical_structure,A medical device that is a lens. Physical type definition: a transparent optical device used to converge or diverge transmitted light and to form images,"hierarchy-type:medical-wordnet31-03856861-n,wordnet31:03661810-n",IS_A,FDA physical-head scope and WordNet native inclusion,https://open.fda.gov/apis/device/classification/
hierarchy-type:medical-wordnet31-03587066-n,medical intraocular lens,medical_devices,medical_physical_structure,A medical device that is a intraocular lens. Physical type definition: an artificial lens that is implanted into the eye of someone to replace a damaged natural lens or someone who has had a cataract removed,"hierarchy-type:medical-wordnet31-03661810-n,wordnet31:03587066-n",IS_A,FDA physical-head scope and WordNet native inclusion,https://open.fda.gov/apis/device/classification/
hierarchy-type:medical-wordnet31-04486761-n,medical trepan,medical_devices,medical_physical_structure,A medical device that is a trepan. Physical type definition: a surgical instrument used to remove sections of bone from the skull,"hierarchy-type:medical-wordnet31-04371632-n,wordnet31:04486761-n",IS_A,FDA physical-head scope and WordNet native inclusion,https://open.fda.gov/apis/device/classification/
hierarchy-type:medical-wordnet31-03265436-n,medical dynamometer,medical_devices,medical_physical_structure,A medical device that is a dynamometer. Physical type definition: measuring instrument designed to measure power,"hierarchy-type:medical-wordnet31-03739416-n,wordnet31:03265436-n",IS_A,FDA physical-head scope and WordNet native inclusion,https://open.fda.gov/apis/device/classification/
hierarchy-type:medical-wordnet31-02747966-n,medical arthroscope,medical_devices,medical_physical_structure,A medical device that is a arthroscope. Physical type definition: a type of endoscope that is inserted into a joint for visual examination,"hierarchy-type:medical-wordnet31-03291483-n,wordnet31:02747966-n",IS_A,FDA physical-head scope and WordNet native inclusion,https://open.fda.gov/apis/device/classification/
hierarchy-type:medical-wordnet31-03235863-n,medical drafting instrument,medical_devices,medical_physical_structure,A medical device that is a drafting instrument. Physical type definition: an instrument used by a draftsman in making drawings,"hierarchy-type:medical-wordnet31-03579967-n,wordnet31:03235863-n",IS_A,FDA physical-head scope and WordNet native inclusion,https://open.fda.gov/apis/device/classification/
hierarchy-type:medical-wordnet31-04022302-n,medical protractor,medical_devices,medical_physical_structure,A medical device that is a protractor. Physical type definition: drafting instrument used to draw or measure angles,"hierarchy-type:medical-wordnet31-03235863-n,wordnet31:04022302-n",IS_A,FDA physical-head scope and WordNet native inclusion,https://open.fda.gov/apis/device/classification/
hierarchy-type:medical-wordnet31-03853868-n,medical opener,medical_devices,medical_physical_structure,A medical device that is a opener. Physical type definition: a hand tool used for opening sealed containers (bottles or cans),"hierarchy-type:medical-wordnet31-03494245-n,wordnet31:03853868-n",IS_A,FDA physical-head scope and WordNet native inclusion,https://open.fda.gov/apis/device/classification/
hierarchy-type:medical-wordnet31-02881204-n,medical bottle opener,medical_devices,medical_physical_structure,A medical device that is a bottle opener. Physical type definition: an opener for removing caps or corks from bottles,"hierarchy-type:medical-wordnet31-03853868-n,wordnet31:02881204-n",IS_A,FDA physical-head scope and WordNet native inclusion,https://open.fda.gov/apis/device/classification/
hierarchy-type:medical-wordnet31-03113801-n,medical corkscrew,medical_devices,medical_physical_structure,A medical device that is a corkscrew. Physical type definition: a bottle opener that pulls corks,"hierarchy-type:medical-wordnet31-02881204-n,wordnet31:03113801-n",IS_A,FDA physical-head scope and WordNet native inclusion,https://open.fda.gov/apis/device/classification/
hierarchy-type:medical-wordnet31-02766719-n,medical awl,medical_devices,medical_physical_structure,A medical device that is a awl. Physical type definition: a pointed tool for marking surfaces or for punching small holes,"hierarchy-type:medical-wordnet31-03494245-n,wordnet31:02766719-n",IS_A,FDA physical-head scope and WordNet native inclusion,https://open.fda.gov/apis/device/classification/
hierarchy-type:medical-wordnet31-04394793-n,medical tamp,medical_devices,medical_physical_structure,"A medical device that is a tamp. Physical type definition: a tool for tamping (e.g., for tamping tobacco into a pipe bowl or a charge into a drill hole etc.)","hierarchy-type:medical-wordnet31-04459089-n,wordnet31:04394793-n",IS_A,FDA physical-head scope and WordNet native inclusion,https://open.fda.gov/apis/device/classification/
hierarchy-type:medical-wordnet31-03766479-n,medical microtome,medical_devices,medical_physical_structure,A medical device that is a microtome. Physical type definition: scientific instrument that cuts thin slices of something for microscopic examination,"hierarchy-type:medical-wordnet31-04154560-n,wordnet31:03766479-n",IS_A,FDA physical-head scope and WordNet native inclusion,https://open.fda.gov/apis/device/classification/
hierarchy-type:medical-wordnet31-03533443-n,medical home appliance,medical_devices,medical_physical_structure,A medical device that is a home appliance. Physical type definition: an appliance that does a particular job in the home,"hierarchy-type:medical-wordnet31-02732781-n,wordnet31:03533443-n",IS_A,FDA physical-head scope and WordNet native inclusion,https://open.fda.gov/apis/device/classification/
hierarchy-type:medical-wordnet31-03625261-n,medical kitchen appliance,medical_devices,medical_physical_structure,A medical device that is a kitchen appliance. Physical type definition: a home appliance used in preparing food,"hierarchy-type:medical-wordnet31-03533443-n,wordnet31:03625261-n",IS_A,FDA physical-head scope and WordNet native inclusion,https://open.fda.gov/apis/device/classification/
hierarchy-type:medical-wordnet31-03868196-n,medical oven,medical_devices,medical_physical_structure,A medical device that is a oven. Physical type definition: kitchen appliance used for baking or roasting,"hierarchy-type:medical-wordnet31-03625261-n,wordnet31:03868196-n",IS_A,FDA physical-head scope and WordNet native inclusion,https://open.fda.gov/apis/device/classification/
hierarchy-type:medical-wordnet31-04523967-n,medical utensil,medical_devices,medical_physical_structure,A medical device that is a utensil. Physical type definition: an implement for practical use (especially in a household),"hierarchy-type:medical-wordnet31-03569147-n,wordnet31:04523967-n",IS_A,FDA physical-head scope and WordNet native inclusion,https://open.fda.gov/apis/device/classification/
hierarchy-type:medical-wordnet31-03626258-n,medical kitchen utensil,medical_devices,medical_physical_structure,A medical device that is a kitchen utensil. Physical type definition: a utensil used in preparing food,"hierarchy-type:medical-wordnet31-04523967-n,wordnet31:03626258-n",IS_A,FDA physical-head scope and WordNet native inclusion,https://open.fda.gov/apis/device/classification/
hierarchy-type:medical-wordnet31-03780732-n,medical mixer,medical_devices,medical_physical_structure,A medical device that is a mixer. Physical type definition: a kitchen utensil that is used for mixing foods,"hierarchy-type:medical-wordnet31-03626258-n,wordnet31:03780732-n",IS_A,FDA physical-head scope and WordNet native inclusion,https://open.fda.gov/apis/device/classification/
hierarchy-type:medical-wordnet31-02853991-n,medical blender,medical_devices,medical_physical_structure,A medical device that is a blender. Physical type definition: an electrically powered mixer with whirling blades that mix or chop or liquefy foods,"hierarchy-type:medical-wordnet31-03780732-n,wordnet31:02853991-n",IS_A,FDA physical-head scope and WordNet native inclusion,https://open.fda.gov/apis/device/classification/
hierarchy-type:medical-wordnet31-03281750-n,medical electromyograph,medical_devices,medical_physical_structure,A medical device that is a electromyograph. Physical type definition: a medical instrument that records the electrical waves associated with the activity of skeletal muscles,"hierarchy-type:medical-wordnet31-03745184-n,wordnet31:03281750-n",IS_A,FDA physical-head scope and WordNet native inclusion,https://open.fda.gov/apis/device/classification/
hierarchy-type:medical-wordnet31-03410175-n,medical furnishing,medical_devices,medical_physical_structure,A medical device that is a furnishing. Physical type definition: (usually plural) the instrumentalities (furniture and appliances and other movable accessories including curtains and rugs) that make a home (or other area) livable,"wikidata:Q6554101,wordnet31:03410175-n",IS_A,FDA physical-head scope and WordNet native inclusion,https://open.fda.gov/apis/device/classification/
hierarchy-type:medical-wordnet31-03410635-n,medical furniture,medical_devices,medical_physical_structure,"A medical device that is a furniture. Physical type definition: furnishings that make a room or other area ready for occupancy; ""they had too much furniture for the small apartment""; ""there was only one piece of furniture in the room""","hierarchy-type:medical-wordnet31-03410175-n,wordnet31:03410635-n",IS_A,FDA physical-head scope and WordNet native inclusion,https://open.fda.gov/apis/device/classification/
hierarchy-type:medical-wordnet31-04169042-n,medical seat,medical_devices,medical_physical_structure,"A medical device that is a seat. Physical type definition: furniture that is designed for sitting on; ""there were not enough seats for all the guests""","hierarchy-type:medical-wordnet31-03410635-n,wordnet31:04169042-n",IS_A,FDA physical-head scope and WordNet native inclusion,https://open.fda.gov/apis/device/classification/
hierarchy-type:medical-wordnet31-03005231-n,medical chair,medical_devices,medical_physical_structure,"A medical device that is a chair. Physical type definition: a seat for one person, with a support for the back; ""he put his coat over the back of the chair and sat down""","hierarchy-type:medical-wordnet31-04169042-n,wordnet31:03005231-n",IS_A,FDA physical-head scope and WordNet native inclusion,https://open.fda.gov/apis/device/classification/
hierarchy-type:medical-wordnet31-04583288-n,medical wheelchair,medical_devices,medical_physical_structure,A medical device that is a wheelchair. Physical type definition: a movable chair mounted on large wheels; for invalids or those who cannot walk; frequently propelled by the occupant,"hierarchy-type:medical-wordnet31-03005231-n,wordnet31:04583288-n",IS_A,FDA physical-head scope and WordNet native inclusion,https://open.fda.gov/apis/device/classification/
hierarchy-type:medical-wordnet31-04366676-n,medical support,medical_devices,medical_physical_structure,"A medical device that is a support. Physical type definition: any device that bears the weight of another thing; ""there was no place to attach supports for a shelf""","wikidata:Q6554101,wordnet31:04366676-n",IS_A,FDA physical-head scope and WordNet native inclusion,https://open.fda.gov/apis/device/classification/
hierarchy-type:medical-wordnet31-04088156-n,medical rest,medical_devices,medical_physical_structure,"A medical device that is a rest. Physical type definition: a support on which things can be put; ""the gun was steadied on a special rest""","hierarchy-type:medical-wordnet31-04366676-n,wordnet31:04088156-n",IS_A,FDA physical-head scope and WordNet native inclusion,https://open.fda.gov/apis/device/classification/
hierarchy-type:medical-wordnet31-02744480-n,medical armrest,medical_devices,medical_physical_structure,A medical device that is a armrest. Physical type definition: a support for the arm,"hierarchy-type:medical-wordnet31-04088156-n,wordnet31:02744480-n",IS_A,FDA physical-head scope and WordNet native inclusion,https://open.fda.gov/apis/device/classification/
hierarchy-type:medical-wordnet31-04334034-n,medical stool,medical_devices,medical_physical_structure,A medical device that is a stool. Physical type definition: a simple seat without a back or arms,"hierarchy-type:medical-wordnet31-04169042-n,wordnet31:04334034-n",IS_A,FDA physical-head scope and WordNet native inclusion,https://open.fda.gov/apis/device/classification/
hierarchy-type:medical-wordnet31-03385570-n,medical footstool,medical_devices,medical_physical_structure,A medical device that is a footstool. Physical type definition: a low seat or a stool to rest the feet of a seated person,"hierarchy-type:medical-wordnet31-04334034-n,wordnet31:03385570-n",IS_A,FDA physical-head scope and WordNet native inclusion,https://open.fda.gov/apis/device/classification/
hierarchy-type:medical-wordnet31-04368182-n,medical supporting structure,medical_devices,medical_physical_structure,A medical device that is a supporting structure. Physical type definition: a structure that serves to support something,"hierarchy-type:medical-wordnet31-04348764-n,wordnet31:04368182-n",IS_A,FDA physical-head scope and WordNet native inclusion,https://open.fda.gov/apis/device/classification/
hierarchy-type:medical-wordnet31-04367588-n,medical support,medical_devices,medical_physical_structure,"A medical device that is a support. Physical type definition: supporting structure that holds up or provides a foundation; ""the statue stood on a marble support""","hierarchy-type:medical-wordnet31-04368182-n,wordnet31:04367588-n",IS_A,FDA physical-head scope and WordNet native inclusion,https://open.fda.gov/apis/device/classification/
hierarchy-type:medical-wordnet31-03909987-n,medical pedestal,medical_devices,medical_physical_structure,A medical device that is a pedestal. Physical type definition: an architectural support or base (as for a column or statue),"hierarchy-type:medical-wordnet31-04367588-n,wordnet31:03909987-n",IS_A,FDA physical-head scope and WordNet native inclusion,https://open.fda.gov/apis/device/classification/
hierarchy-type:medical-wordnet31-02673012-n,medical accelerator,medical_devices,medical_physical_structure,A medical device that is a accelerator. Physical type definition: a scientific instrument that increases the kinetic energy of charged particles,"hierarchy-type:medical-wordnet31-04154560-n,wordnet31:02673012-n",IS_A,FDA physical-head scope and WordNet native inclusion,https://open.fda.gov/apis/device/classification/
hierarchy-type:medical-wordnet31-03160737-n,medical cyclotron,medical_devices,medical_physical_structure,A medical device that is a cyclotron. Physical type definition: an accelerator that imparts energies of several million electron-volts to rapidly moving particles,"hierarchy-type:medical-wordnet31-02673012-n,wordnet31:03160737-n",IS_A,FDA physical-head scope and WordNet native inclusion,https://open.fda.gov/apis/device/classification/
hierarchy-type:medical-wordnet31-04382862-n,medical synchrotron,medical_devices,medical_physical_structure,A medical device that is a synchrotron. Physical type definition: cyclotron in which the electric field is maintained at a constant frequency,"hierarchy-type:medical-wordnet31-03160737-n,wordnet31:04382862-n",IS_A,FDA physical-head scope and WordNet native inclusion,https://open.fda.gov/apis/device/classification/
hierarchy-type:medical-wordnet31-02982340-n,medical cassette,medical_devices,medical_physical_structure,A medical device that is a cassette. Physical type definition: a container that holds a magnetic tape used for recording or playing sound or video,"hierarchy-type:medical-wordnet31-03099154-n,wordnet31:02982340-n",IS_A,FDA physical-head scope and WordNet native inclusion,https://open.fda.gov/apis/device/classification/
hierarchy-type:medical-wordnet31-04383013-n,medical synchroscope,medical_devices,medical_physical_structure,A medical device that is a synchroscope. Physical type definition: an instrument that indicates whether two periodic motions are synchronous (especially an instrument that enables a pilot to synchronize the propellers of a plane that has two or more engines),"hierarchy-type:medical-wordnet31-03739416-n,wordnet31:04383013-n",IS_A,FDA physical-head scope and WordNet native inclusion,https://open.fda.gov/apis/device/classification/
hierarchy-type:medical-wordnet31-02836043-n,medical betatron,medical_devices,medical_physical_structure,A medical device that is a betatron. Physical type definition: accelerates a continuous beam of electrons to high speeds by means of the electric field produced by changing magnetic flux,"hierarchy-type:medical-wordnet31-02673012-n,wordnet31:02836043-n",IS_A,FDA physical-head scope and WordNet native inclusion,https://open.fda.gov/apis/device/classification/
hierarchy-type:medical-wordnet31-03075556-n,medical colorimeter,medical_devices,medical_physical_structure,A medical device that is a colorimeter. Physical type definition: a measuring instrument used in colorimetric analysis to determine the quantity of a substance from the color it yields with specific reagents,"hierarchy-type:medical-wordnet31-03739416-n,wordnet31:03075556-n",IS_A,FDA physical-head scope and WordNet native inclusion,https://open.fda.gov/apis/device/classification/
hierarchy-type:medical-wordnet31-03982463-n,medical polarimeter,medical_devices,medical_physical_structure,A medical device that is a polarimeter. Physical type definition: an optical device used to measure the rotation of the plane of vibration of polarized light,"hierarchy-type:medical-wordnet31-03856861-n,wordnet31:03982463-n",IS_A,FDA physical-head scope and WordNet native inclusion,https://open.fda.gov/apis/device/classification/
hierarchy-type:medical-wordnet31-04587779-n,medical white goods,medical_devices,medical_physical_structure,A medical device that is a white goods. Physical type definition: large electrical home appliances (refrigerators or washing machines etc.) that are typically finished in white enamel,"hierarchy-type:medical-wordnet31-03533443-n,wordnet31:04587779-n",IS_A,FDA physical-head scope and WordNet native inclusion,https://open.fda.gov/apis/device/classification/
hierarchy-type:medical-wordnet31-04077839-n,medical refrigerator,medical_devices,medical_physical_structure,A medical device that is a refrigerator. Physical type definition: white goods in which food can be stored at low temperatures,"hierarchy-type:medical-wordnet31-04587779-n,wordnet31:04077839-n",IS_A,FDA physical-head scope and WordNet native inclusion,https://open.fda.gov/apis/device/classification/
hierarchy-type:medical-wordnet31-03278824-n,medical electric refrigerator,medical_devices,medical_physical_structure,A medical device that is a electric refrigerator. Physical type definition: a refrigerator in which the coolant is pumped around by an electric motor,"hierarchy-type:medical-wordnet31-04077839-n,wordnet31:03278824-n",IS_A,FDA physical-head scope and WordNet native inclusion,https://open.fda.gov/apis/device/classification/
hierarchy-type:medical-wordnet31-03175301-n,medical deep-freeze,medical_devices,medical_physical_structure,A medical device that is a deep-freeze. Physical type definition: electric refrigerator (trade name Deepfreeze) in which food is frozen and stored for long periods of time,"hierarchy-type:medical-wordnet31-03278824-n,wordnet31:03175301-n",IS_A,FDA physical-head scope and WordNet native inclusion,https://open.fda.gov/apis/device/classification/
hierarchy-type:medical-wordnet31-04545847-n,medical vise,medical_devices,medical_physical_structure,A medical device that is a vise. Physical type definition: a holding device attached to a workbench; has two jaws to hold workpiece firmly in place,"hierarchy-type:medical-wordnet31-03531007-n,wordnet31:04545847-n",IS_A,FDA physical-head scope and WordNet native inclusion,https://open.fda.gov/apis/device/classification/
hierarchy-type:medical-wordnet31-03891107-n,medical pantograph,medical_devices,medical_physical_structure,A medical device that is a pantograph. Physical type definition: mechanical device used to copy a figure or plan on a different scale,"hierarchy-type:medical-wordnet31-03742461-n,wordnet31:03891107-n",IS_A,FDA physical-head scope and WordNet native inclusion,https://open.fda.gov/apis/device/classification/
hierarchy-type:medical-wordnet31-04454577-n,medical toiletry,medical_devices,medical_physical_structure,A medical device that is a toiletry. Physical type definition: artifacts used in making your toilet (washing and taking care of your body),"wikidata:Q6554101,wordnet31:04454577-n",IS_A,FDA physical-head scope and WordNet native inclusion,https://open.fda.gov/apis/device/classification/
hierarchy-type:medical-wordnet31-03117803-n,medical cosmetic,medical_devices,medical_physical_structure,A medical device that is a cosmetic. Physical type definition: a toiletry designed to beautify the body,"hierarchy-type:medical-wordnet31-04454577-n,wordnet31:03117803-n",IS_A,FDA physical-head scope and WordNet native inclusion,https://open.fda.gov/apis/device/classification/
hierarchy-type:medical-wordnet31-03181831-n,medical depilatory,medical_devices,medical_physical_structure,A medical device that is a depilatory. Physical type definition: a cosmetic for temporary removal of undesired hair,"hierarchy-type:medical-wordnet31-03117803-n,wordnet31:03181831-n",IS_A,FDA physical-head scope and WordNet native inclusion,https://open.fda.gov/apis/device/classification/
hierarchy-type:medical-wordnet31-04117533-n,medical rotary actuator,medical_devices,medical_physical_structure,A medical device that is a rotary actuator. Physical type definition: (computer science) the actuator that moves a read/write head to the proper data track,"hierarchy-type:medical-wordnet31-02681238-n,wordnet31:04117533-n",IS_A,FDA physical-head scope and WordNet native inclusion,https://open.fda.gov/apis/device/classification/
hierarchy-type:medical-wordnet31-02688854-n,medical airbrush,medical_devices,medical_physical_structure,A medical device that is a airbrush. Physical type definition: an atomizer to spray paint by means of compressed air,"hierarchy-type:medical-wordnet31-02757108-n,wordnet31:02688854-n",IS_A,FDA physical-head scope and WordNet native inclusion,https://open.fda.gov/apis/device/classification/
hierarchy-type:medical-wordnet31-04183589-n,medical set,medical_devices,medical_physical_structure,"A medical device that is a set. Physical type definition: any electronic equipment that receives or transmits radio or tv signals; ""the early sets ran on storage batteries""","hierarchy-type:medical-wordnet31-03283159-n,wordnet31:04183589-n",IS_A,FDA physical-head scope and WordNet native inclusion,https://open.fda.gov/apis/device/classification/
hierarchy-type:medical-wordnet31-04067759-n,medical receiver,medical_devices,medical_physical_structure,A medical device that is a receiver. Physical type definition: set that receives radio or tv signals,"hierarchy-type:medical-wordnet31-04183589-n,wordnet31:04067759-n",IS_A,FDA physical-head scope and WordNet native inclusion,https://open.fda.gov/apis/device/classification/
hierarchy-type:medical-wordnet31-03210025-n,medical direction finder,medical_devices,medical_physical_structure,A medical device that is a direction finder. Physical type definition: radio; determines the direction of incoming radio waves,"hierarchy-type:medical-wordnet31-04067759-n,wordnet31:03210025-n",IS_A,FDA physical-head scope and WordNet native inclusion,https://open.fda.gov/apis/device/classification/
hierarchy-type:medical-wordnet31-03452838-n,medical goniometer,medical_devices,medical_physical_structure,A medical device that is a goniometer. Physical type definition: direction finder that determines the angular direction of incoming radio signals,"hierarchy-type:medical-wordnet31-03210025-n,wordnet31:03452838-n",IS_A,FDA physical-head scope and WordNet native inclusion,https://open.fda.gov/apis/device/classification/
hierarchy-type:medical-wordnet31-03062092-n,medical coating,medical_devices,medical_physical_structure,"A medical device that is a coating. Physical type definition: a thin layer covering something; ""a second coat of paint""","hierarchy-type:medical-wordnet31-03127399-n,wordnet31:03062092-n",IS_A,FDA physical-head scope and WordNet native inclusion,https://open.fda.gov/apis/device/classification/
hierarchy-type:medical-wordnet31-04529282-n,medical varnish,medical_devices,medical_physical_structure,"A medical device that is a varnish. Physical type definition: a coating that provides a hard, lustrous, transparent finish to a surface","hierarchy-type:medical-wordnet31-03062092-n,wordnet31:04529282-n",IS_A,FDA physical-head scope and WordNet native inclusion,https://open.fda.gov/apis/device/classification/
hierarchy-type:medical-wordnet31-04158045-n,medical scraper,medical_devices,medical_physical_structure,A medical device that is a scraper. Physical type definition: any of various hand tools for scraping,"hierarchy-type:medical-wordnet31-03494245-n,wordnet31:04158045-n",IS_A,FDA physical-head scope and WordNet native inclusion,https://open.fda.gov/apis/device/classification/
hierarchy-type:medical-wordnet31-04545544-n,medical viscometer,medical_devices,medical_physical_structure,A medical device that is a viscometer. Physical type definition: a measuring instrument for measuring viscosity,"hierarchy-type:medical-wordnet31-03739416-n,wordnet31:04545544-n",IS_A,FDA physical-head scope and WordNet native inclusion,https://open.fda.gov/apis/device/classification/
hierarchy-type:medical-wordnet31-03660398-n,medical legging,medical_devices,medical_physical_structure,A medical device that is a legging. Physical type definition: a garment covering the leg (usually extending from the knee to the ankle),"hierarchy-type:medical-wordnet31-03423924-n,wordnet31:03660398-n",IS_A,FDA physical-head scope and WordNet native inclusion,https://open.fda.gov/apis/device/classification/
hierarchy-type:medical-wordnet31-03104596-n,medical converter,medical_devices,medical_physical_structure,A medical device that is a converter. Physical type definition: a device for changing one substance or form or state into another,"wikidata:Q6554101,wordnet31:03104596-n",IS_A,FDA physical-head scope and WordNet native inclusion,https://open.fda.gov/apis/device/classification/
hierarchy-type:medical-wordnet31-03168464-n,medical data converter,medical_devices,medical_physical_structure,A medical device that is a data converter. Physical type definition: converter for changing information from one code to another,"hierarchy-type:medical-wordnet31-03104596-n,wordnet31:03168464-n",IS_A,FDA physical-head scope and WordNet native inclusion,https://open.fda.gov/apis/device/classification/
hierarchy-type:medical-wordnet31-03202130-n,medical digitizer,medical_devices,medical_physical_structure,A medical device that is a digitizer. Physical type definition: device for converting analogue signals into digital signals,"hierarchy-type:medical-wordnet31-03168464-n,wordnet31:03202130-n",IS_A,FDA physical-head scope and WordNet native inclusion,https://open.fda.gov/apis/device/classification/
hierarchy-type:medical-wordnet31-02748497-n,medical artificial heart,medical_devices,medical_physical_structure,A medical device that is a artificial heart. Physical type definition: a pump that replaces the natural heart,"hierarchy-type:medical-wordnet31-03568890-n,wordnet31:02748497-n",IS_A,FDA physical-head scope and WordNet native inclusion,https://open.fda.gov/apis/device/classification/
hierarchy-type:medical-wordnet31-04064159-n,medical razor,medical_devices,medical_physical_structure,A medical device that is a razor. Physical type definition: edge tool used in shaving,"hierarchy-type:medical-wordnet31-03269943-n,wordnet31:04064159-n",IS_A,FDA physical-head scope and WordNet native inclusion,https://open.fda.gov/apis/device/classification/
hierarchy-type:medical-wordnet31-02714639-n,medical angioscope,medical_devices,medical_physical_structure,A medical device that is a angioscope. Physical type definition: a modified microscope used to study capillary vessels,"hierarchy-type:medical-wordnet31-03766206-n,wordnet31:02714639-n",IS_A,FDA physical-head scope and WordNet native inclusion,https://open.fda.gov/apis/device/classification/
hierarchy-type:medical-wordnet31-03299762-n,medical eraser,medical_devices,medical_physical_structure,A medical device that is a eraser. Physical type definition: an implement used to erase something,"hierarchy-type:medical-wordnet31-03569147-n,wordnet31:03299762-n",IS_A,FDA physical-head scope and WordNet native inclusion,https://open.fda.gov/apis/device/classification/
hierarchy-type:medical-wordnet31-03176301-n,medical defibrillator,medical_devices,medical_physical_structure,A medical device that is a defibrillator. Physical type definition: an electronic device that administers an electric shock of preset voltage to the heart through the chest wall in an attempt to restore the normal rhythm of the heart during ventricular fibrillation,"hierarchy-type:medical-wordnet31-03282682-n,wordnet31:03176301-n",IS_A,FDA physical-head scope and WordNet native inclusion,https://open.fda.gov/apis/device/classification/
hierarchy-type:medical-wordnet31-02749013-n,medical artificial kidney,medical_devices,medical_physical_structure,A medical device that is a artificial kidney. Physical type definition: a machine that uses dialysis to remove impurities and waste products from the bloodstream before returning the blood to the patient's body,"hierarchy-type:medical-wordnet31-03192435-n,wordnet31:02749013-n",IS_A,FDA physical-head scope and WordNet native inclusion,https://open.fda.gov/apis/device/classification/
hierarchy-type:medical-wordnet31-02879899-n,medical bottle,medical_devices,medical_physical_structure,A medical device that is a bottle. Physical type definition: a glass or plastic vessel used for storing drinks or other liquids; typically cylindrical without handles and with a narrow neck that can be plugged or capped,"hierarchy-type:medical-wordnet31-04538393-n,wordnet31:02879899-n",IS_A,FDA physical-head scope and WordNet native inclusion,https://open.fda.gov/apis/device/classification/
hierarchy-type:medical-wordnet31-03929501-n,medical phial,medical_devices,medical_physical_structure,A medical device that is a phial. Physical type definition: a small bottle that contains a drug (especially a sealed sterile container for injection by needle),"hierarchy-type:medical-wordnet31-02879899-n,wordnet31:03929501-n",IS_A,FDA physical-head scope and WordNet native inclusion,https://open.fda.gov/apis/device/classification/
hierarchy-type:medical-wordnet31-03156166-n,medical cushion,medical_devices,medical_physical_structure,A medical device that is a cushion. Physical type definition: a soft bag filled with air or a mass of padding such as feathers or foam rubber etc.,"hierarchy-type:medical-wordnet31-03878742-n,wordnet31:03156166-n",IS_A,FDA physical-head scope and WordNet native inclusion,https://open.fda.gov/apis/device/classification/
hierarchy-type:medical-wordnet31-03944520-n,medical pillow,medical_devices,medical_physical_structure,A medical device that is a pillow. Physical type definition: a cushion to support the head of a sleeping person,"hierarchy-type:medical-wordnet31-03156166-n,wordnet31:03944520-n",IS_A,FDA physical-head scope and WordNet native inclusion,https://open.fda.gov/apis/device/classification/
hierarchy-type:medical-wordnet31-02898868-n,medical breathing device,medical_devices,medical_physical_structure,A medical device that is a breathing device. Physical type definition: a device that facilitates breathing in cases of respiratory failure,"wikidata:Q6554101,wordnet31:02898868-n",IS_A,FDA physical-head scope and WordNet native inclusion,https://open.fda.gov/apis/device/classification/
hierarchy-type:medical-wordnet31-04089456-n,medical resuscitator,medical_devices,medical_physical_structure,A medical device that is a resuscitator. Physical type definition: a breathing apparatus used for resuscitation by forcing oxygen into the lungs of a person who has undergone asphyxia or arrest of respiration,"hierarchy-type:medical-wordnet31-02898868-n,wordnet31:04089456-n",IS_A,FDA physical-head scope and WordNet native inclusion,https://open.fda.gov/apis/device/classification/
hierarchy-type:medical-wordnet31-03662565-n,medical lens implant,medical_devices,medical_physical_structure,A medical device that is a lens implant. Physical type definition: a clear plastic lens that is implanted in the eye; usually done when the natural lens has been removed in a cataract operation,"hierarchy-type:medical-wordnet31-03568890-n,wordnet31:03662565-n",IS_A,FDA physical-head scope and WordNet native inclusion,https://open.fda.gov/apis/device/classification/
hierarchy-type:medical-wordnet31-03230161-n,medical dosemeter,medical_devices,medical_physical_structure,A medical device that is a dosemeter. Physical type definition: a measuring instrument for measuring doses of ionizing radiation (X-rays or radioactivity),"hierarchy-type:medical-wordnet31-03739416-n,wordnet31:03230161-n",IS_A,FDA physical-head scope and WordNet native inclusion,https://open.fda.gov/apis/device/classification/
hierarchy-type:medical-wordnet31-04477976-n,medical transdermal patch,medical_devices,medical_physical_structure,A medical device that is a transdermal patch. Physical type definition: a medicated adhesive pad placed on the skin for absorption of a time released dose of medication into the bloodstream,"hierarchy-type:medical-wordnet31-03878173-n,wordnet31:04477976-n",IS_A,FDA physical-head scope and WordNet native inclusion,https://open.fda.gov/apis/device/classification/
hierarchy-type:medical-wordnet31-04501499-n,medical tube,medical_devices,medical_physical_structure,A medical device that is a tube. Physical type definition: electronic device consisting of a system of electrodes arranged in an evacuated glass or metal envelope,"hierarchy-type:medical-wordnet31-03282682-n,wordnet31:04501499-n",IS_A,FDA physical-head scope and WordNet native inclusion,https://open.fda.gov/apis/device/classification/
hierarchy-type:medical-wordnet31-03427499-n,medical gas-discharge tube,medical_devices,medical_physical_structure,A medical device that is a gas-discharge tube. Physical type definition: a tube in which an electric discharge takes place through a gas,"hierarchy-type:medical-wordnet31-04501499-n,wordnet31:03427499-n",IS_A,FDA physical-head scope and WordNet native inclusion,https://open.fda.gov/apis/device/classification/
hierarchy-type:medical-wordnet31-02988592-n,medical cathode-ray tube,medical_devices,medical_physical_structure,A medical device that is a cathode-ray tube. Physical type definition: a vacuum tube in which a hot cathode emits a beam of electrons that pass through a high voltage anode and are focused or deflected before hitting a phosphorescent screen,"hierarchy-type:medical-wordnet31-03427499-n,wordnet31:02988592-n",IS_A,FDA physical-head scope and WordNet native inclusion,https://open.fda.gov/apis/device/classification/
hierarchy-type:medical-wordnet31-04413042-n,medical television receiver,medical_devices,medical_physical_structure,"A medical device that is a television receiver. Physical type definition: an electronic device that receives television signals and displays them on a screen; ""the British call a tv set a telly""","hierarchy-type:medical-wordnet31-04067759-n,wordnet31:04413042-n",IS_A,FDA physical-head scope and WordNet native inclusion,https://open.fda.gov/apis/device/classification/
hierarchy-type:medical-wordnet31-03677240-n,medical linear accelerator,medical_devices,medical_physical_structure,A medical device that is a linear accelerator. Physical type definition: ions are accelerated along a linear path by voltage differences on electrodes along the path,"hierarchy-type:medical-wordnet31-02673012-n,wordnet31:03677240-n",IS_A,FDA physical-head scope and WordNet native inclusion,https://open.fda.gov/apis/device/classification/
hierarchy-type:medical-wordnet31-03766619-n,medical microwave,medical_devices,medical_physical_structure,A medical device that is a microwave. Physical type definition: kitchen appliance that cooks food by passing an electromagnetic wave through it; heat results from the absorption of energy by the water molecules in the food,"hierarchy-type:medical-wordnet31-03625261-n,wordnet31:03766619-n",IS_A,FDA physical-head scope and WordNet native inclusion,https://open.fda.gov/apis/device/classification/
hierarchy-type:medical-wordnet31-04251069-n,medical slot machine,medical_devices,medical_physical_structure,A medical device that is a slot machine. Physical type definition: a machine that is operated by the insertion of a coin in a slot,"hierarchy-type:medical-wordnet31-03705309-n,wordnet31:04251069-n",IS_A,FDA physical-head scope and WordNet native inclusion,https://open.fda.gov/apis/device/classification/
hierarchy-type:medical-wordnet31-04532600-n,medical vending machine,medical_devices,medical_physical_structure,A medical device that is a vending machine. Physical type definition: a slot machine for selling goods,"hierarchy-type:medical-wordnet31-04251069-n,wordnet31:04532600-n",IS_A,FDA physical-head scope and WordNet native inclusion,https://open.fda.gov/apis/device/classification/
hierarchy-type:medical-wordnet31-03054640-n,medical clothes dryer,medical_devices,medical_physical_structure,A medical device that is a clothes dryer. Physical type definition: a dryer that dries clothes wet from washing,"hierarchy-type:medical-wordnet31-03256469-n,hierarchy-type:medical-wordnet31-04587779-n,wordnet31:03054640-n",IS_A,FDA physical-head scope and WordNet native inclusion,https://open.fda.gov/apis/device/classification/
hierarchy-type:medical-wordnet31-02823345-n,medical bedclothes,medical_devices,medical_physical_structure,A medical device that is a bedclothes. Physical type definition: coverings that are used on a bed,"hierarchy-type:medical-wordnet31-03054011-n,wordnet31:02823345-n",IS_A,FDA physical-head scope and WordNet native inclusion,https://open.fda.gov/apis/device/classification/
hierarchy-type:medical-wordnet31-02852392-n,medical blanket,medical_devices,medical_physical_structure,"A medical device that is a blanket. Physical type definition: bedding that keeps a person warm in bed; ""he pulled the covers over his head and went to sleep""","hierarchy-type:medical-wordnet31-02823345-n,wordnet31:02852392-n",IS_A,FDA physical-head scope and WordNet native inclusion,https://open.fda.gov/apis/device/classification/
hierarchy-type:medical-wordnet31-03275765-n,medical electric blanket,medical_devices,medical_physical_structure,A medical device that is a electric blanket. Physical type definition: a blanket containing and electric heating element that can be controlled to the desired temperature by a rheostat,"hierarchy-type:medical-wordnet31-02852392-n,wordnet31:03275765-n",IS_A,FDA physical-head scope and WordNet native inclusion,https://open.fda.gov/apis/device/classification/
hierarchy-type:medical-wordnet31-02858369-n,medical blower,medical_devices,medical_physical_structure,A medical device that is a blower. Physical type definition: a device that produces a current of air,"wikidata:Q6554101,wordnet31:02858369-n",IS_A,FDA physical-head scope and WordNet native inclusion,https://open.fda.gov/apis/device/classification/
hierarchy-type:medical-wordnet31-03488399-n,medical hand blower,medical_devices,medical_physical_structure,A medical device that is a hand blower. Physical type definition: a hand-held electric blower that can blow warm air onto the hair; used for styling hair,"hierarchy-type:medical-wordnet31-02858369-n,hierarchy-type:medical-wordnet31-03256469-n,wordnet31:03488399-n",IS_A,FDA physical-head scope and WordNet native inclusion,https://open.fda.gov/apis/device/classification/
hierarchy-type:medical-wordnet31-04424315-n,medical textile machine,medical_devices,medical_physical_structure,A medical device that is a textile machine. Physical type definition: a machine for making textiles,"hierarchy-type:medical-wordnet31-03705309-n,wordnet31:04424315-n",IS_A,FDA physical-head scope and WordNet native inclusion,https://open.fda.gov/apis/device/classification/
hierarchy-type:medical-wordnet31-04186974-n,medical sewing machine,medical_devices,medical_physical_structure,A medical device that is a sewing machine. Physical type definition: a textile machine used as a home appliance for sewing,"hierarchy-type:medical-wordnet31-03533443-n,hierarchy-type:medical-wordnet31-04424315-n,wordnet31:04186974-n",IS_A,FDA physical-head scope and WordNet native inclusion,https://open.fda.gov/apis/device/classification/
hierarchy-type:medical-wordnet31-04572661-n,medical weapon,medical_devices,medical_physical_structure,"A medical device that is a weapon. Physical type definition: any instrument or instrumentality used in fighting or hunting; ""he was licensed to carry a weapon""","hierarchy-type:medical-wordnet31-03579967-n,wordnet31:04572661-n",IS_A,FDA physical-head scope and WordNet native inclusion,https://open.fda.gov/apis/device/classification/
hierarchy-type:medical-wordnet31-04353235-n,medical stun gun,medical_devices,medical_physical_structure,A medical device that is a stun gun. Physical type definition: a weapon designed to disable a victim temporarily by delivering a nonlethal high-voltage electric shock,"hierarchy-type:medical-wordnet31-04572661-n,wordnet31:04353235-n",IS_A,FDA physical-head scope and WordNet native inclusion,https://open.fda.gov/apis/device/classification/
hierarchy-type:medical-wordnet31-04384144-n,medical system,medical_devices,medical_physical_structure,"A medical device that is a system. Physical type definition: instrumentality that combines interrelated interacting artifacts designed to work as a coherent entity; ""he bought a new stereo system""; ""the system consists of a motor and a small computer""","wikidata:Q6554101,wordnet31:04384144-n",IS_A,FDA physical-head scope and WordNet native inclusion,https://open.fda.gov/apis/device/classification/
hierarchy-type:medical-wordnet31-03082291-n,medical communication system,medical_devices,medical_physical_structure,A medical device that is a communication system. Physical type definition: a system for communicating,"hierarchy-type:medical-wordnet31-04384144-n,wordnet31:03082291-n",IS_A,FDA physical-head scope and WordNet native inclusion,https://open.fda.gov/apis/device/classification/
hierarchy-type:medical-wordnet31-04049875-n,medical radio link,medical_devices,medical_physical_structure,A medical device that is a radio link. Physical type definition: a two-way radio communication system (usually microwave); part of a more extensive telecommunication network,"hierarchy-type:medical-wordnet31-03082291-n,wordnet31:04049875-n",IS_A,FDA physical-head scope and WordNet native inclusion,https://open.fda.gov/apis/device/classification/
hierarchy-type:medical-wordnet31-04553144-n,medical walkie-talkie,medical_devices,medical_physical_structure,A medical device that is a walkie-talkie. Physical type definition: small portable radio link (receiver and transmitter),"hierarchy-type:medical-wordnet31-04049875-n,wordnet31:04553144-n",IS_A,FDA physical-head scope and WordNet native inclusion,https://open.fda.gov/apis/device/classification/
hierarchy-type:medical-wordnet31-04514289-n,medical ultraviolet lamp,medical_devices,medical_physical_structure,A medical device that is a ultraviolet lamp. Physical type definition: any source of illumination that emits ultraviolet radiation,"hierarchy-type:medical-wordnet31-04270870-n,wordnet31:04514289-n",IS_A,FDA physical-head scope and WordNet native inclusion,https://open.fda.gov/apis/device/classification/
hierarchy-type:medical-wordnet31-03755697-n,medical mercury-vapor lamp,medical_devices,medical_physical_structure,A medical device that is a mercury-vapor lamp. Physical type definition: ultraviolet lamp that emits a strong bluish light (rich in ultraviolet radiation) as electric current passes through mercury vapor,"hierarchy-type:medical-wordnet31-04514289-n,wordnet31:03755697-n",IS_A,FDA physical-head scope and WordNet native inclusion,https://open.fda.gov/apis/device/classification/
hierarchy-type:medical-wordnet31-04010851-n,medical printer,medical_devices,medical_physical_structure,A medical device that is a printer. Physical type definition: a machine that prints,"hierarchy-type:medical-wordnet31-03705309-n,wordnet31:04010851-n",IS_A,FDA physical-head scope and WordNet native inclusion,https://open.fda.gov/apis/device/classification/
hierarchy-type:medical-wordnet31-03285555-n,medical electrostatic printer,medical_devices,medical_physical_structure,A medical device that is a electrostatic printer. Physical type definition: a printer that uses an electric charge to deposit toner on paper,"hierarchy-type:medical-wordnet31-04010851-n,wordnet31:03285555-n",IS_A,FDA physical-head scope and WordNet native inclusion,https://open.fda.gov/apis/device/classification/
hierarchy-type:medical-wordnet31-03649051-n,medical laser printer,medical_devices,medical_physical_structure,A medical device that is a laser printer. Physical type definition: electrostatic printer that focuses a laser beam to form images that are transferred to paper electrostatically,"hierarchy-type:medical-wordnet31-03285555-n,wordnet31:03649051-n",IS_A,FDA physical-head scope and WordNet native inclusion,https://open.fda.gov/apis/device/classification/
hierarchy-type:medical-wordnet31-03750331-n,medical memory device,medical_devices,medical_physical_structure,A medical device that is a memory device. Physical type definition: a device that preserves information for retrieval,"wikidata:Q6554101,wordnet31:03750331-n",IS_A,FDA physical-head scope and WordNet native inclusion,https://open.fda.gov/apis/device/classification/
hierarchy-type:medical-wordnet31-03857307-n,medical optical disk,medical_devices,medical_physical_structure,A medical device that is a optical disk. Physical type definition: a disk coated with plastic that can store digital data as tiny pits etched in the surface; is read with a laser that scans the surface,"hierarchy-type:medical-wordnet31-03750331-n,wordnet31:03857307-n",IS_A,FDA physical-head scope and WordNet native inclusion,https://open.fda.gov/apis/device/classification/
hierarchy-type:medical-wordnet31-04541241-n,medical videodisk,medical_devices,medical_physical_structure,A medical device that is a videodisk. Physical type definition: a digital recording (as of a movie) on an optical disk that can be played on a computer or a television set,"hierarchy-type:medical-wordnet31-03857307-n,wordnet31:04541241-n",IS_A,FDA physical-head scope and WordNet native inclusion,https://open.fda.gov/apis/device/classification/
hierarchy-type:medical-wordnet31-04070980-n,medical recording,medical_devices,medical_physical_structure,A medical device that is a recording. Physical type definition: a storage device on which information (sounds or images) have been recorded,"hierarchy-type:medical-wordnet31-03750331-n,wordnet31:04070980-n",IS_A,FDA physical-head scope and WordNet native inclusion,https://open.fda.gov/apis/device/classification/
hierarchy-type:medical-wordnet31-03083234-n,medical compact disk,medical_devices,medical_physical_structure,A medical device that is a compact disk. Physical type definition: a digitally encoded recording on an optical disk that is smaller than a phonograph record; played back by a laser,"hierarchy-type:medical-wordnet31-03857307-n,hierarchy-type:medical-wordnet31-04070980-n,wordnet31:03083234-n",IS_A,FDA physical-head scope and WordNet native inclusion,https://open.fda.gov/apis/device/classification/
hierarchy-type:medical-wordnet31-02991941-n,medical CD-R,medical_devices,medical_physical_structure,A medical device that is a CD-R. Physical type definition: a compact disc on which you can write only once and thereafter is read-only memory,"hierarchy-type:medical-wordnet31-03083234-n,wordnet31:02991941-n",IS_A,FDA physical-head scope and WordNet native inclusion,https://open.fda.gov/apis/device/classification/
hierarchy-type:medical-wordnet31-03641539-n,medical lamp,medical_devices,medical_physical_structure,A medical device that is a lamp. Physical type definition: an artificial source of visible illumination,"hierarchy-type:medical-wordnet31-04270870-n,wordnet31:03641539-n",IS_A,FDA physical-head scope and WordNet native inclusion,https://open.fda.gov/apis/device/classification/
hierarchy-type:medical-wordnet31-03375233-n,medical fluorescent lamp,medical_devices,medical_physical_structure,A medical device that is a fluorescent lamp. Physical type definition: lamp consisting of a tube coated on the inside with a fluorescent material; mercury vapor in the tube emits ultraviolet radiation that is converted to visible radiation by the fluorescent material,"hierarchy-type:medical-wordnet31-03641539-n,wordnet31:03375233-n",IS_A,FDA physical-head scope and WordNet native inclusion,https://open.fda.gov/apis/device/classification/
hierarchy-type:medical-wordnet31-04263428-n,medical sodium-vapor lamp,medical_devices,medical_physical_structure,A medical device that is a sodium-vapor lamp. Physical type definition: lamp in which an electric current passed through a tube of sodium vapor makes a yellow light; used is street lighting,"hierarchy-type:medical-wordnet31-03641539-n,wordnet31:04263428-n",IS_A,FDA physical-head scope and WordNet native inclusion,https://open.fda.gov/apis/device/classification/
hierarchy-type:medical-wordnet31-03215838-n,medical display,medical_devices,medical_physical_structure,A medical device that is a display. Physical type definition: an electronic device that represents information in visual form,"hierarchy-type:medical-wordnet31-03282682-n,wordnet31:03215838-n",IS_A,FDA physical-head scope and WordNet native inclusion,https://open.fda.gov/apis/device/classification/
hierarchy-type:medical-wordnet31-03366226-n,medical flat panel display,medical_devices,medical_physical_structure,A medical device that is a flat panel display. Physical type definition: a type of video display that is thin and flat; commonly used in laptop computers,"hierarchy-type:medical-wordnet31-03215838-n,wordnet31:03366226-n",IS_A,FDA physical-head scope and WordNet native inclusion,https://open.fda.gov/apis/device/classification/
hierarchy-type:medical-wordnet31-03281485-n,medical electromechanical device,medical_devices,medical_physical_structure,A medical device that is a electromechanical device. Physical type definition: a mechanical device that is operated by electricity,"hierarchy-type:medical-wordnet31-03742461-n,wordnet31:03281485-n",IS_A,FDA physical-head scope and WordNet native inclusion,https://open.fda.gov/apis/device/classification/
hierarchy-type:car-combustion,internal-combustion-powered car,cars,propulsion,A car configuration powered by an internal combustion engine.,wordnet31:02961779-n,IS_A,EPA retained powertrain fields,https://www.fueleconomy.gov/feg/ws/index.shtml
hierarchy-type:car-gasoline,gasoline-powered car,cars,propulsion,A car configuration whose documented powertrain is gasoline.,hierarchy-type:car-combustion,IS_A,EPA retained powertrain fields,https://www.fueleconomy.gov/feg/ws/index.shtml
hierarchy-type:car-diesel,diesel-powered car,cars,propulsion,A car configuration whose documented powertrain is diesel.,hierarchy-type:car-combustion,IS_A,EPA retained powertrain fields,https://www.fueleconomy.gov/feg/ws/index.shtml
hierarchy-type:car-electric,electric-powered car,cars,propulsion,A car configuration whose documented powertrain is electric.,wordnet31:02961779-n,IS_A,EPA retained powertrain fields,https://www.fueleconomy.gov/feg/ws/index.shtml
hierarchy-type:car-hybrid,hybrid-powered car,cars,propulsion,A car configuration whose documented powertrain is hybrid.,wordnet31:02961779-n,IS_A,EPA retained powertrain fields,https://www.fueleconomy.gov/feg/ws/index.shtml
envo:ENVO_00000406,mid-ocean ridge,mountain_ranges,native_environmental_feature,"""An underwater mountain range, formed by plate tectonics. This uplifting of the ocean floor occurs when convection currents rise in the mantle beneath the oceanic crust and create magma where two tectonic plates meet at a divergent boundary. The mid-ocean ridges of the world are connected and form a single global mid-oceanic ridge system that is part of every ocean."" [https://en.wikipedia.org/wiki/Mid-ocean_ridge]",envo:ENVO_00000550,IS_A,Environment Ontology native is_a,http://purl.obolibrary.org/obo/ENVO_00000406
envo:ENVO_00000550,range of seamounts,mountain_ranges,native_environmental_feature,"""A mountain range which is submerged under a marine water body."" []",geonames-feature:T.MTS,IS_A,Environment Ontology native is_a,http://purl.obolibrary.org/obo/ENVO_00000550
envo:ENVO_00000264,seamount,mountains,native_environmental_feature,"""A mountain rising from the ocean seafloor that does not reach to the water's surface (sea level), and thus is not an island. Typically formed from volcanoes that rise abruptly and are usually found rising from a seafloor of 1,000 - 4,000 meters depth. Independent features that rise to at least 1,000 meters above the seafloor."" [https://en.wikipedia.org/wiki/Seamount]",wikidata:Q8502,IS_A,Environment Ontology native is_a,http://purl.obolibrary.org/obo/ENVO_00000264
envo:ENVO_00000265,guyot,mountains,native_environmental_feature,"""A flat-topped seamount."" [https://en.wikipedia.org/wiki/Guyot]",envo:ENVO_00000264,IS_A,Environment Ontology native is_a,http://purl.obolibrary.org/obo/ENVO_00000265
envo:ENVO_01001453,terrestrial mountain,mountains,native_environmental_feature,"""A mountain which is located on land and which is bounded by an atmosphere or outer space."" []",wikidata:Q8502,IS_A,Environment Ontology native is_a,http://purl.obolibrary.org/obo/ENVO_01001453
envo:ENVO_01001454,polar mountain,mountains,native_environmental_feature,"""A mountain that is part of a polar environment."" [https://www.unep-wcmc.org/resources-and-data/mountain-watch--environmental-change-sustainable-development-in-mountains]",wikidata:Q8502,IS_A,Environment Ontology native is_a,http://purl.obolibrary.org/obo/ENVO_01001454
envo:ENVO_01001455,temperate mountain,mountains,native_environmental_feature,"""A mountain that is part of a temperate environment."" [https://www.unep-wcmc.org/resources-and-data/mountain-watch--environmental-change-sustainable-development-in-mountains]",wikidata:Q8502,IS_A,Environment Ontology native is_a,http://purl.obolibrary.org/obo/ENVO_01001455
envo:ENVO_01001456,tropical mountain,mountains,native_environmental_feature,"""A mountain that is part of a tropical environment."" [https://www.unep-wcmc.org/resources-and-data/mountain-watch--environmental-change-sustainable-development-in-mountains]",wikidata:Q8502,IS_A,Environment Ontology native is_a,http://purl.obolibrary.org/obo/ENVO_01001456
envo:ENVO_01001459,high-elevation mountain,mountains,native_environmental_feature,"""A mountain which has a maximum elevation greater than 2500 metres above sea level."" [http://dx.doi.org/10.1079/9780851994468.0004, http://www.wikialps.eu/doku.php?id=wiki\:mountain_and_mountain_area, https://wayback.archive-it.org/all/20080511044709/http\://www.unep-wcmc.org/mountains/mountain_watch/pdfs/WholeReport.pdf, https://www.cabi.org/cabebooks/ebook/20000614040]",wikidata:Q8502,IS_A,Environment Ontology native is_a,http://purl.obolibrary.org/obo/ENVO_01001459
envo:ENVO_01001460,mid-elevation mountain,mountains,native_environmental_feature,"""A mountain which has a maximum elevation between 300 and 2499 metres above sea level and slopes greater than or equal to two degrees of inclination."" [http://dx.doi.org/10.1079/9780851994468.0004, http://www.wikialps.eu/doku.php?id=wiki\:mountain_and_mountain_area, https://wayback.archive-it.org/all/20080511044709/http\://www.unep-wcmc.org/mountains/mountain_watch/pdfs/WholeReport.pdf, https://www.cabi.org/cabebooks/ebook/20000614040]",wikidata:Q8502,IS_A,Environment Ontology native is_a,http://purl.obolibrary.org/obo/ENVO_01001460
envo:ENVO_01001461,UNEP-WCMC class 1 mountain,mountains,native_environmental_feature,"""A high-elevation mountain which has a maximum elevation greater than 4500 metres above sea level."" [http://dx.doi.org/10.1079/9780851994468.0004, https://wayback.archive-it.org/all/20080511044709/http\://www.unep-wcmc.org/mountains/mountain_watch/pdfs/WholeReport.pdf, https://www.cabi.org/cabebooks/ebook/20000614040]",envo:ENVO_01001459,IS_A,Environment Ontology native is_a,http://purl.obolibrary.org/obo/ENVO_01001461
envo:ENVO_01001462,UNEP-WCMC class 2 mountain,mountains,native_environmental_feature,"""A high-elevation mountain which has a maximum elevation between 3500 and 4500 metres above sea level."" [http://dx.doi.org/10.1079/9780851994468.0004, https://wayback.archive-it.org/all/20080511044709/http\://www.unep-wcmc.org/mountains/mountain_watch/pdfs/WholeReport.pdf, https://www.cabi.org/cabebooks/ebook/20000614040]",envo:ENVO_01001459,IS_A,Environment Ontology native is_a,http://purl.obolibrary.org/obo/ENVO_01001462
envo:ENVO_01001463,UNEP-WCMC class 3 mountain,mountains,native_environmental_feature,"""A high-elevation mountain which has a maximum elevation between 2500 and 3500 metres above sea level."" [http://dx.doi.org/10.1079/9780851994468.0004, https://wayback.archive-it.org/all/20080511044709/http\://www.unep-wcmc.org/mountains/mountain_watch/pdfs/WholeReport.pdf, https://www.cabi.org/cabebooks/ebook/20000614040]",envo:ENVO_01001459,IS_A,Environment Ontology native is_a,http://purl.obolibrary.org/obo/ENVO_01001463
envo:ENVO_01001464,UNEP-WCMC class 4 mountain,mountains,native_environmental_feature,"""A mid-elevation mountain which has a maximum elevation between 1500 and 2499 metres above sea level and a slope greater than or equal to two degrees."" [http://dx.doi.org/10.1079/9780851994468.0004, https://wayback.archive-it.org/all/20080511044709/http\://www.unep-wcmc.org/mountains/mountain_watch/pdfs/WholeReport.pdf, https://www.cabi.org/cabebooks/ebook/20000614040]",envo:ENVO_01001460,IS_A,Environment Ontology native is_a,http://purl.obolibrary.org/obo/ENVO_01001464
envo:ENVO_01001465,UNEP-WCMC class 5 mountain,mountains,native_environmental_feature,"""A mid-elevation mountain which has a maximum elevation between 1000 and 1499 metres above sea level and either 1) a slope greater than or equal to five degrees or 2) a local elevation range, within a 7 kilometre radius, of greater than 300 metres above sea level."" [http://dx.doi.org/10.1079/9780851994468.0004, https://wayback.archive-it.org/all/20080511044709/http\://www.unep-wcmc.org/mountains/mountain_watch/pdfs/WholeReport.pdf, https://www.cabi.org/cabebooks/ebook/20000614040]",envo:ENVO_01001460,IS_A,Environment Ontology native is_a,http://purl.obolibrary.org/obo/ENVO_01001465
envo:ENVO_01001466,UNEP-WCMC class 6 mountain,mountains,native_environmental_feature,"""A mid-elevation mountain which has a maximum elevation between 300 and 999 metres above sea level and a local elevation range, within a 7 kilometre radius, of greater than 300 metres above sea level."" [http://dx.doi.org/10.1079/9780851994468.0004, https://wayback.archive-it.org/all/20080511044709/http\://www.unep-wcmc.org/mountains/mountain_watch/pdfs/WholeReport.pdf, https://www.cabi.org/cabebooks/ebook/20000614040]",envo:ENVO_01001460,IS_A,Environment Ontology native is_a,http://purl.obolibrary.org/obo/ENVO_01001466
envo:ENVO_00000059,underground river,rivers,native_environmental_feature,"""A river that is under the surface of the Earth."" [MA:ma]",eunis2012:C2,IS_A,Environment Ontology native is_a,http://purl.obolibrary.org/obo/ENVO_00000059
envo:ENVO_01000297,freshwater river,rivers,native_environmental_feature,"""A river where fresh water flows."" [ORCID:0000-0002-4366-3088]",eunis2012:C2,IS_A,Environment Ontology native is_a,http://purl.obolibrary.org/obo/ENVO_01000297
envo:ENVO_01000908,geothermally heated river,rivers,native_environmental_feature,"""A river which is heated by geothermal processes such as heat exchange with lava or hydrothermal percolation."" [http://www.atlasobscura.com/places/the-boiling-river-of-the-amazon]",eunis2012:C2,IS_A,Environment Ontology native is_a,http://purl.obolibrary.org/obo/ENVO_01000908
envo:ENVO_03600015,polluted river,rivers,native_environmental_feature,"""A river which has elevated levels of contaminants."" [https://en.wikipedia.org/wiki/Pollution, https://en.wikipedia.org/wiki/Water_pollution]",eunis2012:C2,IS_A,Environment Ontology native is_a,http://purl.obolibrary.org/obo/ENVO_03600015
envo:ENVO_00000019,saline lake,lakes,native_environmental_feature,"""A lake whose water contains a considerable concentration of dissolved salts."" [MA:ma]",eunis2012:C1,IS_A,Environment Ontology native is_a,http://purl.obolibrary.org/obo/ENVO_00000019
envo:ENVO_00000021,freshwater lake,lakes,native_environmental_feature,"""A lake of whose water contains low concentrations of salts."" [https://en.wikipedia.org/wiki/Freshwater]",eunis2012:C1,IS_A,Environment Ontology native is_a,http://purl.obolibrary.org/obo/ENVO_00000021
envo:ENVO_00000025,reservoir,lakes,native_environmental_feature,"""An artificial body of water, often contained by a dam, constructed for the purpose of water storage."" [MA:ma]",envo:ENVO_00000377,IS_A,Environment Ontology native is_a,http://purl.obolibrary.org/obo/ENVO_00000025
envo:ENVO_00000052,volcanic crater lake,lakes,native_environmental_feature,"""A lake contained within a volcanic crater."" [https://en.wikipedia.org/wiki/Crater_lake, MA:ma]",envo:ENVO_01001062,IS_A,Environment Ontology native is_a,http://purl.obolibrary.org/obo/ENVO_00000052
envo:ENVO_00000058,underground lake,lakes,native_environmental_feature,"""A lake which is formed under the surface of the Earth. Such a lake may be associated with caves and aquifers and springs."" [https://en.wikipedia.org/wiki/Lake#Types_of_lakes]",eunis2012:C1,IS_A,Environment Ontology native is_a,http://purl.obolibrary.org/obo/ENVO_00000058
envo:ENVO_00000165,asphalt lake,lakes,native_environmental_feature,"""A lake formed of a natural deposit of alphalt, a black, highly viscous liquid or semi-solid composed of fossil hydrocarbons."" [MA:ma]",eunis2012:C1,IS_A,Environment Ontology native is_a,http://purl.obolibrary.org/obo/ENVO_00000165
envo:ENVO_00000197,endorheic lake,lakes,native_environmental_feature,"""A lake from which there is no outflow of water, either on the surface as rivers, or underground by flow or diffusion through rock or permeable material."" [https://en.wikipedia.org/wiki/Endorheic]",eunis2012:C1,IS_A,Environment Ontology native is_a,http://purl.obolibrary.org/obo/ENVO_00000197
envo:ENVO_00000198,ice-covered lake,lakes,native_environmental_feature,"""A lake permanently covered by ice."" [https://en.wikipedia.org/wiki/Lake#Types_of_lakes]",envo:ENVO_00000488,IS_A,Environment Ontology native is_a,http://purl.obolibrary.org/obo/ENVO_00000198
envo:ENVO_00000199,meromictic lake,lakes,native_environmental_feature,"""A lake which has layers of water which do not intermix."" [https://en.wikipedia.org/wiki/Lake#Types_of_lakes]",eunis2012:C1,IS_A,Environment Ontology native is_a,http://purl.obolibrary.org/obo/ENVO_00000199
envo:ENVO_00000200,periglacial lake,lakes,native_environmental_feature,"""A lake, part of whose margin is formed by an ice mass, ice cap or glacier, the ice having obstructed the natural drainage of the land."" [https://en.wikipedia.org/wiki/Lake#Types_of_lakes]",envo:ENVO_00000488,IS_A,Environment Ontology native is_a,http://purl.obolibrary.org/obo/ENVO_00000200
envo:ENVO_00000201,fjord lake,lakes,native_environmental_feature,"""A lake in a glacially eroded valley, which has been eroded below sea level."" [https://en.wikipedia.org/wiki/Lake#Types_of_lakes]",eunis2012:C1,IS_A,Environment Ontology native is_a,http://purl.obolibrary.org/obo/ENVO_00000201
envo:ENVO_00000202,oxbow lake,lakes,native_environmental_feature,"""A lake which is formed when a wide meander from a stream or a river is cut off to form a lake. They are called oxbow lakes due to the distinctive curved shape that results from this process."" [https://en.wikipedia.org/wiki/Lake#Types_of_lakes]",eunis2012:C1,IS_A,Environment Ontology native is_a,http://purl.obolibrary.org/obo/ENVO_00000202
envo:ENVO_00000203,rift lake,lakes,native_environmental_feature,"""A lake which fills a depression that has formed as a result of subsidence along a a rift zone, an area of extensional tectonics in the continental crust."" [https://en.wikipedia.org/wiki/Lake#Types_of_lakes] {comment=""https://en.wikipedia.org/wiki/Rift_lake""}",envo:ENVO_01001092,IS_A,Environment Ontology native is_a,http://purl.obolibrary.org/obo/ENVO_00000203
envo:ENVO_00000377,artificial lake,lakes,native_environmental_feature,"""A lake purposefully constructed."" [MA:ma]",eunis2012:C1,IS_A,Environment Ontology native is_a,http://purl.obolibrary.org/obo/ENVO_00000377
envo:ENVO_00000378,canal head reservoir,lakes,native_environmental_feature,"""A reservoir constructed for the purpose of maintaining water levels in a canal or canals."" [https://en.wikipedia.org/wiki/Reservoir]",envo:ENVO_00000025,IS_A,Environment Ontology native is_a,http://purl.obolibrary.org/obo/ENVO_00000378
envo:ENVO_00000435,proglacial lake,lakes,native_environmental_feature,"""A lake formed either by the damming action of a moraine or ice dam during the retreat of a melting glacier, or one formed by meltwater trapped against an ice mass due to isostatic depression of the crust around the ice."" [https://en.wikipedia.org/wiki/Proglacial_lake]",envo:ENVO_00000488,IS_A,Environment Ontology native is_a,http://purl.obolibrary.org/obo/ENVO_00000435
envo:ENVO_00000443,flood control reservoir,lakes,native_environmental_feature,"""A reservoir constructed for the purpose of containing a flood, an overflow of water from a body of water that sumerges land."" [MA:ma]",envo:ENVO_00000025,IS_A,Environment Ontology native is_a,http://purl.obolibrary.org/obo/ENVO_00000443
envo:ENVO_00000448,hydroelectric reservoir,lakes,native_environmental_feature,"""A reservoir constructed for the purpose of generating electricity."" [https://en.wikipedia.org/wiki/Reservoir]",envo:ENVO_00000025,IS_A,Environment Ontology native is_a,http://purl.obolibrary.org/obo/ENVO_00000448
envo:ENVO_00000449,drinking water reservoir,lakes,native_environmental_feature,"""A reservoir constructed for the purpose of providing drinking water."" [https://en.wikipedia.org/wiki/Reservoir]",envo:ENVO_00000025,IS_A,Environment Ontology native is_a,http://purl.obolibrary.org/obo/ENVO_00000449
envo:ENVO_00000450,irrigation reservoir,lakes,native_environmental_feature,"""A reservoir constructed for the purpose of providing water for irrigation."" [https://en.wikipedia.org/wiki/Reservoir]",envo:ENVO_00000025,IS_A,Environment Ontology native is_a,http://purl.obolibrary.org/obo/ENVO_00000450
envo:ENVO_00000451,amenity lake,lakes,native_environmental_feature,"""A lake constructed, or modified, for the chief purpose of providing an amenity."" [MA:ma]",envo:ENVO_00000377,IS_A,Environment Ontology native is_a,http://purl.obolibrary.org/obo/ENVO_00000451
envo:ENVO_00000452,ribbon lake,lakes,native_environmental_feature,"""A lake that is long, narrow, and finger-shaped, usually found in a glacial trough. Its formation begins when a glacier moves over an area containing alternate bands of hard and soft bedrock. The sharp-edged boulders carried at the bottom of the glacier erode the softer rock more quickly by abrasion, thus creating a hollow called a rock basin. On either side of the rock basin, the more resistant rock is eroded less and these outcrops of harder rock are known as rock bars, which act as dams between which rainwater may accumulate after the retreat of the ice age, filling up the rock basin and creating a ribbon lake. A ribbon lake may also form behind a terminal or recessional moraine, both of which also act as dams, enabling water to accumulate behind them. A ribbon lake may also occur if a tributary glacier joins a main glacier. The increase in power can create a trough, which is filled with water from a river/meltwater to create a ribbon lake."" [https://en.wikipedia.org/wiki/Ribbon_lake]",eunis2012:C1,IS_A,Environment Ontology native is_a,http://purl.obolibrary.org/obo/ENVO_00000452
envo:ENVO_00000455,tarn,lakes,native_environmental_feature,"""A mountain lake that is formed in a cirque excavated by a glacier. A moraine may form a natural dam below a tarn."" [https://en.wikipedia.org/wiki/Tarn_(lake)]",eunis2012:C1,IS_A,Environment Ontology native is_a,http://purl.obolibrary.org/obo/ENVO_00000455
envo:ENVO_00000487,paternoster lake,lakes,native_environmental_feature,"""One of a series of glacial lakes connected by a single stream or a braided stream system."" [https://en.wikipedia.org/wiki/Paternoster_lake]",envo:ENVO_00000488,IS_A,Environment Ontology native is_a,http://purl.obolibrary.org/obo/ENVO_00000487
envo:ENVO_00000488,glacial lake,lakes,native_environmental_feature,"""A lake which is primarily composed of glacial meltwater and which fills a depression formed as a result of a glacial erosion process."" [https://en.wikipedia.org/wiki/Glacial_lake]",eunis2012:C1,IS_A,Environment Ontology native is_a,http://purl.obolibrary.org/obo/ENVO_00000488
envo:ENVO_00000503,container of an intermittent oxbow lake,lakes,native_environmental_feature,"""A depression which is continous with one or more abandoned meander loops of a river channel."" [https://orcid.org/0000-0002-4366-3088, https://www.britannica.com/science/oxbow-lake, MA:ma]",envo:ENVO_00000202,IS_A,Environment Ontology native is_a,http://purl.obolibrary.org/obo/ENVO_00000503
envo:ENVO_00000540,brackish lake,lakes,native_environmental_feature,"""A lake which is primarily composed of brackish water, having a higher salinity than fresh water but a lower salinity than marine water."" []",envo:ENVO_00000019,IS_A,Environment Ontology native is_a,http://purl.obolibrary.org/obo/ENVO_00000540
envo:ENVO_00002121,alkaline salt lake,lakes,native_environmental_feature,"""A saline lake which has a high pH."" []",envo:ENVO_00000019,IS_A,Environment Ontology native is_a,http://purl.obolibrary.org/obo/ENVO_00002121
envo:ENVO_01000284,amictic lake,lakes,native_environmental_feature,"""A lake which is permanently covered by ice, does not mix, and exhibit inverse cold water stratification whereby water temperature increases with depth below the ice surface."" [https://en.wikipedia.org/wiki/Amictic_lake]",eunis2012:C1,IS_A,Environment Ontology native is_a,http://purl.obolibrary.org/obo/ENVO_01000284
envo:ENVO_01000285,holomictic lake,lakes,native_environmental_feature,"""A holomictic lake is a lake which mixes at least once per year. Mixing is caused by a uniform temperature distribution from the upper to lower layers of the lake."" [DOI:10.1139/f83-207, https://en.wikipedia.org/wiki/Holomictic]",eunis2012:C1,IS_A,Environment Ontology native is_a,http://purl.obolibrary.org/obo/ENVO_01000285
envo:ENVO_01000286,dimictic lake,lakes,native_environmental_feature,"""A dimitic lake is a holomictic lake which mixes from top to bottom during two mixing periods each year. Mixing typically occurs during the spring and autumn, when the lake is \""isothermal\"" (i.e., at the same temperature from the top to the bottom). At this time the water throughout the lake is about 4°C, and, in the absence of any temperature or density differences, the lake readily mixes from top to bottom. These lakes are common in regions with temperate climates."" [DOI:10.1139/f83-207, https://en.wikipedia.org/wiki/Dimictic_lake]",envo:ENVO_01000285,IS_A,Environment Ontology native is_a,http://purl.obolibrary.org/obo/ENVO_01000286
envo:ENVO_01000287,polymictic lake,lakes,native_environmental_feature,"""A polymictic lake is a holomictic lake which is too shallow to allow thermal stratification and which can mix from top to bottom through the ice-free period of the year."" [DOI:10.1139/f83-207, https://en.wikipedia.org/wiki/Polymictic]",envo:ENVO_01000285,IS_A,Environment Ontology native is_a,http://purl.obolibrary.org/obo/ENVO_01000287
envo:ENVO_01000288,monomictic lake,lakes,native_environmental_feature,"""A monomictic  lake is a holomictic lake which mixes from top to bottom during one mixing period each year."" [DOI:10.1139/f83-207, https://en.wikipedia.org/wiki/Monomictic]",envo:ENVO_01000285,IS_A,Environment Ontology native is_a,http://purl.obolibrary.org/obo/ENVO_01000288
envo:ENVO_01000289,cold monomictic lake,lakes,native_environmental_feature,"""A monomictic lake which is covered by ice throughout much of the year and only mixes when its surface ice melts and the lake lacks thermal stratification."" [https://en.wikipedia.org/wiki/Monomictic]",envo:ENVO_01000288,IS_A,Environment Ontology native is_a,http://purl.obolibrary.org/obo/ENVO_01000289
envo:ENVO_01000290,warm monomictic lake,lakes,native_environmental_feature,"""A monomictic lake which does not freeze and is thermally stratified throughout most of the year, only mixing in winter when cooler temperatures ease stratification."" [https://en.wikipedia.org/wiki/Monomictic]",envo:ENVO_01000288,IS_A,Environment Ontology native is_a,http://purl.obolibrary.org/obo/ENVO_01000290
envo:ENVO_01000291,cold polymictic lake,lakes,native_environmental_feature,"""A cold polymictic lake is a polymictic lake which is covered by ice in winter."" [DOI:10.1139/f83-207, https://en.wikipedia.org/wiki/Polymictic]",envo:ENVO_01000287,IS_A,Environment Ontology native is_a,http://purl.obolibrary.org/obo/ENVO_01000291
envo:ENVO_01000292,warm polymictic lake,lakes,native_environmental_feature,"""A warm polymictic lake is a polymictic lake which is not covered by ice at any point during the year."" [DOI:10.1139/f83-207, https://en.wikipedia.org/wiki/Polymictic]",envo:ENVO_01000287,IS_A,Environment Ontology native is_a,http://purl.obolibrary.org/obo/ENVO_01000292
envo:ENVO_01000548,eutrophic lake,lakes,native_environmental_feature,"""A lake which has nutrient-rich water."" []",eunis2012:C1,IS_A,Environment Ontology native is_a,http://purl.obolibrary.org/obo/ENVO_01000548
envo:ENVO_01000680,polluted lake,lakes,native_environmental_feature,"""A lake which has concentrations of environmental contaminants high enough to harm the ecosystems associated with it."" []",eunis2012:C1,IS_A,Environment Ontology native is_a,http://purl.obolibrary.org/obo/ENVO_01000680
envo:ENVO_01000774,oligotrophic lake,lakes,native_environmental_feature,"""A lake which has nutrient-poor water."" [https://en.wikipedia.org/wiki/Trophic_state_index]",eunis2012:C1,IS_A,Environment Ontology native is_a,http://purl.obolibrary.org/obo/ENVO_01000774
envo:ENVO_01000775,mesotrophic lake,lakes,native_environmental_feature,"""A lake with medium nutrient levels, which allow moderate productivity."" []",eunis2012:C1,IS_A,Environment Ontology native is_a,http://purl.obolibrary.org/obo/ENVO_01000775
envo:ENVO_01000824,exorheic lake,lakes,native_environmental_feature,"""A lake from which water constantly flows out of under almost all climatic circumstances, maintaining low concentrations of dissolved solid relative to endorheic lakes."" [https://en.wikipedia.org/wiki/Open_and_closed_lakes]",eunis2012:C1,IS_A,Environment Ontology native is_a,http://purl.obolibrary.org/obo/ENVO_01000824
envo:ENVO_01001019,hypereutrophic lake,lakes,native_environmental_feature,"""A lake which is composed primarily of water with very high nutrient concentrations."" [https://github.com/EnvironmentOntology/envo/issues/529]",envo:ENVO_01000548,IS_A,Environment Ontology native is_a,http://purl.obolibrary.org/obo/ENVO_01001019
envo:ENVO_01001020,hypersaline lake,lakes,native_environmental_feature,"""A lake which is primarily composed of water with a concentration of dissolved salts greater than that of ocean water."" [https://en.wikipedia.org/wiki/Hypersaline_lake]",envo:ENVO_00000019,IS_A,Environment Ontology native is_a,http://purl.obolibrary.org/obo/ENVO_01001020
envo:ENVO_01001021,humic lake,lakes,native_environmental_feature,"""A lake which is composed primarily water with high concentrations of humic substances and organic acids, resulting in brown- or tea-coloured colouration."" [https://en.wikipedia.org/wiki/Dystrophic_lake]",eunis2012:C1,IS_A,Environment Ontology native is_a,http://purl.obolibrary.org/obo/ENVO_01001021
envo:ENVO_01001022,natural lake,lakes,native_environmental_feature,"""A lake which has formed as the result of processes that are not or are only minimally driven by human activity."" []",eunis2012:C1,IS_A,Environment Ontology native is_a,http://purl.obolibrary.org/obo/ENVO_01001022
envo:ENVO_01001061,caldera lake,lakes,native_environmental_feature,"""A lake which is contained within a caldera."" [https://en.wikipedia.org/wiki/Crater_lake]",envo:ENVO_00000052,IS_A,Environment Ontology native is_a,http://purl.obolibrary.org/obo/ENVO_01001061
envo:ENVO_01001062,crater lake,lakes,native_environmental_feature,"""A lake contained within a crater."" [https://en.wikipedia.org/wiki/Crater_lake, MA:ma]",eunis2012:C1,IS_A,Environment Ontology native is_a,http://purl.obolibrary.org/obo/ENVO_01001062
envo:ENVO_01001065,meteorite lake,lakes,native_environmental_feature,"""A lake which is contained in a crater formed by a meteorite impact."" [https://en.wikipedia.org/wiki/Lake#Meteorite_.28extraterrestrial_impact.2F_crater.29_lakes]",envo:ENVO_01001070,IS_A,Environment Ontology native is_a,http://purl.obolibrary.org/obo/ENVO_01001065
envo:ENVO_01001070,impact crater lake,lakes,native_environmental_feature,"""A lake which is contained in a crater formed by an impact event."" [https://en.wikipedia.org/wiki/Lake#Meteorite_.28extraterrestrial_impact.2F_crater.29_lakes]",envo:ENVO_01001062,IS_A,Environment Ontology native is_a,http://purl.obolibrary.org/obo/ENVO_01001070
envo:ENVO_01001072,anoxic lake,lakes,native_environmental_feature,"""A lake which is primarily composed of anoxic water."" []",eunis2012:C1,IS_A,Environment Ontology native is_a,http://purl.obolibrary.org/obo/ENVO_01001072
envo:ENVO_01001073,lake with an anoxic hypolimnion,lakes,native_environmental_feature,"""A lake which has a hypolimnion composed primarily of anoxic water."" [http://dx.doi.org/10.4319/lo.1984.29.1.0111]",eunis2012:C1,IS_A,Environment Ontology native is_a,http://purl.obolibrary.org/obo/ENVO_01001073
envo:ENVO_01001074,lake with a hypoxic hypolimnion,lakes,native_environmental_feature,"""A lake which has a hypolimnion composed primarily of hypoxic water."" [http://dx.doi.org/10.4319/lo.1984.29.1.0111]",eunis2012:C1,IS_A,Environment Ontology native is_a,http://purl.obolibrary.org/obo/ENVO_01001074
envo:ENVO_01001075,hypoxic lake,lakes,native_environmental_feature,"""A lake which is primarily composed of hypoxic water."" []",eunis2012:C1,IS_A,Environment Ontology native is_a,http://purl.obolibrary.org/obo/ENVO_01001075
envo:ENVO_01001076,oxic lake,lakes,native_environmental_feature,"""A lake which is primarily composed of oxic water."" []",eunis2012:C1,IS_A,Environment Ontology native is_a,http://purl.obolibrary.org/obo/ENVO_01001076
envo:ENVO_01001077,lake with an oxic hypolimnion,lakes,native_environmental_feature,"""A lake which has a hypolimnion composed primarily of oxic water."" [http://dx.doi.org/10.4319/lo.1984.29.1.0111]",eunis2012:C1,IS_A,Environment Ontology native is_a,http://purl.obolibrary.org/obo/ENVO_01001077
envo:ENVO_01001092,tectonic lake,lakes,native_environmental_feature,"""A lake which is contained in a depression formed by the deformation and resulting lateral and vertical movements of a lithosphere."" [https://en.wikipedia.org/wiki/Lake#Tectonic_lakes]",eunis2012:C1,IS_A,Environment Ontology native is_a,http://purl.obolibrary.org/obo/ENVO_01001092
envo:ENVO_01001105,aeolian lake,lakes,native_environmental_feature,"""A lake which fills a basin that has been dammed by wind-blown sand,  formed between sand dunes oriented by winds; or formed by wind action under previously arid paleoenvironments."" [https://en.wikipedia.org/wiki/Lake#Aeolian_lakes]",eunis2012:C1,IS_A,Environment Ontology native is_a,http://purl.obolibrary.org/obo/ENVO_01001105
envo:ENVO_01001106,landslide lake,lakes,native_environmental_feature,"""A lake which fills a depression where drainage is blocked by solid material transported by a landslide."" [https://en.wikipedia.org/wiki/Lake#Landslide_lakes]",eunis2012:C1,IS_A,Environment Ontology native is_a,http://purl.obolibrary.org/obo/ENVO_01001106
envo:ENVO_01001107,rockslide lake,lakes,native_environmental_feature,"""A lake which fills a depression where drainage is blocked by solid material transported by a rockslide."" [https://en.wikipedia.org/wiki/Lake#Landslide_lakes]",envo:ENVO_01001106,IS_A,Environment Ontology native is_a,http://purl.obolibrary.org/obo/ENVO_01001107
envo:ENVO_03000035,supraglacial lake,lakes,native_environmental_feature,"""A water body which is located in a depression within the surface of a glacier."" [https://en.wikipedia.org/wiki/Supraglacial_lake]",eunis2012:C1,IS_A,Environment Ontology native is_a,http://purl.obolibrary.org/obo/ENVO_03000035
envo:ENVO_03000053,intraglacial lake,lakes,native_environmental_feature,"""A lake which is comprised of meltwater located underneath or within a glacier."" [https://www.researchgate.net/publication/258663667_Detection_of_a_subglacial_lake_in_Glacier_de_Tete_Rousse_Mont_Blanc_area_France, https://www.researchgate.net/publication/313281555_Antarctic_subglacial_lakes_drain_through_sediment-floored_canals_Theory_and_model_testing_on_real_and_idealized_domains]",eunis2012:C1,IS_A,Environment Ontology native is_a,http://purl.obolibrary.org/obo/ENVO_03000053
envo:ENVO_03000082,thermokarst lake,lakes,native_environmental_feature,"""A freshwater lake which fills a depression formed by the erosion of thermokarst caused by permafrost thaw."" [https://en.wikipedia.org/wiki/Thermokarst]",envo:ENVO_00000021,IS_A,Environment Ontology native is_a,http://purl.obolibrary.org/obo/ENVO_03000082
envo:ENVO_03000083,methane-releasing thermokarst lake,lakes,native_environmental_feature,"""A thermokarst lake through which methane gas released from thawing permafrost, or other methane stores, rises and escapes to the atmosphere."" [http://www.sciencealert.com/photos-reveal-more-than-200-bright-blue-arctic-lakes-have-started-bubbling-with-methane-gas]",envo:ENVO_03000082,IS_A,Environment Ontology native is_a,http://purl.obolibrary.org/obo/ENVO_03000083
envo:ENVO_03000120,subglacial lake,lakes,native_environmental_feature,"""A lake which is situated beneath a glacier."" [https://en.wikipedia.org/wiki/Subglacial_lake]",envo:ENVO_00000198,IS_A,Environment Ontology native is_a,http://purl.obolibrary.org/obo/ENVO_03000120
envo:ENVO_03600041,marine lake,lakes,native_environmental_feature,"""A lake which is connected to a marine water body via tunnels or cracks in the soil."" [https://en.wikipedia.org/wiki/Marine_lake]",eunis2012:C1,IS_A,Environment Ontology native is_a,http://purl.obolibrary.org/obo/ENVO_03600041
envo:ENVO_00000099,artificial island,islands,native_environmental_feature,"""An island constructed by human effort."" [MA:ma]",wikidata:Q23442,IS_A,Environment Ontology native is_a,http://purl.obolibrary.org/obo/ENVO_00000099
envo:ENVO_00000103,mangrove island,islands,native_environmental_feature,"""An island formed of trees and shrubs that grow in saline coastal habitats in the tropics and subtropics."" [https://en.wikipedia.org/wiki/Mangrove]",wikidata:Q23442,IS_A,Environment Ontology native is_a,http://purl.obolibrary.org/obo/ENVO_00000103
envo:ENVO_00000166,atoll,islands,native_environmental_feature,"""An oceanic island, often having a characteristic ring-like shape surrounding a lagoon. Atolls are formed when coral reef grows around a volcanic island that later subsides into the ocean."" [https://en.wikipedia.org/wiki/Atoll]",envo:ENVO_00000222,IS_A,Environment Ontology native is_a,http://purl.obolibrary.org/obo/ENVO_00000166
envo:ENVO_00000221,continental island,islands,native_environmental_feature,"""An island that lies on a continental shelf."" [https://en.wikipedia.org/wiki/Island#Continental_island]",wikidata:Q23442,IS_A,Environment Ontology native is_a,http://purl.obolibrary.org/obo/ENVO_00000221
envo:ENVO_00000222,oceanic island,islands,native_environmental_feature,"""An island that does not sit on a continental shelf, and is of volcanic origin."" [https://en.wikipedia.org/wiki/Island#Oceanic_islands]",wikidata:Q23442,IS_A,Environment Ontology native is_a,http://purl.obolibrary.org/obo/ENVO_00000222
envo:ENVO_00000269,land-tied island,islands,native_environmental_feature,"""A continental island connected to its adjacent land by a natural feature, such as a causeway."" [MA:ma]",envo:ENVO_00000221,IS_A,Environment Ontology native is_a,http://purl.obolibrary.org/obo/ENVO_00000269
envo:ENVO_00000368,ephemeral island,islands,native_environmental_feature,"""An island, usually the consequence of the activity of a submarine volcano, that only exists for a short period or short periods of time after its formation, then being eroded or otherwise disappearing beneath the surface of a body of water."" [MA:ma]",wikidata:Q23442,IS_A,Environment Ontology native is_a,http://purl.obolibrary.org/obo/ENVO_00000368
envo:ENVO_00000423,river island,islands,native_environmental_feature,"""An island that lies in a river."" [MA:ma]",wikidata:Q23442,IS_A,Environment Ontology native is_a,http://purl.obolibrary.org/obo/ENVO_00000423
envo:ENVO_00000424,lake island,islands,native_environmental_feature,"""An island that lies in a lake."" [MA:ma]",wikidata:Q23442,IS_A,Environment Ontology native is_a,http://purl.obolibrary.org/obo/ENVO_00000424
envo:ENVO_03501240,skerry,islands,native_environmental_feature,"""An island which is small, principally composed of rock, and usually too small for human habitation."" [https://en.wikipedia.org/wiki/Skerry]",wikidata:Q23442,IS_A,Environment Ontology native is_a,http://purl.obolibrary.org/obo/ENVO_03501240
envo:ENVO_03501242,desert island,islands,native_environmental_feature,"""An island that is not permanently populated by humans."" [https://en.wikipedia.org/wiki/Desert_island]",wikidata:Q23442,IS_A,Environment Ontology native is_a,http://purl.obolibrary.org/obo/ENVO_03501242
envo:ENVO_03600034,cay,islands,native_environmental_feature,"""An island which is small, low in elevation, sandy, and located on the surface of a coral reef."" [https://en.wikipedia.org/wiki/Cay]",wikidata:Q23442,IS_A,Environment Ontology native is_a,http://purl.obolibrary.org/obo/ENVO_03600034
envo:ENVO_1000749,microcontinental island,islands,native_environmental_feature,"""An island created when a continent is rifted."" [https://en.wikipedia.org/wiki/Island]",envo:ENVO_00000221,IS_A,Environment Ontology native is_a,http://purl.obolibrary.org/obo/ENVO_1000749
envo:ENVO_1000750,depositional island,islands,native_environmental_feature,"""An island formed by deposition of solid material such as sand or small rocks where a water current loses some of its carrying capacity."" [https://en.wikipedia.org/wiki/Island]",wikidata:Q23442,IS_A,Environment Ontology native is_a,http://purl.obolibrary.org/obo/ENVO_1000750
envo:ENVO_1000751,barrier island,islands,native_environmental_feature,"""An island formed by the accumulation of sand deposited by sea currents on a continental shelves"" [https://en.wikipedia.org/wiki/Island]",envo:ENVO_1000750,IS_A,Environment Ontology native is_a,http://purl.obolibrary.org/obo/ENVO_1000751
envo:ENVO_00000092,sea beach,beaches,native_environmental_feature,"""A beach which is part of a sea shore."" [https://en.wikipedia.org/wiki/Beach]",wikidata:Q40080,IS_A,Environment Ontology native is_a,http://purl.obolibrary.org/obo/ENVO_00000092
envo:ENVO_00000093,lacustrine beach,beaches,native_environmental_feature,"""A beach which is part of a lake shore."" [MA:ma]",wikidata:Q40080,IS_A,Environment Ontology native is_a,http://purl.obolibrary.org/obo/ENVO_00000093
envo:ENVO_00000415,raised beach,beaches,native_environmental_feature,"""A beach or wave cut platform raised above the shore line by a relative fall in the sea level."" [https://en.wikipedia.org/wiki/Raised_beach]",wikidata:Q40080,IS_A,Environment Ontology native is_a,http://purl.obolibrary.org/obo/ENVO_00000415
envo:ENVO_00000417,machair,beaches,native_environmental_feature,"""A fertile low-lying raised beach found on the some of the coastlines of Ireland and Scotland, in particular in the Outer Hebrides."" [https://en.wikipedia.org/wiki/Machair_%28geography%29]",envo:ENVO_00000415,IS_A,Environment Ontology native is_a,http://purl.obolibrary.org/obo/ENVO_00000417
envo:ENVO_00000545,shingle beach,beaches,native_environmental_feature,"""A beach which is armoured with pebbles or small to medium sized cobbles."" [https://en.wikipedia.org/wiki/Shingle_beach]",wikidata:Q40080,IS_A,Environment Ontology native is_a,http://purl.obolibrary.org/obo/ENVO_00000545
envo:ENVO_00002199,sandy beach,beaches,native_environmental_feature,"""A beach which is primarily composed of sand."" []",wikidata:Q40080,IS_A,Environment Ontology native is_a,http://purl.obolibrary.org/obo/ENVO_00002199
envo:ENVO_00000031,wadi,valleys,native_environmental_feature,"""A valley or ravine, bounded by relatively steep banks, which in the rainy season becomes a watercourse."" [Geonames:feature]",wikidata:Q39816,IS_A,Environment Ontology native is_a,http://purl.obolibrary.org/obo/ENVO_00000031
envo:ENVO_00000128,dry valley,valleys,native_environmental_feature,"""A valley which no longer has water flowing or accumulating over its surface."" [https://en.wikipedia.org/wiki/Dry_valley]",wikidata:Q39816,IS_A,Environment Ontology native is_a,http://purl.obolibrary.org/obo/ENVO_00000128
envo:ENVO_00000129,stream valley,valleys,native_environmental_feature,"""A valley that contains, and has been formed by, a stream."" [MA:ma]",wikidata:Q39816,IS_A,Environment Ontology native is_a,http://purl.obolibrary.org/obo/ENVO_00000129
envo:ENVO_00000155,cirque,valleys,native_environmental_feature,"""A depression which is semicircular or crescent-shaped, found towards the crest of a mountain, and formed by the erosional processes caused by the motion of a glacier."" [http://www.antarctica.ac.uk/apc/genericterms.html, http://www.thefreedictionary.com/Glacial+cirque, USGS:SDTS]",envo:ENVO_00000248,IS_A,Environment Ontology native is_a,http://purl.obolibrary.org/obo/ENVO_00000155
envo:ENVO_00000169,canyon,valleys,native_environmental_feature,"""Relatively narrow, deep depression with steep sides, the bottom of which generally has a continuous slope."" [ADL:FTT]",wikidata:Q39816,IS_A,Environment Ontology native is_a,http://purl.obolibrary.org/obo/ENVO_00000169
envo:ENVO_00000171,river valley,valleys,native_environmental_feature,"""A valley that contains, and has been formed by, a river."" [MA:ma]",envo:ENVO_00000129,IS_A,Environment Ontology native is_a,http://purl.obolibrary.org/obo/ENVO_00000171
envo:ENVO_00000184,hanging valley,valleys,native_environmental_feature,"""A tributary valley with the floor at a higher relief than the main channel into which it flows. They are most commonly associated with U-shaped valleys when a tributary glacier flows into a glacier of larger volume."" [https://en.wikipedia.org/wiki/Valley#Hanging_valleys]",envo:ENVO_00000248,IS_A,Environment Ontology native is_a,http://purl.obolibrary.org/obo/ENVO_00000184
envo:ENVO_00000248,glacial valley,valleys,native_environmental_feature,"""A valley that contains, or contained, a glacier and was formed by glacial activity. Typically U-shaped in cross-section."" [MA:ma]",wikidata:Q39816,IS_A,Environment Ontology native is_a,http://purl.obolibrary.org/obo/ENVO_00000248
envo:ENVO_00000267,submarine canyon,valleys,native_environmental_feature,"""A steep-sided valley on the sea floor of the continental slope. Many submarine canyons are found as extensions to large rivers; however there are many that have no such association. Canyons cutting the continental slopes have been found at depths greater than 2 km below sea level. Many submarine canyons continue as submarine channels across continental rise areas and may extend for hundreds of kilometers."" [https://en.wikipedia.org/wiki/Submarine_canyon]",envo:ENVO_00000169,IS_A,Environment Ontology native is_a,http://purl.obolibrary.org/obo/ENVO_00000267
envo:ENVO_00000302,rift valley,valleys,native_environmental_feature,"""A valley created by the formation of a rift, i.e. place where a planet's lithosphere is being pulled apart by tectonic forces."" [https://en.wikipedia.org/wiki/Rift_valley]",wikidata:Q39816,IS_A,Environment Ontology native is_a,http://purl.obolibrary.org/obo/ENVO_00000302
envo:ENVO_00000308,dune slack,valleys,native_environmental_feature,"""A valley or trough between two dunes."" [MA:ma]",wikidata:Q39816,IS_A,Environment Ontology native is_a,http://purl.obolibrary.org/obo/ENVO_00000308
envo:ENVO_00000418,ria,valleys,native_environmental_feature,"""A submergent coastal landform that forms where sea levels rise relative to the land either as a result of eustatic sea level change; where the global sea levels rise or isostatic sea level change; where the land sinks. When this happens valleys which were previously at sea level become submerged."" [https://en.wikipedia.org/wiki/Ria]",wikidata:Q39816,IS_A,Environment Ontology native is_a,http://purl.obolibrary.org/obo/ENVO_00000418
envo:ENVO_00000436,tunnel valley,valleys,native_environmental_feature,"""A deep but narrow valley with a 'U' shaped cross-section and frequently a 'U' shaped plan which is usually found filled with glacial till. It is formed when the edge of an ice mass advances up a slope. Its length may be appropriately measured in centimetres or kilometres, depending on the circumstances of formation."" [https://en.wikipedia.org/wiki/Tunnel_valley]",envo:ENVO_00000248,IS_A,Environment Ontology native is_a,http://purl.obolibrary.org/obo/ENVO_00000436
envo:ENVO_00000437,Nye channel,valleys,native_environmental_feature,"""A small tunnel valley."" [https://en.wikipedia.org/wiki/Tunnel_valley]",envo:ENVO_00000436,IS_A,Environment Ontology native is_a,http://purl.obolibrary.org/obo/ENVO_00000437
envo:ENVO_00000439,dell,valleys,native_environmental_feature,"""A small wooded valley, either U- or V-shaped."" [https://en.wikipedia.org/wiki/Dell_%28landform%29]",wikidata:Q39816,IS_A,Environment Ontology native is_a,http://purl.obolibrary.org/obo/ENVO_00000439
envo:ENVO_00000567,calanque,valleys,native_environmental_feature,"""A deep valley with steep sides, typically of limestone, in part submerged by the sea."" [https://en.wikipedia.org/wiki/Calanque]",wikidata:Q39816,IS_A,Environment Ontology native is_a,http://purl.obolibrary.org/obo/ENVO_00000567
envo:ENVO_0010162,dry stream valley,valleys,native_environmental_feature,"""A dry valley which was formed as a result of erosion due to stream formation and flow."" []",envo:ENVO_00000128,IS_A,Environment Ontology native is_a,http://purl.obolibrary.org/obo/ENVO_0010162
envo:ENVO_0010163,dry river valley,valleys,native_environmental_feature,"""A dry stream valley which was formed as a result of erosion due to river formation and flow."" []",envo:ENVO_0010162,IS_A,Environment Ontology native is_a,http://purl.obolibrary.org/obo/ENVO_0010163
envo:ENVO_01000446,ravine,valleys,native_environmental_feature,"""A ravine is a small, narrow, steep-sided valley that is larger than a gully and smaller than a canyon and that is usually worn by running water."" [http://www.merriam-webster.com/dictionary/ravine]",wikidata:Q39816,IS_A,Environment Ontology native is_a,http://purl.obolibrary.org/obo/ENVO_01000446
envo:ENVO_00000350,somma volcano,volcanoes,native_environmental_feature,"""A volcanic caldera that has been partially filled by a new central cone."" [wiki:http\\\://en.wikipedia.org/wiki/Somma]",wikidata:Q8072,IS_A,Environment Ontology native is_a,http://purl.obolibrary.org/obo/ENVO_00000350
envo:ENVO_00000370,tuya,volcanoes,native_environmental_feature,"""A distinctive, flat-topped, steep-sided volcano formed when lava erupts through a thick glacier or ice sheet."" [https://en.wikipedia.org/wiki/Tuya]",wikidata:Q8072,IS_A,Environment Ontology native is_a,http://purl.obolibrary.org/obo/ENVO_00000370
envo:ENVO_00000371,complex volcano,volcanoes,native_environmental_feature,"""A volcano with more than one feature. They form because changes of their eruptive characteristics or the location of multiple vents in an area. Stratovolcanoes may form complex volcanoes, because they may overlap another from explosive eruptions, lava flows, pyroclastic flows and by repeated eruptions, to make multiple summits and vents. Stratovolcanoes could also form a large caldera that gets filled in by multiple small cinder cones, lava domes and craters may also develop on the caldera's rim."" [https://en.wikipedia.org/wiki/Complex_volcano]",wikidata:Q8072,IS_A,Environment Ontology native is_a,http://purl.obolibrary.org/obo/ENVO_00000371
envo:ENVO_00000372,pyroclastic shield volcano,volcanoes,native_environmental_feature,"""A shield volcano that is formed mostly of pyroclastic and highly explosive eruptions rather than relatively fluid basaltic lava issuing from vents or fissures on the surface of the volcano. They typically display low-angle flank slopes and have little or no central collapse, although a shallow sag in the shield is commonly observed. Lava is commonly extruded after the cessation of explosive activity commonly superposes the vent region."" [https://en.wikipedia.org/wiki/Pyroclastic_shield]",envo:ENVO_00000403,IS_A,Environment Ontology native is_a,http://purl.obolibrary.org/obo/ENVO_00000372
envo:ENVO_00000402,mud volcano,volcanoes,native_environmental_feature,"""A volcano created by geologically excreted liquids and gases, although there are several different processes which may cause such activity. Temperatures are much cooler than igneous processes."" [https://en.wikipedia.org/wiki/Mud_volcano]",wikidata:Q8072,IS_A,Environment Ontology native is_a,http://purl.obolibrary.org/obo/ENVO_00000402
envo:ENVO_00000403,shield volcano,volcanoes,native_environmental_feature,"""A large volcano with shallowly-sloping sides."" [https://en.wikipedia.org/wiki/Shield_volcano]",wikidata:Q8072,IS_A,Environment Ontology native is_a,http://purl.obolibrary.org/obo/ENVO_00000403
envo:ENVO_00000404,stratovolcano,volcanoes,native_environmental_feature,"""A tall, conical volcano composed of many layers of hardened lava, tephra, and volcanic ash. These volcanoes are characterized by a steep profile and periodic, explosive eruptions. The lava that flows from them is viscous, and cools and hardens before spreading very far. The source magma of this rock is classified as acidic, or high in silica to intermediate (rhyolite, dacite, or andesite)."" [https://en.wikipedia.org/wiki/Stratovolcano]",wikidata:Q8072,IS_A,Environment Ontology native is_a,http://purl.obolibrary.org/obo/ENVO_00000404
envo:ENVO_00000407,subglacial volcano,volcanoes,native_environmental_feature,"""A volcano produced by subglacial eruptions or eruptions beneath the surface of a lake melted into a glacier or ice mass by the rising lava."" [https://en.wikipedia.org/wiki/Subglacial_volcano]",wikidata:Q8072,IS_A,Environment Ontology native is_a,http://purl.obolibrary.org/obo/ENVO_00000407
envo:ENVO_00000408,volcanic fissure,volcanoes,native_environmental_feature,"""A linear volcanic vent through which lava erupts, usually without any explosive activity. The vent is usually a few meters wide and may be many kilometers long. Fissure vents can cause large flood basalts and hannels. The volcano can usually be seen as a crack in the ground or on the ocean floor. Narrow fissures can be filled in with lava that hardens."" [https://en.wikipedia.org/wiki/Fissure_vent]",wikidata:Q8072,IS_A,Environment Ontology native is_a,http://purl.obolibrary.org/obo/ENVO_00000408
envo:ENVO_01000439,andesitic volcano,volcanoes,native_environmental_feature,"""A volcano which has been formed as a result of the eruption of andesitic lava."" [https://en.wikipedia.org/wiki/Andesite, https://www.pmfias.com/volcanism-andesitic-basaltic-lava-distribution-of-volcanoes/]",wikidata:Q8072,IS_A,Environment Ontology native is_a,http://purl.obolibrary.org/obo/ENVO_01000439
envo:ENVO_01000440,dacitic volcano,volcanoes,native_environmental_feature,"""A volcano which has been formed as a result of the eruption of dacitic lava."" []",wikidata:Q8072,IS_A,Environment Ontology native is_a,http://purl.obolibrary.org/obo/ENVO_01000440
envo:ENVO_00000085,alpine glacier,glaciers,native_environmental_feature,"""A glacier contained in the site of a mountain valley."" [https://en.wikipedia.org/wiki/Alpine_glacier, https://en.wikipedia.org/wiki/Glacier#Types, https://pubs.usgs.gov/of/2004/1216/text.html]",wikidata:Q35666,IS_A,Environment Ontology native is_a,http://purl.obolibrary.org/obo/ENVO_00000085
envo:ENVO_00000132,ice sheet,glaciers,native_environmental_feature,"""A glacier which covers an area of greater than 50,000 square kilometers."" [https://en.wikipedia.org/wiki/Ice_sheet]",wikidata:Q35666,IS_A,Environment Ontology native is_a,http://purl.obolibrary.org/obo/ENVO_00000132
envo:ENVO_00000456,tidewater glacier,glaciers,native_environmental_feature,"""A glacier which terminates in a lake or the sea, with terminus either floating or grounded"" [https://en.wikipedia.org/wiki/Tidewater_glacier#Types_of_glaciers, https://orcid.org/0000-0003-4808-4736]",wikidata:Q35666,IS_A,Environment Ontology native is_a,http://purl.obolibrary.org/obo/ENVO_00000456
envo:ENVO_00000457,plateau glacier,glaciers,native_environmental_feature,"""A glacier on a plateau or high area, smaller than an ice sheet."" [https://en.wikipedia.org/wiki/Tidewater_glacier#Types_of_glaciers]",wikidata:Q35666,IS_A,Environment Ontology native is_a,http://purl.obolibrary.org/obo/ENVO_00000457
envo:ENVO_00000458,valley glacier,glaciers,native_environmental_feature,"""A glacier which 1) flows for all or most of its length within the walls of a valley, in consequence having a distinct tongue and a well-defined outline and 2) descends from either high mountains, from an ice cap on a plateau, or from an ice sheet."" [https://en.wikipedia.org/wiki/Tidewater_glacier#Types_of_glaciers, https://orcid.org/0000-0003-4808-4736]",wikidata:Q35666,IS_A,Environment Ontology native is_a,http://purl.obolibrary.org/obo/ENVO_00000458
envo:ENVO_00000459,outlet glacier,glaciers,native_environmental_feature,"""A glacier fed by an ice sheet."" [https://en.wikipedia.org/wiki/Tidewater_glacier#Types_of_glaciers]",wikidata:Q35666,IS_A,Environment Ontology native is_a,http://purl.obolibrary.org/obo/ENVO_00000459
envo:ENVO_00009725,ice piedmont,glaciers,native_environmental_feature,"""A glacier covering a coastal strip of low-lying land backed by mountains, and sloping gently seaward over a distance up to 30km or more to terminate in ice cliffs or to merge with an ice shelf."" [http://www.antarctica.ac.uk/apc/genericterms.html]",wikidata:Q35666,IS_A,Environment Ontology native is_a,http://purl.obolibrary.org/obo/ENVO_00009725
envo:ENVO_01001354,volcanic crater glacier,glaciers,native_environmental_feature,"""A glacier which is contained in the site bounded by a volcanic crater."" []",wikidata:Q35666,IS_A,Environment Ontology native is_a,http://purl.obolibrary.org/obo/ENVO_01001354
envo:ENVO_01001539,branched valley glacier,glaciers,native_environmental_feature,"""A valley glacier which has one or more tributary glaciers as parts."" [https://en.wikipedia.org/wiki/Tidewater_glacier#Types_of_glaciers, https://orcid.org/0000-0003-4808-4736]",envo:ENVO_00000458,IS_A,Environment Ontology native is_a,http://purl.obolibrary.org/obo/ENVO_01001539
envo:ENVO_01001540,simple valley glacier,glaciers,native_environmental_feature,"""A valley glacier which does not have any tributary glaciers flowing into it."" [https://en.wikipedia.org/wiki/Tidewater_glacier#Types_of_glaciers, https://orcid.org/0000-0003-4808-4736]",envo:ENVO_00000458,IS_A,Environment Ontology native is_a,http://purl.obolibrary.org/obo/ENVO_01001540
envo:ENVO_01001541,tributary glacier,glaciers,native_environmental_feature,"""A glacier which flows into a larger glacier."" [https://orcid.org/0000-0003-4808-4736]",wikidata:Q35666,IS_A,Environment Ontology native is_a,http://purl.obolibrary.org/obo/ENVO_01001541
envo:ENVO_03000013,cirque glacier,glaciers,native_environmental_feature,"""A small glacier contained within a cirque basin."" [https://pubs.usgs.gov/of/2004/1216/text.html]",wikidata:Q35666,IS_A,Environment Ontology native is_a,http://purl.obolibrary.org/obo/ENVO_03000013
envo:ENVO_01000761,polar stratospheric cloud,clouds,native_environmental_feature,"""Polar stratospheric clouds are clouds which form in the winter polar stratosphere at altitudes of 15,000–25,000 metres and which support chemical reactions that produce active chlorine and remove gaseous nitric acid, catalysing ozone destruction."" [https://en.wikipedia.org/wiki/Polar_stratospheric_cloud]",envo:ENVO_01001428,IS_A,Environment Ontology native is_a,http://purl.obolibrary.org/obo/ENVO_01000761
envo:ENVO_01001159,cirrus homogenitus cloud,clouds,native_environmental_feature,"""A cloud which is cirriform and is formed by condensation events centred on an aircraft's contrail."" [https://cloudatlas.wmo.int/docs/Excerpt%20from%20wmo_49-1_final_2017.pdf, https://en.wikipedia.org/wiki/Cloud] {comment=""https://cloudatlas.wmo.int/homogenitus.html"", comment=""https://cloudatlas.wmo.int/clouds-genera.html""}","envo:ENVO_01001160,envo:ENVO_01001415",IS_A,Environment Ontology native is_a,http://purl.obolibrary.org/obo/ENVO_01001159
envo:ENVO_01001160,cirrus cloud,clouds,native_environmental_feature,"""A cloud which 1) has been shaped into detached fibrous filaments, 2) is almost exclusively composed of ice crystals, 3) is located in the high level of the atmosphere (high étage)."" [https://cloudatlas.wmo.int/clouds-genera-cirrus.html, https://cloudatlas.wmo.int/clouds-genera.html, https://cloudatlas.wmo.int/docs/Excerpt%20from%20wmo_49-1_final_2017.pdf, https://en.wikipedia.org/wiki/Cloud]",envo:ENVO_01001428,IS_A,Environment Ontology native is_a,http://purl.obolibrary.org/obo/ENVO_01001160
envo:ENVO_01001400,homomutatus cloud,clouds,native_environmental_feature,"""An aeroform which is formed as a result of strong upper winds spreading a cirrus homogenitus cloud in the atmosphere and, in turn, causing internal tranformations which result in the cloud taking on the appearnce of natural cirri-form clouds."" [https://cloudatlas.wmo.int/homomutatus.html]",envo:ENVO_01001428,IS_A,Environment Ontology native is_a,http://purl.obolibrary.org/obo/ENVO_01001400
envo:ENVO_01001407,cirrocumulus cloud,clouds,native_environmental_feature,"""A cloud which 1) has been shaped into structural elements resembling grains or ripples, 2) is almost exclusively composed of ice crystals, 3) is located in the high level of the atmosphere (high étage)."" [https://cloudatlas.wmo.int/clouds-genera-cirrocumulus.html, https://cloudatlas.wmo.int/clouds-genera.html, https://cloudatlas.wmo.int/docs/Excerpt%20from%20wmo_49-1_final_2017.pdf, https://en.wikipedia.org/wiki/Cloud]",envo:ENVO_01001428,IS_A,Environment Ontology native is_a,http://purl.obolibrary.org/obo/ENVO_01001407
envo:ENVO_01001408,cirrostratus cloud,clouds,native_environmental_feature,"""A cloud which 1) occurs in the form of a smooth or fibrous veil, 2) is composed of few small ice crystals, 3) is located in the high level of the atmosphere (high étage)."" [https://cloudatlas.wmo.int/clouds-genera-cirrostratus.html, https://cloudatlas.wmo.int/clouds-genera.html, https://cloudatlas.wmo.int/docs/Excerpt%20from%20wmo_49-1_final_2017.pdf, https://en.wikipedia.org/wiki/Cloud]",envo:ENVO_01001428,IS_A,Environment Ontology native is_a,http://purl.obolibrary.org/obo/ENVO_01001408
envo:ENVO_01001409,altocumulus cloud,clouds,native_environmental_feature,"""A cloud which 1) has been shaped into laminae, rounded masses or rolls, 2) is exclusively composed of water droplets, 3) is located in the middle level of the atmosphere (middle étage)."" [https://cloudatlas.wmo.int/clouds-genera-altocumulus.html, https://cloudatlas.wmo.int/clouds-genera.html, https://cloudatlas.wmo.int/docs/Excerpt%20from%20wmo_49-1_final_2017.pdf, https://en.wikipedia.org/wiki/Cloud]",envo:ENVO_01001428,IS_A,Environment Ontology native is_a,http://purl.obolibrary.org/obo/ENVO_01001409
envo:ENVO_01001410,altostratus cloud,clouds,native_environmental_feature,"""A cloud which 1) occurs in the form of a striated, fibrous, or uniform sheet or layer, 2) is composed of water droplets and ice crystals, 3) is located in the middle level of the atmosphere (middle étage)."" [https://cloudatlas.wmo.int/clouds-genera-altostratus.html, https://cloudatlas.wmo.int/clouds-genera.html, https://cloudatlas.wmo.int/docs/Excerpt%20from%20wmo_49-1_final_2017.pdf, https://en.wikipedia.org/wiki/Cloud]",envo:ENVO_01001428,IS_A,Environment Ontology native is_a,http://purl.obolibrary.org/obo/ENVO_01001410
envo:ENVO_01001411,nimbostratus cloud,clouds,native_environmental_feature,"""A cloud which 1) occurs in the form of a layer, 2) is composed of water droplets (sometimes supercooled) and raindrops, or snow crystals and snowflakes, or of a mixture of these liquid and solid particles, 3) is located in the middle level of the atmosphere (middle étage)."" [https://cloudatlas.wmo.int/clouds-genera.html, https://cloudatlas.wmo.int/docs/Excerpt%20from%20wmo_49-1_final_2017.pdf, https://en.wikipedia.org/wiki/Cloud]",envo:ENVO_01001428,IS_A,Environment Ontology native is_a,http://purl.obolibrary.org/obo/ENVO_01001411
envo:ENVO_01001412,stratocumulus cloud,clouds,native_environmental_feature,"""A cloud which 1) has been shaped into non-fibrous tessellations, rounded masses, or rolls, 2) is primarily composed of water droplets, and may contain raindrops or, more rarely, snow pellets, snow crystals and snowflakes, 3) is located in the low level of the atmosphere (low étage)."" [https://cloudatlas.wmo.int/clouds-genera-stratocumulus.html, https://cloudatlas.wmo.int/clouds-genera.html, https://cloudatlas.wmo.int/docs/Excerpt%20from%20wmo_49-1_final_2017.pdf, https://en.wikipedia.org/wiki/Cloud]",envo:ENVO_01001428,IS_A,Environment Ontology native is_a,http://purl.obolibrary.org/obo/ENVO_01001412
envo:ENVO_01001413,stratus cloud,clouds,native_environmental_feature,"""A cloud which 1) occurs in the form of a layer with a fairly uniform base or, less frequently, ragged patches, 2) is composed of small water droplets, 3) is located in the low level of the atmosphere (low étage)."" [https://cloudatlas.wmo.int/clouds-genera-stratus.html, https://cloudatlas.wmo.int/clouds-genera.html, https://cloudatlas.wmo.int/docs/Excerpt%20from%20wmo_49-1_final_2017.pdf, https://en.wikipedia.org/wiki/Cloud]",envo:ENVO_01001428,IS_A,Environment Ontology native is_a,http://purl.obolibrary.org/obo/ENVO_01001413
envo:ENVO_01001414,cumulus cloud,clouds,native_environmental_feature,"""A cloud which 1) has been shaped into rising mounds, domes, or towers with a bulging upper part resembling a cauliflower and a near horizontal or ragged base, 2) is mainly composed of water droplets, 3) is located in the low level of the atmosphere (low étage)."" [https://cloudatlas.wmo.int/clouds-genera-cumulus.html, https://cloudatlas.wmo.int/clouds-genera.html, https://cloudatlas.wmo.int/docs/Excerpt%20from%20wmo_49-1_final_2017.pdf, https://en.wikipedia.org/wiki/Cloud]",envo:ENVO_01001428,IS_A,Environment Ontology native is_a,http://purl.obolibrary.org/obo/ENVO_01001414
envo:ENVO_01001415,homogenitus cloud,clouds,native_environmental_feature,"""A cloud which is formed by condensation events triggered by some anthropogenic processes or the outputs thereof, such as aircraft contrails or emissions from chimneys."" [https://cloudatlas.wmo.int/clouds-genera.html, https://cloudatlas.wmo.int/docs/Excerpt%20from%20wmo_49-1_final_2017.pdf, https://cloudatlas.wmo.int/homogenitus.html, https://en.wikipedia.org/wiki/Cloud]",envo:ENVO_01001428,IS_A,Environment Ontology native is_a,http://purl.obolibrary.org/obo/ENVO_01001415
envo:ENVO_01001417,silvagenitus cloud,clouds,native_environmental_feature,"""A cloud which develop locally over forests as a result of increased humidity due to evaporation and evapotranspiration from the tree canopy."" [https://cloudatlas.wmo.int/clouds-genera.html, https://cloudatlas.wmo.int/docs/Excerpt%20from%20wmo_49-1_final_2017.pdf, https://cloudatlas.wmo.int/silvagenitus.html, https://en.wikipedia.org/wiki/Cloud]",envo:ENVO_01001428,IS_A,Environment Ontology native is_a,http://purl.obolibrary.org/obo/ENVO_01001417
envo:ENVO_01001418,cirrus fibratus cloud,clouds,native_environmental_feature,"""A cirrus cloud which occurs as a detached unit or a thin veil and consists of nearly straight or irregularly curved filaments that do not terminate in hooks or tufts."" [https://cloudatlas.wmo.int/clouds-genera.html, https://cloudatlas.wmo.int/clouds-species-fibratus.html, https://cloudatlas.wmo.int/docs/Excerpt%20from%20wmo_49-1_final_2017.pdf, https://en.wikipedia.org/wiki/Cloud]",envo:ENVO_01001160,IS_A,Environment Ontology native is_a,http://purl.obolibrary.org/obo/ENVO_01001418
envo:ENVO_01001419,cumulonimbus cloud,clouds,native_environmental_feature,"""A cloud which 1) has been shaped into dense, mountain-like forms or one or more tower-like forms with a flattened upper portion, which often spreads out in the shape of an anvil or plume, 2) is composed of water droplets and, especially in its upper portion, ice crystals, 3) is located in the low level of the atmosphere (low étage), but can extend into the middle and high level of the atmosphere."" [https://cloudatlas.wmo.int/clouds-genera-cumulonimbus.html, https://cloudatlas.wmo.int/clouds-genera.html, https://cloudatlas.wmo.int/docs/Excerpt%20from%20wmo_49-1_final_2017.pdf, https://en.wikipedia.org/wiki/Cloud]",envo:ENVO_01001428,IS_A,Environment Ontology native is_a,http://purl.obolibrary.org/obo/ENVO_01001419
envo:ENVO_01001421,cirrus uncinus cloud,clouds,native_environmental_feature,"""A cirrus cloud which does not have grey parts and which is often shaped like a comma, terminating at its highest point in a hook, or in a tuft, the upper part of which is not in the form of a rounded protuberance."" [https://cloudatlas.wmo.int/clouds-genera.html, https://cloudatlas.wmo.int/clouds-species-uncinus.html, https://cloudatlas.wmo.int/docs/Excerpt%20from%20wmo_49-1_final_2017.pdf, https://en.wikipedia.org/wiki/Cloud]",envo:ENVO_01001160,IS_A,Environment Ontology native is_a,http://purl.obolibrary.org/obo/ENVO_01001421
envo:ENVO_01001422,cirrus spissatus cloud,clouds,native_environmental_feature,"""A cirrus cloud which 1) is structurally organised in patches, 2) is sufficiently dense to appear greyish when viewed towards the local star and 3) may veil, the local star, obscure its outline, or even hide it entirely."" [https://cloudatlas.wmo.int/clouds-genera.html, https://cloudatlas.wmo.int/clouds-species-spissatus.html, https://cloudatlas.wmo.int/docs/Excerpt%20from%20wmo_49-1_final_2017.pdf, https://en.wikipedia.org/wiki/Cloud]",envo:ENVO_01001160,IS_A,Environment Ontology native is_a,http://purl.obolibrary.org/obo/ENVO_01001422
envo:ENVO_01001423,cirrostratus fibratus cloud,clouds,native_environmental_feature,"""A cirrostratus cloud which occurs as a detached unit or a thin veil and consists of nearly straight or irregularly curved filaments that do not terminate in hooks or tufts."" [https://cloudatlas.wmo.int/clouds-genera.html, https://cloudatlas.wmo.int/clouds-species-fibratus.html, https://cloudatlas.wmo.int/docs/Excerpt%20from%20wmo_49-1_final_2017.pdf, https://en.wikipedia.org/wiki/Cloud]",envo:ENVO_01001408,IS_A,Environment Ontology native is_a,http://purl.obolibrary.org/obo/ENVO_01001423
envo:ENVO_01001424,stratocumulus castellanus cloud,clouds,native_environmental_feature,"""A stratocumulus cloud which 1) has linearly arranged cumuliform protuberances which resemble crenellated turrets or towers, some of which are taller than they are wide in some portion of their upper parts, 2) possess a lower region or base which connects these protuberances."" [https://cloudatlas.wmo.int/clouds-genera.html, https://cloudatlas.wmo.int/clouds-species-castellanus.html, https://cloudatlas.wmo.int/docs/Excerpt%20from%20wmo_49-1_final_2017.pdf, https://en.wikipedia.org/wiki/Cloud]",envo:ENVO_01001412,IS_A,Environment Ontology native is_a,http://purl.obolibrary.org/obo/ENVO_01001424
envo:ENVO_01001425,cirrus castellanus cloud,clouds,native_environmental_feature,"""A cirrus cloud which 1) has linearly arranged cumuliform protuberances which resemble crenellated turrets or towers, some of which are taller than they are wide in some portion of their upper parts, 2) possess a lower region or base which connects these protuberances."" [https://cloudatlas.wmo.int/clouds-genera.html, https://cloudatlas.wmo.int/clouds-species-castellanus.html, https://cloudatlas.wmo.int/docs/Excerpt%20from%20wmo_49-1_final_2017.pdf, https://en.wikipedia.org/wiki/Cloud]",envo:ENVO_01001160,IS_A,Environment Ontology native is_a,http://purl.obolibrary.org/obo/ENVO_01001425
envo:ENVO_01001426,cirrocumulus castellanus cloud,clouds,native_environmental_feature,"""A cirrocumulus cloud which 1) has linearly arranged cumuliform protuberances which resemble crenellated turrets or towers, some of which are taller than they are wide in some portion of their upper parts, 2) possess a lower region or base which connects these protuberances."" [https://cloudatlas.wmo.int/clouds-genera.html, https://cloudatlas.wmo.int/clouds-species-castellanus.html, https://cloudatlas.wmo.int/docs/Excerpt%20from%20wmo_49-1_final_2017.pdf, https://en.wikipedia.org/wiki/Cloud]",envo:ENVO_01001407,IS_A,Environment Ontology native is_a,http://purl.obolibrary.org/obo/ENVO_01001426
envo:ENVO_01001427,altocumulus castellanus cloud,clouds,native_environmental_feature,"""An altocumulus cloud which 1) has linearly arranged cumuliform protuberances which resemble crenellated turrets or towers, some of which are taller than they are wide in some portion of their upper parts, 2) possess a lower region or base which connects these protuberances."" [https://cloudatlas.wmo.int/clouds-genera.html, https://cloudatlas.wmo.int/clouds-species-castellanus.html, https://cloudatlas.wmo.int/docs/Excerpt%20from%20wmo_49-1_final_2017.pdf, https://en.wikipedia.org/wiki/Cloud]",envo:ENVO_01001409,IS_A,Environment Ontology native is_a,http://purl.obolibrary.org/obo/ENVO_01001427
envo:ENVO_01001428,water-based cloud,clouds,native_environmental_feature,"""A cloud which is primarily composed of water-based aerosols."" [https://cloudatlas.wmo.int/introduction-and-principles-of-cloud-classification.html, https://en.wikipedia.org/wiki/Cloud]",wikidata:Q8074,IS_A,Environment Ontology native is_a,http://purl.obolibrary.org/obo/ENVO_01001428
hierarchy-type:chip-mlcc,chip multilayer ceramic capacitor,ceramic_capacitors,construction_and_mounting,A multilayer ceramic capacitor constructed in chip form for surface mounting.,vishay-type:multilayer-ceramic-capacitor,IS_A,Murata chip monolithic ceramic capacitor catalogue,https://www.murata.com/products/capacitor/ceramiccapacitor/overview/lineup
hierarchy-type:computer_monitors-flat,flat-panel computer monitor,computer_monitors,structure_or_operating_principle,An object of the computer monitor type that uses a flat-panel display technology.,wikidata:Q5290,IS_A,Retained source professional type predicates,https://www.dell.com/en-us/shop/pc-accessories/ar/computer-monitors
hierarchy-type:computer_monitors-oled,OLED computer monitor,computer_monitors,structure_or_operating_principle,An object of the computer monitor type that uses an organic light-emitting display panel.,hierarchy-type:computer_monitors-flat,IS_A,Retained source professional type predicates,https://www.dell.com/en-us/shop/pc-accessories/ar/computer-monitors
hierarchy-type:television_sets-crt,CRT television set,television_sets,structure_or_operating_principle,An object of the television set type that uses a cathode-ray-tube display.,wikidata:Q8075,IS_A,Retained source professional type predicates,https://api.fda.gov/device/classification.json?search=product_code:RAZ
hierarchy-type:television_sets-flat,flat-panel television set,television_sets,structure_or_operating_principle,An object of the television set type that uses a flat-panel display technology.,wikidata:Q8075,IS_A,Retained source professional type predicates,https://www.samsung.com/us/tvs/all-tvs/
hierarchy-type:television_sets-oled,OLED television set,television_sets,structure_or_operating_principle,An object of the television set type that uses an organic light-emitting display panel.,hierarchy-type:television_sets-flat,IS_A,Retained source professional type predicates,https://www.samsung.com/us/tvs/all-tvs/
hierarchy-type:cameras-compact,compact camera,cameras,structure_or_operating_principle,An object of the camera type that is a compact camera.,wikidata:Q15328,IS_A,Retained source professional type predicates,https://global.canon/en/c-museum/camera.html
hierarchy-type:cameras-mirrorless,mirrorless interchangeable-lens camera,cameras,structure_or_operating_principle,An object of the camera type that has an interchangeable lens and no reflex mirror.,wikidata:Q15328,IS_A,Retained source professional type predicates,https://www.wikidata.org/wiki/Q100775896
hierarchy-type:digital_cameras-compact,compact digital camera,digital_cameras,structure_or_operating_principle,An object of the digital camera type that is a compact camera.,wikidata:Q62927,IS_A,Retained source professional type predicates,https://www.wikidata.org/wiki/Q1033539
hierarchy-type:digital_cameras-mirrorless,mirrorless interchangeable-lens digital camera,digital_cameras,structure_or_operating_principle,An object of the digital camera type that has an interchangeable lens and no reflex mirror.,wikidata:Q62927,IS_A,Retained source professional type predicates,https://en.wikipedia.org/wiki/Fujifilm_X-T5
hierarchy-type:camera_lenses-zoom,zoom camera lens,camera_lenses,structure_or_operating_principle,An object of the camera lens type that has a variable focal length for imaging.,wikidata:Q192234,IS_A,Retained source professional type predicates,https://www.wikidata.org/wiki/Q105044113
hierarchy-type:camera_lenses-telephoto,telephoto camera lens,camera_lenses,structure_or_operating_principle,An object of the camera lens type that uses a telephoto imaging-lens design.,wikidata:Q192234,IS_A,Retained source professional type predicates,https://www.wikidata.org/wiki/Q14055607
hierarchy-type:network_switches-managed,managed network switch,network_switches,structure_or_operating_principle,An object of the network switch type that provides switch-management and configuration functions.,wikidata:Q4503,IS_A,Retained source professional type predicates,https://www.omadanetworks.com/us/business-networking/omada-switch-unmanaged/
hierarchy-type:network_switches-smart,web-managed smart network switch,network_switches,structure_or_operating_principle,An object of the network switch type that provides web-based switch management functions.,hierarchy-type:network_switches-managed,IS_A,Retained source professional type predicates,https://www.omadanetworks.com/us/business-networking/omada-switch-unmanaged/
hierarchy-type:network_switches-modular,modular network switch,network_switches,structure_or_operating_principle,An object of the network switch type that has a modular switching hardware structure.,wikidata:Q4503,IS_A,Retained source professional type predicates,https://www.wikidata.org/wiki/Q5051369
hierarchy-type:network_routers-wifi6,Wi-Fi 6 network router,network_routers,structure_or_operating_principle,An object of the router type that supports Wi-Fi 6 (IEEE 802.11ax) wireless networking.,tplink-type:wi-fi-router,IS_A,Retained source professional type predicates,https://www.tp-link.com/us/home-networking/wifi-router/
hierarchy-type:network_routers-wifi6e,Wi-Fi 6E network router,network_routers,structure_or_operating_principle,An object of the router type that supports Wi-Fi 6E wireless networking.,hierarchy-type:network_routers-wifi6,IS_A,Retained source professional type predicates,https://www.tp-link.com/us/home-networking/wifi-router/
hierarchy-type:network_routers-wifi7,Wi-Fi 7 network router,network_routers,structure_or_operating_principle,An object of the router type that supports Wi-Fi 7 (IEEE 802.11be) wireless networking.,tplink-type:wi-fi-router,IS_A,Retained source professional type predicates,https://www.tp-link.com/us/home-networking/wifi-router/
hierarchy-type:solid_state_drives-sata,SATA solid-state drive,solid_state_drives,structure_or_operating_principle,An object of the solid-state drive type that uses a Serial ATA storage interface.,wikidata:Q487343,IS_A,Retained source professional type predicates,https://www.samsung.com/de/memory-storage/all-memory-storage/
hierarchy-type:solid_state_drives-flash,flash-memory solid-state drive,solid_state_drives,structure_or_operating_principle,An object of the solid-state drive type that uses flash memory as its storage medium.,wikidata:Q487343,IS_A,Retained source professional type predicates,https://www.samsung.com/de/memory-storage/all-memory-storage/
hierarchy-type:solid_state_drives-nvme,NVMe solid-state drive,solid_state_drives,structure_or_operating_principle,An object of the solid-state drive type that supports the Non-Volatile Memory Express storage interface.,wikidata:Q487343,IS_A,Retained source professional type predicates,https://www.samsung.com/de/memory-storage/all-memory-storage/
hierarchy-type:solid_state_drives-m2nvme,M.2 NVMe solid-state drive,solid_state_drives,structure_or_operating_principle,An object of the solid-state drive type that supports NVMe and has an M.2 physical form factor.,hierarchy-type:solid_state_drives-nvme,IS_A,Retained source professional type predicates,https://www.samsung.com/de/memory-storage/all-memory-storage/
hierarchy-type:solid_state_drives-external,external solid-state drive,solid_state_drives,structure_or_operating_principle,An object of the solid-state drive type that is a solid-state drive designed for external connection.,wikidata:Q487343,IS_A,Retained source professional type predicates,https://www.samsung.com/de/memory-storage/all-memory-storage/
hierarchy-type:solid_state_drives-usb,USB external solid-state drive,solid_state_drives,structure_or_operating_principle,An object of the solid-state drive type that is an external solid-state drive using a USB connection.,hierarchy-type:solid_state_drives-external,IS_A,Retained source professional type predicates,https://www.samsung.com/de/memory-storage/all-memory-storage/
hierarchy-type:integrated_circuits-mixed,mixed-signal integrated circuit,integrated_circuits,structure_or_operating_principle,An object of the integrated circuit type that combines analog and digital operation in an integrated circuit.,wikidata:Q80831,IS_A,Retained source professional type predicates,https://www.wikidata.org/wiki/Q1541329
hierarchy-type:semiconductor_diodes-schottky,Schottky semiconductor diode,semiconductor_diodes,structure_or_operating_principle,An object of the semiconductor diode type that uses a metal-semiconductor Schottky junction.,wikidata:Q1929430,IS_A,Retained source professional type predicates,https://www.vishay.com/en/diodes/ss-schottky/
hierarchy-type:semiconductor_diodes-junction,junction semiconductor diode,semiconductor_diodes,structure_or_operating_principle,An object of the semiconductor diode type that operates as a semiconductor junction diode.,wikidata:Q1929430,IS_A,Retained source professional type predicates,https://en.wikipedia.org/wiki/Step_recovery_diode
hierarchy-type:semiconductor_diodes-led,light-emitting semiconductor diode,semiconductor_diodes,structure_or_operating_principle,An object of the semiconductor diode type that emits light through semiconductor diode operation.,wikidata:Q1929430,IS_A,Retained source professional type predicates,https://www.wikidata.org/wiki/Q321098
hierarchy-type:semiconductor_diodes-laser,semiconductor laser diode,semiconductor_diodes,structure_or_operating_principle,An object of the semiconductor diode type that operates as a semiconductor diode laser.,wikidata:Q1929430,IS_A,Retained source professional type predicates,https://www.wikidata.org/wiki/Q321098
hierarchy-type:microprocessors-risc,RISC microprocessor,microprocessors,structure_or_operating_principle,An object of the microprocessor type that implements a reduced-instruction-set processor architecture.,wikidata:Q5297,IS_A,Retained source professional type predicates,https://www.wikidata.org/wiki/Q3928302
hierarchy-type:microprocessors-cisc,CISC microprocessor,microprocessors,structure_or_operating_principle,An object of the microprocessor type that implements a complex-instruction-set processor architecture.,wikidata:Q5297,IS_A,Retained source professional type predicates,https://www.wikidata.org/wiki/Q6953434
hierarchy-type:printers-inkjet,inkjet printer,printers,structure_or_operating_principle,An object of the printer type that prints by depositing ink droplets.,wikidata:Q82,IS_A,Retained source professional type predicates,https://epson.com/For-Home/Printers/c/h1
hierarchy-type:desktop_computers-aio,all-in-one desktop computer,desktop_computers,structure_or_operating_principle,An object of the desktop computer type that integrates the desktop computer and display in one assembly.,wikidata:Q56155,IS_A,Retained source professional type predicates,https://www.dell.com/en-us/shop/desktop-computers/scr/desktop
hierarchy-type:laptops-convertible,convertible laptop computer,laptops,structure_or_operating_principle,An object of the laptop type that has a convertible laptop structure.,wikidata:Q3962,IS_A,Retained source professional type predicates,https://en.wikipedia.org/wiki/Samsung_Ativ_Q
hierarchy-type:single_board_computers-stick,stick personal computer,single_board_computers,structure_or_operating_principle,An object of the single-board computer type that is a single-board personal computer in an elongated plug-in enclosure.,wikidata:Q944780,IS_A,Retained source professional type predicates,https://www.wikidata.org/wiki/Q20707763
hierarchy-type:headphones-inear,in-ear headphones,headphones,structure_or_operating_principle,An object of the headphone type that has an in-ear headphone structure.,wikidata:Q186819,IS_A,Retained source professional type predicates,https://www.samsung.com/us/mobile-audio/galaxy-buds3-fe/buy/galaxy-buds3-fe-gray-sku-sm-r420nzaaxar
hierarchy-type:earbuds-wireless,wireless earbud,earbuds,structure_or_operating_principle,An object of the earbuds type that has a wireless earbud structure.,wikidata:Q50184015,IS_A,Retained source professional type predicates,https://www.samsung.com/us/mobile-audio/galaxy-buds3-fe/buy/galaxy-buds3-fe-gray-sku-sm-r420nzaaxar
hierarchy-type:fitness_trackers-wearable,wearable fitness tracker,fitness_trackers,structure_or_operating_principle,An object of the fitness tracker type that is a fitness tracker designed to be worn on the body.,wikidata:Q16001686,IS_A,Retained source professional type predicates,https://blog.google/products-and-platforms/devices/fitbit/fitness-tracker-charge-6/
hierarchy-type:fitness_trackers-wrist,wrist-worn fitness tracker,fitness_trackers,structure_or_operating_principle,An object of the fitness tracker type that is a wearable fitness tracker designed for the wrist.,hierarchy-type:fitness_trackers-wearable,IS_A,Retained source professional type predicates,https://blog.google/products-and-platforms/devices/fitbit/fitness-tracker-charge-6/
hierarchy-type:wearable_computers-wrist,wrist-worn wearable computer,wearable_computers,structure_or_operating_principle,An object of the wearable computer type that is a wearable computer designed for the wrist.,wikidata:Q1334829,IS_A,Retained source professional type predicates,https://support.apple.com/en-us/108056
hierarchy-type:game_consoles-handheld,handheld video game console,game_consoles,structure_or_operating_principle,An object of the video game console type that is a portable video game console with integrated controls and display.,wikidata:Q8076,IS_A,Retained source professional type predicates,https://www.wikidata.org/wiki/Q109974481
hierarchy-type:game_consoles-hybrid,hybrid video game console,game_consoles,structure_or_operating_principle,An object of the video game console type that supports both stationary television and handheld video-game operation.,wikidata:Q8076,IS_A,Retained source professional type predicates,https://en.wikipedia.org/wiki/Neo_Geo_X
hierarchy-type:computer_monitors-lcd,LCD computer monitor,computer_monitors,display_operating_principle,A flat-panel computer monitor using a liquid-crystal display panel.,hierarchy-type:computer_monitors-flat,IS_A,Primary professional definitions: eizo_lcd,https://www.eizo.com/library/management/cms/02.html/
hierarchy-type:computer_monitors-lcd-ips,IPS LCD computer monitor,computer_monitors,liquid_crystal_panel_structure,An LCD computer monitor whose liquid-crystal panel uses the IPS operating structure.,hierarchy-type:computer_monitors-lcd,IS_A,Primary professional definitions: eizo_lcd,https://www.eizo.com/library/management/cms/02.html/
hierarchy-type:computer_monitors-lcd-va,VA LCD computer monitor,computer_monitors,liquid_crystal_panel_structure,An LCD computer monitor whose liquid-crystal panel uses the VA operating structure.,hierarchy-type:computer_monitors-lcd,IS_A,Primary professional definitions: eizo_lcd,https://www.eizo.com/library/management/cms/02.html/
hierarchy-type:computer_monitors-lcd-tn,TN LCD computer monitor,computer_monitors,liquid_crystal_panel_structure,An LCD computer monitor whose liquid-crystal panel uses the TN operating structure.,hierarchy-type:computer_monitors-lcd,IS_A,Primary professional definitions: eizo_lcd,https://www.eizo.com/library/management/cms/02.html/
hierarchy-type:tractors-tracked,tracked tractor,tractors,running_structure,A tractor that uses ground-contact tracks as its running gear.,wikidata:Q39495,IS_A,Primary professional definitions: deere_tracks,https://www.deere.com.au/en/tractors/
hierarchy-type:tractors-wheeled,wheeled tractor,tractors,running_structure,A tractor whose running gear uses ground-contact wheels.,wikidata:Q39495,IS_A,Primary professional definitions: deere_tracks,https://www.deere.com.au/en/tractors/
hierarchy-type:tractors-twotrack,two-track tractor,tractors,running_structure,A tracked tractor with two ground-contact track units.,hierarchy-type:tractors-tracked,IS_A,Primary professional definitions: deere_tracks,https://www.deere.com.au/en/tractors/
hierarchy-type:tractors-fourtrack,four-track tractor,tractors,running_structure,A tracked tractor with four ground-contact track units.,hierarchy-type:tractors-tracked,IS_A,Primary professional definitions: deere_tracks,https://www.deere.com.au/en/tractors/
hierarchy-type:tablets-detachable,detachable-keyboard tablet computer,tablets,device_form,"A tablet computer designed for use with a detachable keyboard, permitting tablet and notebook-like operation.",wikidata:Q155972,IS_A,Primary professional definitions: microsoft_forms,https://learn.microsoft.com/en-us/windows-hardware/design/form-factors/form-factors
hierarchy-type:hardware-input,computer input hardware,computer_hardware,hardware_function,Computer hardware that is a input device. Native physical definition: a device that can be used to insert data into a computer or other computational device,"wikidata:Q3966,wordnet31:03168639-n",IS_A,Retained WordNet device definitions and computer hardware scope,https://wordnet.princeton.edu/
hierarchy-type:hardware-output,computer output hardware,computer_hardware,hardware_function,"Computer hardware that is a output device. Native physical definition: electronic or electromechanical equipment connected to a computer and used to transfer data out of the computer in the form of text, images, sounds, or other media","wikidata:Q3966,wordnet31:03866568-n",IS_A,Retained WordNet device definitions and computer hardware scope,https://wordnet.princeton.edu/
hierarchy-type:hardware-storage,computer storage hardware,computer_hardware,hardware_function,Computer hardware that is a storage device. Native physical definition: a device that preserves information for retrieval,"wikidata:Q3966,wordnet31:03750331-n",IS_A,Retained WordNet device definitions and computer hardware scope,https://wordnet.princeton.edu/
hierarchy-type:gpus-integrated,integrated graphics processing unit,gpus,processor_integration,A graphics processing unit built into the processor.,wikidata:Q183484,IS_A,Intel graphics support Article 000057824,https://www.intel.com/content/www/us/en/support/articles/000057824/graphics.html
hierarchy-type:gpus-discrete,discrete graphics processing unit,gpus,processor_integration,A graphics processing unit implemented separately from the processor.,wikidata:Q183484,IS_A,Intel graphics support Article 000057824,https://www.intel.com/content/www/us/en/support/articles/000057824/graphics.html
hierarchy-type:gpus-general-purpose-compute,general-purpose-computing-capable graphics processing unit,gpus,computation_capability,A graphics processing unit supporting programmable general-purpose computation in addition to graphics processing.,wikidata:Q183484,IS_A,NVIDIA native CUDA GPU compute capability definitions,https://developer.nvidia.com/cuda-gpus
hierarchy-type:smartwatches-satellite-navigation,satellite-navigation-capable smartwatch,smartwatches,navigation_capability,A smartwatch supporting satellite-based position determination.,wikidata:Q5362345,IS_A,Additional exact-source professional type definitions,https://support.apple.com/en-us/108056
hierarchy-type:smartwatches-gps,GPS smartwatch,smartwatches,navigation_capability,A satellite-navigation-capable smartwatch supporting the Global Positioning System.,hierarchy-type:smartwatches-satellite-navigation,IS_A,Additional exact-source professional type definitions,https://support.apple.com/en-us/108056
hierarchy-type:smartwatches-cellular-gps,cellular GPS smartwatch,smartwatches,navigation_and_communication,A GPS smartwatch also supporting cellular-network communication.,hierarchy-type:smartwatches-gps,IS_A,Additional exact-source professional type definitions,https://support.apple.com/en-us/108056
hierarchy-type:tablets-android,Android tablet computer,tablets,factory_operating_platform,A tablet computer designed and marketed for the Android operating platform; arbitrary later software changes are outside this factory design scope.,wikidata:Q155972,IS_A,Additional exact-source professional type definitions,https://en.wikipedia.org/wiki/Motorola_Xoom
hierarchy-type:tablets-linux,Linux tablet computer,tablets,factory_operating_platform,A tablet computer designed and marketed for the Linux operating platform; arbitrary later software changes are outside this factory design scope.,wikidata:Q155972,IS_A,Additional exact-source professional type definitions,https://en.wikipedia.org/wiki/JooJoo
hierarchy-type:loudspeakers-diaphragm,diaphragm loudspeaker,loudspeakers,acoustic_transduction_structure,A loudspeaker that generates sound using the motion of a solid diaphragm.,wikidata:Q570,IS_A,Additional exact-source professional type definitions,https://en.wikipedia.org/wiki/Moving_iron_speaker
hierarchy-type:cars-epa-two-seaters,EPA Two Seaters car-line category,cars,native_regulatory_classification,"The native EPA comparable passenger-car-line category labelled Two Seaters. This is a regulatory classification of comparable car lines, not a certification of each configuration body or seat count.",wordnet31:02961779-n,NATIVE_CLASSIFICATION_PARENT,Additional exact-source professional type definitions,https://www.fueleconomy.gov/feg/ws/index.shtml
hierarchy-type:cars-epa-small-station-wagons,EPA Small Station Wagons car-line category,cars,native_regulatory_classification,"The native EPA comparable passenger-car-line category labelled Small Station Wagons. This is a regulatory classification of comparable car lines, not a certification of each configuration body or seat count.",wordnet31:02961779-n,NATIVE_CLASSIFICATION_PARENT,Additional exact-source professional type definitions,https://www.fueleconomy.gov/feg/ws/index.shtml
hierarchy-type:cars-epa-midsize-large-station-wagons,EPA Midsize-Large Station Wagons car-line category,cars,native_regulatory_classification,"The native EPA comparable passenger-car-line category labelled Midsize-Large Station Wagons. This is a regulatory classification of comparable car lines, not a certification of each configuration body or seat count.",wordnet31:02961779-n,NATIVE_CLASSIFICATION_PARENT,Additional exact-source professional type definitions,https://www.fueleconomy.gov/feg/ws/index.shtml
hierarchy-type:cars-epa-midsize-station-wagons,EPA Midsize Station Wagons car-line category,cars,native_regulatory_classification,"The native EPA comparable passenger-car-line category labelled Midsize Station Wagons. This is a regulatory classification of comparable car lines, not a certification of each configuration body or seat count.",wordnet31:02961779-n,NATIVE_CLASSIFICATION_PARENT,Additional exact-source professional type definitions,https://www.fueleconomy.gov/feg/ws/index.shtml
hierarchy-type:aquifers-unconsolidated,unconsolidated-deposit aquifer,aquifers,geological_matrix,An aquifer whose water-bearing geological matrix consists of unconsolidated deposits.,wordnet31:09224876-n,IS_A,Additional exact-source professional type definitions,https://water.usgs.gov/water-basics_glossary.html
hierarchy-type:surgical-scraping,scraping and debridement surgical instrument,surgical_instruments,surgical_working_function,A surgical instrument that scrapes or debrides biological tissue or debris.,wikidata:Q1074814,IS_A,Additional exact-source professional type definitions,https://www.wikidata.org/wiki/Q1126530
hierarchy-type:surgical-holding,grasping and holding surgical instrument,surgical_instruments,surgical_working_function,"A surgical instrument that grasps, holds or clamps tissue or surgical working objects.",wikidata:Q1074814,IS_A,Additional exact-source professional type definitions,https://www.wikidata.org/wiki/Q1329613
hierarchy-type:surgical-cutting,cutting surgical instrument,surgical_instruments,surgical_working_function,A surgical instrument that performs surgical cutting.,wikidata:Q1074814,IS_A,Additional exact-source professional type definitions,https://www.wikidata.org/wiki/Q1796877
hierarchy-type:surgical-dilating,dilating surgical instrument,surgical_instruments,surgical_working_function,A surgical instrument that dilates or distends a surgical opening.,wikidata:Q1074814,IS_A,Additional exact-source professional type definitions,https://wordnet.princeton.edu/
hierarchy-type:habitat-complex-peatland,peatland habitat complex,habitat_complexes,habitat_complex_structure,A habitat complex characterised by peatland habitat elements.,eunis2012:X,IS_A,Additional exact-source professional type definitions,https://www.eea.europa.eu/en/datahub/datahubitem-view/638330ea-90e6-4e41-81ea-e70f25ae7117
hierarchy-type:habitat-complex-woody-vegetation,woody-vegetation habitat complex,habitat_complexes,habitat_complex_structure,"A habitat complex containing structurally defined woody-vegetation elements such as tree layers, hedgerows or woodland patches.",eunis2012:X,IS_A,Additional exact-source professional type definitions,https://www.eea.europa.eu/en/datahub/datahubitem-view/638330ea-90e6-4e41-81ea-e70f25ae7117
hierarchy-type:deserts-rocky-surface,rocky-surface desert,deserts,dominant_surface_structure,"A desert characterised by bedrock, stone or gravel terrain rather than predominantly mobile sand dunes.",wikidata:Q8514,IS_A,Additional exact-source professional type definitions,https://www.geonames.org/export/codes.html
hierarchy-type:earbuds-truewireless,true-wireless earbud,earbuds,wireless_connection_structure,A wireless earbud whose two earpieces communicate without a physical cable connecting them.,hierarchy-type:earbuds-wireless,IS_A,Additional exact-source professional type definitions,https://www.apple.com/airpods-pro/specs/
hierarchy-type:graphics_cards-gpu-based,GPU-based graphics card,graphics_cards,processing_structure,A graphics card whose graphics processing is performed by an incorporated graphics processing unit; the card is a whole assembly distinct from that GPU.,wikidata:Q4308,IS_A,Additional exact-source professional type definitions,https://www.nvidia.com/en-in/geforce/graphics-cards/30-series/rtx-3090-3090ti/
hierarchy-type:graphics_cards-gpu-compute,general-purpose-GPU-computing graphics card,graphics_cards,computation_capability,A GPU-based graphics card whose incorporated GPU supports general-purpose programmable computation.,hierarchy-type:graphics_cards-gpu-based,IS_A,Additional exact-source professional type definitions,https://www.nvidia.com/en-in/geforce/graphics-cards/30-series/rtx-3090-3090ti/
hierarchy-type:mimo-2209-hs-6169,"Electronic: Analogue synthesizers and other electronic instruments with thermionic valve (vacuum-tube) based devices generating and/or processing electric sound
			signals",musical_instruments,native_source_classification,"Types in the MIMO Electronic vocabulary mapped by the publisher to its 531.1 Analogue synthesizers and other electronic instruments with thermionic valve (vacuum-tube) based devices generating and/or processing electric sound
			signals structural category. Multiple source mappings describe alternatives; this group is admitted for native taxonomy browsing.","mimo-keyword:2209,mimo-hs:6169",NATIVE_CLASSIFICATION_PARENT,MIMO observed native structural classification,http://www.mimo-db.eu/HornbostelAndSachs/6169
hierarchy-type:mimo-2239-hs-6461,"Harpsichords: True board zithers with resonator box (box zither) sounded by plectrum, with keyboard",musical_instruments,native_source_classification,"Types in the MIMO Harpsichords vocabulary mapped by the publisher to its 314.122-6-8 True board zithers with resonator box (box zither) sounded by plectrum, with keyboard structural category. Multiple source mappings describe alternatives; this group is admitted for native taxonomy browsing.","mimo-keyword:2239,mimo-hs:6461",NATIVE_CLASSIFICATION_PARENT,MIMO observed native structural classification,http://www.mimo-db.eu/HornbostelAndSachs/6461
hierarchy-type:mimo-2270-hs-74,Others: Sets of friction sticks with direct friction,musical_instruments,native_source_classification,Types in the MIMO Others vocabulary mapped by the publisher to its 131.21 Sets of friction sticks with direct friction structural category. Multiple source mappings describe alternatives; this group is admitted for native taxonomy browsing.,"mimo-keyword:2270,mimo-hs:74",NATIVE_CLASSIFICATION_PARENT,MIMO observed native structural classification,http://www.mimo-db.eu/HornbostelAndSachs/74
hierarchy-type:mimo-2273-hs-182,Pianofortes: True board zithers with resonator box (box zither),musical_instruments,native_source_classification,Types in the MIMO Pianofortes vocabulary mapped by the publisher to its 314.122 True board zithers with resonator box (box zither) structural category. Multiple source mappings describe alternatives; this group is admitted for native taxonomy browsing.,"mimo-keyword:2273,mimo-hs:182",NATIVE_CLASSIFICATION_PARENT,MIMO observed native structural classification,http://www.mimo-db.eu/HornbostelAndSachs/182
hierarchy-type:mimo-2273-hs-6458,"Pianofortes: True board zithers with resonator box (box zither) sounded by hammers or beaters, with keyboard",musical_instruments,native_source_classification,"Types in the MIMO Pianofortes vocabulary mapped by the publisher to its 314.122-4-8 True board zithers with resonator box (box zither) sounded by hammers or beaters, with keyboard structural category. Multiple source mappings describe alternatives; this group is admitted for native taxonomy browsing.","mimo-keyword:2273,mimo-hs:6458",NATIVE_CLASSIFICATION_PARENT,MIMO observed native structural classification,http://www.mimo-db.eu/HornbostelAndSachs/6458
hierarchy-type:mimo-2355-hs-70,Others: Friction Idiophones,musical_instruments,native_source_classification,Types in the MIMO Others vocabulary mapped by the publisher to its 13 Friction Idiophones structural category. Multiple source mappings describe alternatives; this group is admitted for native taxonomy browsing.,"mimo-keyword:2355,mimo-hs:70",NATIVE_CLASSIFICATION_PARENT,MIMO observed native structural classification,http://www.mimo-db.eu/HornbostelAndSachs/70
hierarchy-type:mimo-2355-hs-81,Others: Sets of friction vessels,musical_instruments,native_source_classification,Types in the MIMO Others vocabulary mapped by the publisher to its 133.2 Sets of friction vessels structural category. Multiple source mappings describe alternatives; this group is admitted for native taxonomy browsing.,"mimo-keyword:2355,mimo-hs:81",NATIVE_CLASSIFICATION_PARENT,MIMO observed native structural classification,http://www.mimo-db.eu/HornbostelAndSachs/81
hierarchy-type:mimo-2371-hs-28,Bells: (Individual) bells,musical_instruments,native_source_classification,Types in the MIMO Bells vocabulary mapped by the publisher to its 111.242.1 (Individual) bells structural category. Multiple source mappings describe alternatives; this group is admitted for native taxonomy browsing.,"mimo-keyword:2371,mimo-hs:28",NATIVE_CLASSIFICATION_PARENT,MIMO observed native structural classification,http://www.mimo-db.eu/HornbostelAndSachs/28
hierarchy-type:mimo-2371-hs-29,Bells: (Individual) resting bells,musical_instruments,native_source_classification,Types in the MIMO Bells vocabulary mapped by the publisher to its 111.242.11 (Individual) resting bells structural category. Multiple source mappings describe alternatives; this group is admitted for native taxonomy browsing.,"mimo-keyword:2371,mimo-hs:29",NATIVE_CLASSIFICATION_PARENT,MIMO observed native structural classification,http://www.mimo-db.eu/HornbostelAndSachs/29
hierarchy-type:mimo-2371-hs-31,Bells: (Individual) suspended bells struck from the outside,musical_instruments,native_source_classification,Types in the MIMO Bells vocabulary mapped by the publisher to its 111.242.121 (Individual) suspended bells struck from the outside structural category. Multiple source mappings describe alternatives; this group is admitted for native taxonomy browsing.,"mimo-keyword:2371,mimo-hs:31",NATIVE_CLASSIFICATION_PARENT,MIMO observed native structural classification,http://www.mimo-db.eu/HornbostelAndSachs/31
hierarchy-type:mimo-2371-hs-32,Bells: (Individual) clapper bells,musical_instruments,native_source_classification,Types in the MIMO Bells vocabulary mapped by the publisher to its 111.242.122 (Individual) clapper bells structural category. Multiple source mappings describe alternatives; this group is admitted for native taxonomy browsing.,"mimo-keyword:2371,mimo-hs:32",NATIVE_CLASSIFICATION_PARENT,MIMO observed native structural classification,http://www.mimo-db.eu/HornbostelAndSachs/32
hierarchy-type:mimo-2371-hs-46,Bells: Vessel rattles,musical_instruments,native_source_classification,Types in the MIMO Bells vocabulary mapped by the publisher to its 112.13 Vessel rattles structural category. Multiple source mappings describe alternatives; this group is admitted for native taxonomy browsing.,"mimo-keyword:2371,mimo-hs:46",NATIVE_CLASSIFICATION_PARENT,MIMO observed native structural classification,http://www.mimo-db.eu/HornbostelAndSachs/46
hierarchy-type:mimo-2371-hs-5533,Bells: (Sets of) resting bells,musical_instruments,native_source_classification,Types in the MIMO Bells vocabulary mapped by the publisher to its 111.242.21 (Sets of) resting bells structural category. Multiple source mappings describe alternatives; this group is admitted for native taxonomy browsing.,"mimo-keyword:2371,mimo-hs:5533",NATIVE_CLASSIFICATION_PARENT,MIMO observed native structural classification,http://www.mimo-db.eu/HornbostelAndSachs/5533
hierarchy-type:mimo-2371-hs-5536,Bells: (Sets of) clapper bells,musical_instruments,native_source_classification,Types in the MIMO Bells vocabulary mapped by the publisher to its 111.242.222 (Sets of) clapper bells structural category. Multiple source mappings describe alternatives; this group is admitted for native taxonomy browsing.,"mimo-keyword:2371,mimo-hs:5536",NATIVE_CLASSIFICATION_PARENT,MIMO observed native structural classification,http://www.mimo-db.eu/HornbostelAndSachs/5536
hierarchy-type:mimo-2424-hs-17,Clappers: (Individual) percussion plaques,musical_instruments,native_source_classification,Types in the MIMO Clappers vocabulary mapped by the publisher to its 111.221 (Individual) percussion plaques structural category. Multiple source mappings describe alternatives; this group is admitted for native taxonomy browsing.,"mimo-keyword:2424,mimo-hs:17",NATIVE_CLASSIFICATION_PARENT,MIMO observed native structural classification,http://www.mimo-db.eu/HornbostelAndSachs/17
hierarchy-type:mimo-2424-hs-4,Clappers: Concussion idiophones or clappers,musical_instruments,native_source_classification,Types in the MIMO Clappers vocabulary mapped by the publisher to its 111.1 Concussion idiophones or clappers structural category. Multiple source mappings describe alternatives; this group is admitted for native taxonomy browsing.,"mimo-keyword:2424,mimo-hs:4",NATIVE_CLASSIFICATION_PARENT,MIMO observed native structural classification,http://www.mimo-db.eu/HornbostelAndSachs/4
hierarchy-type:mimo-2424-hs-5,Clappers: Concussion sticks or stick clappers,musical_instruments,native_source_classification,Types in the MIMO Clappers vocabulary mapped by the publisher to its 111.11 Concussion sticks or stick clappers structural category. Multiple source mappings describe alternatives; this group is admitted for native taxonomy browsing.,"mimo-keyword:2424,mimo-hs:5",NATIVE_CLASSIFICATION_PARENT,MIMO observed native structural classification,http://www.mimo-db.eu/HornbostelAndSachs/5
hierarchy-type:mimo-2424-hs-6,Clappers: Concussion plaques or plaque clappers,musical_instruments,native_source_classification,Types in the MIMO Clappers vocabulary mapped by the publisher to its 111.12 Concussion plaques or plaque clappers structural category. Multiple source mappings describe alternatives; this group is admitted for native taxonomy browsing.,"mimo-keyword:2424,mimo-hs:6",NATIVE_CLASSIFICATION_PARENT,MIMO observed native structural classification,http://www.mimo-db.eu/HornbostelAndSachs/6
hierarchy-type:mimo-2424-hs-7,Clappers: Concussion troughs or trough clappers,musical_instruments,native_source_classification,Types in the MIMO Clappers vocabulary mapped by the publisher to its 111.13 Concussion troughs or trough clappers structural category. Multiple source mappings describe alternatives; this group is admitted for native taxonomy browsing.,"mimo-keyword:2424,mimo-hs:7",NATIVE_CLASSIFICATION_PARENT,MIMO observed native structural classification,http://www.mimo-db.eu/HornbostelAndSachs/7
hierarchy-type:mimo-2424-hs-8,Clappers: Concussion vessels or vessel clappers,musical_instruments,native_source_classification,Types in the MIMO Clappers vocabulary mapped by the publisher to its 111.14 Concussion vessels or vessel clappers structural category. Multiple source mappings describe alternatives; this group is admitted for native taxonomy browsing.,"mimo-keyword:2424,mimo-hs:8",NATIVE_CLASSIFICATION_PARENT,MIMO observed native structural classification,http://www.mimo-db.eu/HornbostelAndSachs/8
hierarchy-type:mimo-2424-hs-9,Clappers: Castanets,musical_instruments,native_source_classification,Types in the MIMO Clappers vocabulary mapped by the publisher to its 111.141 Castanets structural category. Multiple source mappings describe alternatives; this group is admitted for native taxonomy browsing.,"mimo-keyword:2424,mimo-hs:9",NATIVE_CLASSIFICATION_PARENT,MIMO observed native structural classification,http://www.mimo-db.eu/HornbostelAndSachs/9
hierarchy-type:mimo-2451-hs-10,Cymbals: Cymbals,musical_instruments,native_source_classification,Types in the MIMO Cymbals vocabulary mapped by the publisher to its 111.142 Cymbals structural category. Multiple source mappings describe alternatives; this group is admitted for native taxonomy browsing.,"mimo-keyword:2451,mimo-hs:10",NATIVE_CLASSIFICATION_PARENT,MIMO observed native structural classification,http://www.mimo-db.eu/HornbostelAndSachs/10
hierarchy-type:mimo-2493-hs-102,Drums: Single-skin cylindrical drums,musical_instruments,native_source_classification,Types in the MIMO Drums vocabulary mapped by the publisher to its 211.211 Single-skin cylindrical drums structural category. Multiple source mappings describe alternatives; this group is admitted for native taxonomy browsing.,"mimo-keyword:2493,mimo-hs:102",NATIVE_CLASSIFICATION_PARENT,MIMO observed native structural classification,http://www.mimo-db.eu/HornbostelAndSachs/102
hierarchy-type:mimo-2493-hs-103,Drums: Individual single-skin cylindrical drums,musical_instruments,native_source_classification,Types in the MIMO Drums vocabulary mapped by the publisher to its 211.211.1 Individual single-skin cylindrical drums structural category. Multiple source mappings describe alternatives; this group is admitted for native taxonomy browsing.,"mimo-keyword:2493,mimo-hs:103",NATIVE_CLASSIFICATION_PARENT,MIMO observed native structural classification,http://www.mimo-db.eu/HornbostelAndSachs/103
hierarchy-type:mimo-2493-hs-105,Drums: Double-skin cylindrical drums,musical_instruments,native_source_classification,Types in the MIMO Drums vocabulary mapped by the publisher to its 211.212 Double-skin cylindrical drums structural category. Multiple source mappings describe alternatives; this group is admitted for native taxonomy browsing.,"mimo-keyword:2493,mimo-hs:105",NATIVE_CLASSIFICATION_PARENT,MIMO observed native structural classification,http://www.mimo-db.eu/HornbostelAndSachs/105
hierarchy-type:mimo-2493-hs-106,Drums: Individual double-skin cylindrical drums,musical_instruments,native_source_classification,Types in the MIMO Drums vocabulary mapped by the publisher to its 211.212.1 Individual double-skin cylindrical drums structural category. Multiple source mappings describe alternatives; this group is admitted for native taxonomy browsing.,"mimo-keyword:2493,mimo-hs:106",NATIVE_CLASSIFICATION_PARENT,MIMO observed native structural classification,http://www.mimo-db.eu/HornbostelAndSachs/106
hierarchy-type:mimo-2493-hs-108,Drums: Barrel-shaped drums,musical_instruments,native_source_classification,Types in the MIMO Drums vocabulary mapped by the publisher to its 211.22 Barrel-shaped drums structural category. Multiple source mappings describe alternatives; this group is admitted for native taxonomy browsing.,"mimo-keyword:2493,mimo-hs:108",NATIVE_CLASSIFICATION_PARENT,MIMO observed native structural classification,http://www.mimo-db.eu/HornbostelAndSachs/108
hierarchy-type:mimo-2493-hs-112,Drums: Goblet-shaped drums,musical_instruments,native_source_classification,Types in the MIMO Drums vocabulary mapped by the publisher to its 211.26 Goblet-shaped drums structural category. Multiple source mappings describe alternatives; this group is admitted for native taxonomy browsing.,"mimo-keyword:2493,mimo-hs:112",NATIVE_CLASSIFICATION_PARENT,MIMO observed native structural classification,http://www.mimo-db.eu/HornbostelAndSachs/112
hierarchy-type:mimo-2493-hs-114,Drums: Frame drums,musical_instruments,native_source_classification,Types in the MIMO Drums vocabulary mapped by the publisher to its 211.3 Frame drums structural category. Multiple source mappings describe alternatives; this group is admitted for native taxonomy browsing.,"mimo-keyword:2493,mimo-hs:114",NATIVE_CLASSIFICATION_PARENT,MIMO observed native structural classification,http://www.mimo-db.eu/HornbostelAndSachs/114
hierarchy-type:mimo-2493-hs-116,Drums: Single-skin frame drums without handle,musical_instruments,native_source_classification,Types in the MIMO Drums vocabulary mapped by the publisher to its 211.311 Single-skin frame drums without handle structural category. Multiple source mappings describe alternatives; this group is admitted for native taxonomy browsing.,"mimo-keyword:2493,mimo-hs:116",NATIVE_CLASSIFICATION_PARENT,MIMO observed native structural classification,http://www.mimo-db.eu/HornbostelAndSachs/116
hierarchy-type:mimo-2493-hs-117,Drums: Double-skin frame drums without handle,musical_instruments,native_source_classification,Types in the MIMO Drums vocabulary mapped by the publisher to its 211.312 Double-skin frame drums without handle structural category. Multiple source mappings describe alternatives; this group is admitted for native taxonomy browsing.,"mimo-keyword:2493,mimo-hs:117",NATIVE_CLASSIFICATION_PARENT,MIMO observed native structural classification,http://www.mimo-db.eu/HornbostelAndSachs/117
hierarchy-type:mimo-2493-hs-126,Drums: Friction drums with fixed stick,musical_instruments,native_source_classification,Types in the MIMO Drums vocabulary mapped by the publisher to its 231.11 Friction drums with fixed stick structural category. Multiple source mappings describe alternatives; this group is admitted for native taxonomy browsing.,"mimo-keyword:2493,mimo-hs:126",NATIVE_CLASSIFICATION_PARENT,MIMO observed native structural classification,http://www.mimo-db.eu/HornbostelAndSachs/126
hierarchy-type:mimo-2493-hs-129,Drums: Friction drums with tied stick,musical_instruments,native_source_classification,Types in the MIMO Drums vocabulary mapped by the publisher to its 231.2 Friction drums with tied stick structural category. Multiple source mappings describe alternatives; this group is admitted for native taxonomy browsing.,"mimo-keyword:2493,mimo-hs:129",NATIVE_CLASSIFICATION_PARENT,MIMO observed native structural classification,http://www.mimo-db.eu/HornbostelAndSachs/129
hierarchy-type:mimo-2493-hs-132,Drums: Single-skin stationary drums with friction cord,musical_instruments,native_source_classification,Types in the MIMO Drums vocabulary mapped by the publisher to its 232.11 Single-skin stationary drums with friction cord structural category. Multiple source mappings describe alternatives; this group is admitted for native taxonomy browsing.,"mimo-keyword:2493,mimo-hs:132",NATIVE_CLASSIFICATION_PARENT,MIMO observed native structural classification,http://www.mimo-db.eu/HornbostelAndSachs/132
hierarchy-type:mimo-2493-hs-134,Drums: Friction drum with whirling stick,musical_instruments,native_source_classification,Types in the MIMO Drums vocabulary mapped by the publisher to its 232.2 Friction drum with whirling stick structural category. Multiple source mappings describe alternatives; this group is admitted for native taxonomy browsing.,"mimo-keyword:2493,mimo-hs:134",NATIVE_CLASSIFICATION_PARENT,MIMO observed native structural classification,http://www.mimo-db.eu/HornbostelAndSachs/134
hierarchy-type:mimo-2493-hs-2183,Drums: Single-skin conical drums,musical_instruments,native_source_classification,Types in the MIMO Drums vocabulary mapped by the publisher to its 211.251 Single-skin conical drums structural category. Multiple source mappings describe alternatives; this group is admitted for native taxonomy browsing.,"mimo-keyword:2493,mimo-hs:2183",NATIVE_CLASSIFICATION_PARENT,MIMO observed native structural classification,http://www.mimo-db.eu/HornbostelAndSachs/2183
hierarchy-type:mimo-2493-hs-2185,Drums: Individual single-skin conical drums,musical_instruments,native_source_classification,Types in the MIMO Drums vocabulary mapped by the publisher to its 211.251.1 Individual single-skin conical drums structural category. Multiple source mappings describe alternatives; this group is admitted for native taxonomy browsing.,"mimo-keyword:2493,mimo-hs:2185",NATIVE_CLASSIFICATION_PARENT,MIMO observed native structural classification,http://www.mimo-db.eu/HornbostelAndSachs/2185
hierarchy-type:mimo-2493-hs-2187,Drums: Individual double-skin conical drums,musical_instruments,native_source_classification,Types in the MIMO Drums vocabulary mapped by the publisher to its 211.252.1 Individual double-skin conical drums structural category. Multiple source mappings describe alternatives; this group is admitted for native taxonomy browsing.,"mimo-keyword:2493,mimo-hs:2187",NATIVE_CLASSIFICATION_PARENT,MIMO observed native structural classification,http://www.mimo-db.eu/HornbostelAndSachs/2187
hierarchy-type:mimo-2493-hs-2189,"Drums: Individual double-skin conical drums, one skin used for playing",musical_instruments,native_source_classification,"Types in the MIMO Drums vocabulary mapped by the publisher to its 211.252.11 Individual double-skin conical drums, one skin used for playing structural category. Multiple source mappings describe alternatives; this group is admitted for native taxonomy browsing.","mimo-keyword:2493,mimo-hs:2189",NATIVE_CLASSIFICATION_PARENT,MIMO observed native structural classification,http://www.mimo-db.eu/HornbostelAndSachs/2189
hierarchy-type:mimo-2493-hs-22,Drums: Percussion vessels,musical_instruments,native_source_classification,Types in the MIMO Drums vocabulary mapped by the publisher to its 111.24 Percussion vessels structural category. Multiple source mappings describe alternatives; this group is admitted for native taxonomy browsing.,"mimo-keyword:2493,mimo-hs:22",NATIVE_CLASSIFICATION_PARENT,MIMO observed native structural classification,http://www.mimo-db.eu/HornbostelAndSachs/22
hierarchy-type:mimo-2493-hs-35,Drums: Slit drums,musical_instruments,native_source_classification,Types in the MIMO Drums vocabulary mapped by the publisher to its 111.243 Slit drums structural category. Multiple source mappings describe alternatives; this group is admitted for native taxonomy browsing.,"mimo-keyword:2493,mimo-hs:35",NATIVE_CLASSIFICATION_PARENT,MIMO observed native structural classification,http://www.mimo-db.eu/HornbostelAndSachs/35
hierarchy-type:mimo-2493-hs-5539,Drums: Individual single-skin barrel drums,musical_instruments,native_source_classification,Types in the MIMO Drums vocabulary mapped by the publisher to its 211.221.1 Individual single-skin barrel drums structural category. Multiple source mappings describe alternatives; this group is admitted for native taxonomy browsing.,"mimo-keyword:2493,mimo-hs:5539",NATIVE_CLASSIFICATION_PARENT,MIMO observed native structural classification,http://www.mimo-db.eu/HornbostelAndSachs/5539
hierarchy-type:mimo-2493-hs-5541,Drums: Double-skin barrel drums,musical_instruments,native_source_classification,Types in the MIMO Drums vocabulary mapped by the publisher to its 211.222 Double-skin barrel drums structural category. Multiple source mappings describe alternatives; this group is admitted for native taxonomy browsing.,"mimo-keyword:2493,mimo-hs:5541",NATIVE_CLASSIFICATION_PARENT,MIMO observed native structural classification,http://www.mimo-db.eu/HornbostelAndSachs/5541
hierarchy-type:mimo-2493-hs-5542,Drums: Individual double-skin barrel drums,musical_instruments,native_source_classification,Types in the MIMO Drums vocabulary mapped by the publisher to its 211.222.1 Individual double-skin barrel drums structural category. Multiple source mappings describe alternatives; this group is admitted for native taxonomy browsing.,"mimo-keyword:2493,mimo-hs:5542",NATIVE_CLASSIFICATION_PARENT,MIMO observed native structural classification,http://www.mimo-db.eu/HornbostelAndSachs/5542
hierarchy-type:mimo-2493-hs-5559,Drums: Individual single-skin hourglass-shaped drums,musical_instruments,native_source_classification,Types in the MIMO Drums vocabulary mapped by the publisher to its 211.241.1 Individual single-skin hourglass-shaped drums structural category. Multiple source mappings describe alternatives; this group is admitted for native taxonomy browsing.,"mimo-keyword:2493,mimo-hs:5559",NATIVE_CLASSIFICATION_PARENT,MIMO observed native structural classification,http://www.mimo-db.eu/HornbostelAndSachs/5559
hierarchy-type:mimo-2493-hs-5562,Drums: Individual double-skin hourglass-shaped drums,musical_instruments,native_source_classification,Types in the MIMO Drums vocabulary mapped by the publisher to its 211.242.1 Individual double-skin hourglass-shaped drums structural category. Multiple source mappings describe alternatives; this group is admitted for native taxonomy browsing.,"mimo-keyword:2493,mimo-hs:5562",NATIVE_CLASSIFICATION_PARENT,MIMO observed native structural classification,http://www.mimo-db.eu/HornbostelAndSachs/5562
hierarchy-type:mimo-2493-hs-5563,"Drums: Individual double-skin hourglass-shaped drums, one skin used for playing",musical_instruments,native_source_classification,"Types in the MIMO Drums vocabulary mapped by the publisher to its 211.242.11 Individual double-skin hourglass-shaped drums, one skin used for playing structural category. Multiple source mappings describe alternatives; this group is admitted for native taxonomy browsing.","mimo-keyword:2493,mimo-hs:5563",NATIVE_CLASSIFICATION_PARENT,MIMO observed native structural classification,http://www.mimo-db.eu/HornbostelAndSachs/5563
hierarchy-type:mimo-2493-hs-5568,Drums: Cylindro-conical drums,musical_instruments,native_source_classification,Types in the MIMO Drums vocabulary mapped by the publisher to its 211.27 Cylindro-conical drums structural category. Multiple source mappings describe alternatives; this group is admitted for native taxonomy browsing.,"mimo-keyword:2493,mimo-hs:5568",NATIVE_CLASSIFICATION_PARENT,MIMO observed native structural classification,http://www.mimo-db.eu/HornbostelAndSachs/5568
hierarchy-type:mimo-2493-hs-5574,"Drums: Individual double-skin cylindro-conical drums, one skin used for playing",musical_instruments,native_source_classification,"Types in the MIMO Drums vocabulary mapped by the publisher to its 211.272.11 Individual double-skin cylindro-conical drums, one skin used for playing structural category. Multiple source mappings describe alternatives; this group is admitted for native taxonomy browsing.","mimo-keyword:2493,mimo-hs:5574",NATIVE_CLASSIFICATION_PARENT,MIMO observed native structural classification,http://www.mimo-db.eu/HornbostelAndSachs/5574
hierarchy-type:mimo-2493-hs-6431,Drums: Individual single-skin cylindrical drums with membrane nailed to drum,musical_instruments,native_source_classification,Types in the MIMO Drums vocabulary mapped by the publisher to its 211.211.1-7 Individual single-skin cylindrical drums with membrane nailed to drum structural category. Multiple source mappings describe alternatives; this group is admitted for native taxonomy browsing.,"mimo-keyword:2493,mimo-hs:6431",NATIVE_CLASSIFICATION_PARENT,MIMO observed native structural classification,http://www.mimo-db.eu/HornbostelAndSachs/6431
hierarchy-type:mimo-2493-hs-6434,"Drums: Individual double-skin cylindrical drums, one skin used for playing with membrane lapped onto a hoop",musical_instruments,native_source_classification,"Types in the MIMO Drums vocabulary mapped by the publisher to its 211.212.11-92 Individual double-skin cylindrical drums, one skin used for playing with membrane lapped onto a hoop structural category. Multiple source mappings describe alternatives; this group is admitted for native taxonomy browsing.","mimo-keyword:2493,mimo-hs:6434",NATIVE_CLASSIFICATION_PARENT,MIMO observed native structural classification,http://www.mimo-db.eu/HornbostelAndSachs/6434
hierarchy-type:mimo-2493-hs-96,Drums: Drums struck directly,musical_instruments,native_source_classification,Types in the MIMO Drums vocabulary mapped by the publisher to its 211 Drums struck directly structural category. Multiple source mappings describe alternatives; this group is admitted for native taxonomy browsing.,"mimo-keyword:2493,mimo-hs:96",NATIVE_CLASSIFICATION_PARENT,MIMO observed native structural classification,http://www.mimo-db.eu/HornbostelAndSachs/96
hierarchy-type:mimo-2493-hs-98,Drums: (Separate) vessel drums,musical_instruments,native_source_classification,Types in the MIMO Drums vocabulary mapped by the publisher to its 211.11 (Separate) vessel drums structural category. Multiple source mappings describe alternatives; this group is admitted for native taxonomy browsing.,"mimo-keyword:2493,mimo-hs:98",NATIVE_CLASSIFICATION_PARENT,MIMO observed native structural classification,http://www.mimo-db.eu/HornbostelAndSachs/98
hierarchy-type:mimo-2493-hs-99,Drums: Sets of vessel drums,musical_instruments,native_source_classification,Types in the MIMO Drums vocabulary mapped by the publisher to its 211.12 Sets of vessel drums structural category. Multiple source mappings describe alternatives; this group is admitted for native taxonomy browsing.,"mimo-keyword:2493,mimo-hs:99",NATIVE_CLASSIFICATION_PARENT,MIMO observed native structural classification,http://www.mimo-db.eu/HornbostelAndSachs/99
hierarchy-type:mimo-2807-hs-23,Gongs: Gongs,musical_instruments,native_source_classification,Types in the MIMO Gongs vocabulary mapped by the publisher to its 111.241 Gongs structural category. Multiple source mappings describe alternatives; this group is admitted for native taxonomy browsing.,"mimo-keyword:2807,mimo-hs:23",NATIVE_CLASSIFICATION_PARENT,MIMO observed native structural classification,http://www.mimo-db.eu/HornbostelAndSachs/23
hierarchy-type:mimo-2807-hs-24,Gongs: (Individual) gongs,musical_instruments,native_source_classification,Types in the MIMO Gongs vocabulary mapped by the publisher to its 111.241.1 (Individual) gongs structural category. Multiple source mappings describe alternatives; this group is admitted for native taxonomy browsing.,"mimo-keyword:2807,mimo-hs:24",NATIVE_CLASSIFICATION_PARENT,MIMO observed native structural classification,http://www.mimo-db.eu/HornbostelAndSachs/24
hierarchy-type:mimo-2807-hs-26,Gongs: Sets of gongs,musical_instruments,native_source_classification,Types in the MIMO Gongs vocabulary mapped by the publisher to its 111.241.2 Sets of gongs structural category. Multiple source mappings describe alternatives; this group is admitted for native taxonomy browsing.,"mimo-keyword:2807,mimo-hs:26",NATIVE_CLASSIFICATION_PARENT,MIMO observed native structural classification,http://www.mimo-db.eu/HornbostelAndSachs/26
hierarchy-type:mimo-2861-hs-60,Trumps: Guimbardes,musical_instruments,native_source_classification,Types in the MIMO Trumps vocabulary mapped by the publisher to its 121.2 Guimbardes structural category. Multiple source mappings describe alternatives; this group is admitted for native taxonomy browsing.,"mimo-keyword:2861,mimo-hs:60",NATIVE_CLASSIFICATION_PARENT,MIMO observed native structural classification,http://www.mimo-db.eu/HornbostelAndSachs/60
hierarchy-type:mimo-2861-hs-61,Trumps: Idioglot guimbardes,musical_instruments,native_source_classification,Types in the MIMO Trumps vocabulary mapped by the publisher to its 121.21 Idioglot guimbardes structural category. Multiple source mappings describe alternatives; this group is admitted for native taxonomy browsing.,"mimo-keyword:2861,mimo-hs:61",NATIVE_CLASSIFICATION_PARENT,MIMO observed native structural classification,http://www.mimo-db.eu/HornbostelAndSachs/61
hierarchy-type:mimo-2861-hs-63,Trumps: (Single) heteroglot guimbardes,musical_instruments,native_source_classification,Types in the MIMO Trumps vocabulary mapped by the publisher to its 121.221 (Single) heteroglot guimbardes structural category. Multiple source mappings describe alternatives; this group is admitted for native taxonomy browsing.,"mimo-keyword:2861,mimo-hs:63",NATIVE_CLASSIFICATION_PARENT,MIMO observed native structural classification,http://www.mimo-db.eu/HornbostelAndSachs/63
hierarchy-type:mimo-2879-hs-98,Kettledrums: (Separate) vessel drums,musical_instruments,native_source_classification,Types in the MIMO Kettledrums vocabulary mapped by the publisher to its 211.11 (Separate) vessel drums structural category. Multiple source mappings describe alternatives; this group is admitted for native taxonomy browsing.,"mimo-keyword:2879,mimo-hs:98",NATIVE_CLASSIFICATION_PARENT,MIMO observed native structural classification,http://www.mimo-db.eu/HornbostelAndSachs/98
hierarchy-type:mimo-2879-hs-99,Kettledrums: Sets of vessel drums,musical_instruments,native_source_classification,Types in the MIMO Kettledrums vocabulary mapped by the publisher to its 211.12 Sets of vessel drums structural category. Multiple source mappings describe alternatives; this group is admitted for native taxonomy browsing.,"mimo-keyword:2879,mimo-hs:99",NATIVE_CLASSIFICATION_PARENT,MIMO observed native structural classification,http://www.mimo-db.eu/HornbostelAndSachs/99
hierarchy-type:mimo-2912-hs-66,"Lamellaphones: Lamellaphones (or plucked idiophones) with laced-on, or hooked-in lamellae",musical_instruments,native_source_classification,"Types in the MIMO Lamellaphones vocabulary mapped by the publisher to its 122.1 Lamellaphones (or plucked idiophones) with laced-on, or hooked-in lamellae structural category. Multiple source mappings describe alternatives; this group is admitted for native taxonomy browsing.","mimo-keyword:2912,mimo-hs:66",NATIVE_CLASSIFICATION_PARENT,MIMO observed native structural classification,http://www.mimo-db.eu/HornbostelAndSachs/66
hierarchy-type:mimo-2912-hs-67,"Lamellaphones: Lamellaphones (or plucked idiophones) with laced-on, or hooked-in lamellae, without resonator",musical_instruments,native_source_classification,"Types in the MIMO Lamellaphones vocabulary mapped by the publisher to its 122.11 Lamellaphones (or plucked idiophones) with laced-on, or hooked-in lamellae, without resonator structural category. Multiple source mappings describe alternatives; this group is admitted for native taxonomy browsing.","mimo-keyword:2912,mimo-hs:67",NATIVE_CLASSIFICATION_PARENT,MIMO observed native structural classification,http://www.mimo-db.eu/HornbostelAndSachs/67
hierarchy-type:mimo-2912-hs-68,"Lamellaphones: Lamellaphones (or plucked idiophones) with laced-on, or hooked-in lamellae, with resonator",musical_instruments,native_source_classification,"Types in the MIMO Lamellaphones vocabulary mapped by the publisher to its 122.12 Lamellaphones (or plucked idiophones) with laced-on, or hooked-in lamellae, with resonator structural category. Multiple source mappings describe alternatives; this group is admitted for native taxonomy browsing.","mimo-keyword:2912,mimo-hs:68",NATIVE_CLASSIFICATION_PARENT,MIMO observed native structural classification,http://www.mimo-db.eu/HornbostelAndSachs/68
hierarchy-type:mimo-2965-hs-15,Metallophones: Sets of percussion sticks,musical_instruments,native_source_classification,Types in the MIMO Metallophones vocabulary mapped by the publisher to its 111.212 Sets of percussion sticks structural category. Multiple source mappings describe alternatives; this group is admitted for native taxonomy browsing.,"mimo-keyword:2965,mimo-hs:15",NATIVE_CLASSIFICATION_PARENT,MIMO observed native structural classification,http://www.mimo-db.eu/HornbostelAndSachs/15
hierarchy-type:mimo-2965-hs-18,Metallophones: Sets of percussion plaques,musical_instruments,native_source_classification,Types in the MIMO Metallophones vocabulary mapped by the publisher to its 111.222 Sets of percussion plaques structural category. Multiple source mappings describe alternatives; this group is admitted for native taxonomy browsing.,"mimo-keyword:2965,mimo-hs:18",NATIVE_CLASSIFICATION_PARENT,MIMO observed native structural classification,http://www.mimo-db.eu/HornbostelAndSachs/18
hierarchy-type:mimo-2988-hs-14,Others: (Individual) percussion sticks,musical_instruments,native_source_classification,Types in the MIMO Others vocabulary mapped by the publisher to its 111.211 (Individual) percussion sticks structural category. Multiple source mappings describe alternatives; this group is admitted for native taxonomy browsing.,"mimo-keyword:2988,mimo-hs:14",NATIVE_CLASSIFICATION_PARENT,MIMO observed native structural classification,http://www.mimo-db.eu/HornbostelAndSachs/14
hierarchy-type:mimo-2988-hs-17,Others: (Individual) percussion plaques,musical_instruments,native_source_classification,Types in the MIMO Others vocabulary mapped by the publisher to its 111.221 (Individual) percussion plaques structural category. Multiple source mappings describe alternatives; this group is admitted for native taxonomy browsing.,"mimo-keyword:2988,mimo-hs:17",NATIVE_CLASSIFICATION_PARENT,MIMO observed native structural classification,http://www.mimo-db.eu/HornbostelAndSachs/17
hierarchy-type:mimo-2988-hs-20,Others: (Individual) percussion tubes,musical_instruments,native_source_classification,Types in the MIMO Others vocabulary mapped by the publisher to its 111.231 (Individual) percussion tubes structural category. Multiple source mappings describe alternatives; this group is admitted for native taxonomy browsing.,"mimo-keyword:2988,mimo-hs:20",NATIVE_CLASSIFICATION_PARENT,MIMO observed native structural classification,http://www.mimo-db.eu/HornbostelAndSachs/20
hierarchy-type:mimo-2988-hs-22,Others: Percussion vessels,musical_instruments,native_source_classification,Types in the MIMO Others vocabulary mapped by the publisher to its 111.24 Percussion vessels structural category. Multiple source mappings describe alternatives; this group is admitted for native taxonomy browsing.,"mimo-keyword:2988,mimo-hs:22",NATIVE_CLASSIFICATION_PARENT,MIMO observed native structural classification,http://www.mimo-db.eu/HornbostelAndSachs/22
hierarchy-type:mimo-2988-hs-3,Others: Idiophones struck directly,musical_instruments,native_source_classification,Types in the MIMO Others vocabulary mapped by the publisher to its 111 Idiophones struck directly structural category. Multiple source mappings describe alternatives; this group is admitted for native taxonomy browsing.,"mimo-keyword:2988,mimo-hs:3",NATIVE_CLASSIFICATION_PARENT,MIMO observed native structural classification,http://www.mimo-db.eu/HornbostelAndSachs/3
hierarchy-type:mimo-3012-hs-39,Rattles: Shaken idiophones or rattles,musical_instruments,native_source_classification,Types in the MIMO Rattles vocabulary mapped by the publisher to its 112.1 Shaken idiophones or rattles structural category. Multiple source mappings describe alternatives; this group is admitted for native taxonomy browsing.,"mimo-keyword:3012,mimo-hs:39",NATIVE_CLASSIFICATION_PARENT,MIMO observed native structural classification,http://www.mimo-db.eu/HornbostelAndSachs/39
hierarchy-type:mimo-3012-hs-41,Rattles: Strung rattles,musical_instruments,native_source_classification,Types in the MIMO Rattles vocabulary mapped by the publisher to its 112.111 Strung rattles structural category. Multiple source mappings describe alternatives; this group is admitted for native taxonomy browsing.,"mimo-keyword:3012,mimo-hs:41",NATIVE_CLASSIFICATION_PARENT,MIMO observed native structural classification,http://www.mimo-db.eu/HornbostelAndSachs/41
hierarchy-type:mimo-3012-hs-42,Rattles: Stick rattles,musical_instruments,native_source_classification,Types in the MIMO Rattles vocabulary mapped by the publisher to its 112.112 Stick rattles structural category. Multiple source mappings describe alternatives; this group is admitted for native taxonomy browsing.,"mimo-keyword:3012,mimo-hs:42",NATIVE_CLASSIFICATION_PARENT,MIMO observed native structural classification,http://www.mimo-db.eu/HornbostelAndSachs/42
hierarchy-type:mimo-3012-hs-43,Rattles: Frame rattles,musical_instruments,native_source_classification,Types in the MIMO Rattles vocabulary mapped by the publisher to its 112.12 Frame rattles structural category. Multiple source mappings describe alternatives; this group is admitted for native taxonomy browsing.,"mimo-keyword:3012,mimo-hs:43",NATIVE_CLASSIFICATION_PARENT,MIMO observed native structural classification,http://www.mimo-db.eu/HornbostelAndSachs/43
hierarchy-type:mimo-3012-hs-45,Rattles: Sliding rattles,musical_instruments,native_source_classification,Types in the MIMO Rattles vocabulary mapped by the publisher to its 112.122 Sliding rattles structural category. Multiple source mappings describe alternatives; this group is admitted for native taxonomy browsing.,"mimo-keyword:3012,mimo-hs:45",NATIVE_CLASSIFICATION_PARENT,MIMO observed native structural classification,http://www.mimo-db.eu/HornbostelAndSachs/45
hierarchy-type:mimo-3012-hs-46,Rattles: Vessel rattles,musical_instruments,native_source_classification,Types in the MIMO Rattles vocabulary mapped by the publisher to its 112.13 Vessel rattles structural category. Multiple source mappings describe alternatives; this group is admitted for native taxonomy browsing.,"mimo-keyword:3012,mimo-hs:46",NATIVE_CLASSIFICATION_PARENT,MIMO observed native structural classification,http://www.mimo-db.eu/HornbostelAndSachs/46
hierarchy-type:mimo-3047-hs-49,Scrapers: Scraped sticks,musical_instruments,native_source_classification,Types in the MIMO Scrapers vocabulary mapped by the publisher to its 112.21 Scraped sticks structural category. Multiple source mappings describe alternatives; this group is admitted for native taxonomy browsing.,"mimo-keyword:3047,mimo-hs:49",NATIVE_CLASSIFICATION_PARENT,MIMO observed native structural classification,http://www.mimo-db.eu/HornbostelAndSachs/49
hierarchy-type:mimo-3047-hs-50,Scrapers: Scraped sticks without resonator,musical_instruments,native_source_classification,Types in the MIMO Scrapers vocabulary mapped by the publisher to its 112.211 Scraped sticks without resonator structural category. Multiple source mappings describe alternatives; this group is admitted for native taxonomy browsing.,"mimo-keyword:3047,mimo-hs:50",NATIVE_CLASSIFICATION_PARENT,MIMO observed native structural classification,http://www.mimo-db.eu/HornbostelAndSachs/50
hierarchy-type:mimo-3047-hs-52,Scrapers: Scraped tubes,musical_instruments,native_source_classification,Types in the MIMO Scrapers vocabulary mapped by the publisher to its 112.22 Scraped tubes structural category. Multiple source mappings describe alternatives; this group is admitted for native taxonomy browsing.,"mimo-keyword:3047,mimo-hs:52",NATIVE_CLASSIFICATION_PARENT,MIMO observed native structural classification,http://www.mimo-db.eu/HornbostelAndSachs/52
hierarchy-type:mimo-3047-hs-53,Scrapers: Scraped vessels,musical_instruments,native_source_classification,Types in the MIMO Scrapers vocabulary mapped by the publisher to its 112.23 Scraped vessels structural category. Multiple source mappings describe alternatives; this group is admitted for native taxonomy browsing.,"mimo-keyword:3047,mimo-hs:53",NATIVE_CLASSIFICATION_PARENT,MIMO observed native structural classification,http://www.mimo-db.eu/HornbostelAndSachs/53
hierarchy-type:mimo-3062-hs-15,Xylophones: Sets of percussion sticks,musical_instruments,native_source_classification,Types in the MIMO Xylophones vocabulary mapped by the publisher to its 111.212 Sets of percussion sticks structural category. Multiple source mappings describe alternatives; this group is admitted for native taxonomy browsing.,"mimo-keyword:3062,mimo-hs:15",NATIVE_CLASSIFICATION_PARENT,MIMO observed native structural classification,http://www.mimo-db.eu/HornbostelAndSachs/15
hierarchy-type:mimo-3062-hs-18,Xylophones: Sets of percussion plaques,musical_instruments,native_source_classification,Types in the MIMO Xylophones vocabulary mapped by the publisher to its 111.222 Sets of percussion plaques structural category. Multiple source mappings describe alternatives; this group is admitted for native taxonomy browsing.,"mimo-keyword:3062,mimo-hs:18",NATIVE_CLASSIFICATION_PARENT,MIMO observed native structural classification,http://www.mimo-db.eu/HornbostelAndSachs/18
hierarchy-type:mimo-3062-hs-21,Xylophones: Sets of percussion tubes,musical_instruments,native_source_classification,Types in the MIMO Xylophones vocabulary mapped by the publisher to its 111.232 Sets of percussion tubes structural category. Multiple source mappings describe alternatives; this group is admitted for native taxonomy browsing.,"mimo-keyword:3062,mimo-hs:21",NATIVE_CLASSIFICATION_PARENT,MIMO observed native structural classification,http://www.mimo-db.eu/HornbostelAndSachs/21
hierarchy-type:mimo-3102-hs-205,Citterns: Necked bowl lutes,musical_instruments,native_source_classification,Types in the MIMO Citterns vocabulary mapped by the publisher to its 321.321 Necked bowl lutes structural category. Multiple source mappings describe alternatives; this group is admitted for native taxonomy browsing.,"mimo-keyword:3102,mimo-hs:205",NATIVE_CLASSIFICATION_PARENT,MIMO observed native structural classification,http://www.mimo-db.eu/HornbostelAndSachs/205
hierarchy-type:mimo-3102-hs-206,Citterns: Necked box lutes or necked guitars,musical_instruments,native_source_classification,Types in the MIMO Citterns vocabulary mapped by the publisher to its 321.322 Necked box lutes or necked guitars structural category. Multiple source mappings describe alternatives; this group is admitted for native taxonomy browsing.,"mimo-keyword:3102,mimo-hs:206",NATIVE_CLASSIFICATION_PARENT,MIMO observed native structural classification,http://www.mimo-db.eu/HornbostelAndSachs/206
hierarchy-type:mimo-3102-hs-6471,Citterns: Necked box lutes or necked guitars sounded by the bare fingers,musical_instruments,native_source_classification,Types in the MIMO Citterns vocabulary mapped by the publisher to its 321.322-5 Necked box lutes or necked guitars sounded by the bare fingers structural category. Multiple source mappings describe alternatives; this group is admitted for native taxonomy browsing.,"mimo-keyword:3102,mimo-hs:6471",NATIVE_CLASSIFICATION_PARENT,MIMO observed native structural classification,http://www.mimo-db.eu/HornbostelAndSachs/6471
hierarchy-type:mimo-3108-hs-206,Double basses: Necked box lutes or necked guitars,musical_instruments,native_source_classification,Types in the MIMO Double basses vocabulary mapped by the publisher to its 321.322 Necked box lutes or necked guitars structural category. Multiple source mappings describe alternatives; this group is admitted for native taxonomy browsing.,"mimo-keyword:3108,mimo-hs:206",NATIVE_CLASSIFICATION_PARENT,MIMO observed native structural classification,http://www.mimo-db.eu/HornbostelAndSachs/206
hierarchy-type:mimo-3108-hs-6473,Double basses: Necked box lutes or necked guitars sounded by bowing with a bow,musical_instruments,native_source_classification,Types in the MIMO Double basses vocabulary mapped by the publisher to its 321.322-71 Necked box lutes or necked guitars sounded by bowing with a bow structural category. Multiple source mappings describe alternatives; this group is admitted for native taxonomy browsing.,"mimo-keyword:3108,mimo-hs:6473",NATIVE_CLASSIFICATION_PARENT,MIMO observed native structural classification,http://www.mimo-db.eu/HornbostelAndSachs/6473
hierarchy-type:mimo-3113-hs-200,Fiddles: Spike bowl lutes,musical_instruments,native_source_classification,Types in the MIMO Fiddles vocabulary mapped by the publisher to its 321.311 Spike bowl lutes structural category. Multiple source mappings describe alternatives; this group is admitted for native taxonomy browsing.,"mimo-keyword:3113,mimo-hs:200",NATIVE_CLASSIFICATION_PARENT,MIMO observed native structural classification,http://www.mimo-db.eu/HornbostelAndSachs/200
hierarchy-type:mimo-3113-hs-201,Fiddles: Spike box lutes or spike guitars,musical_instruments,native_source_classification,Types in the MIMO Fiddles vocabulary mapped by the publisher to its 321.312 Spike box lutes or spike guitars structural category. Multiple source mappings describe alternatives; this group is admitted for native taxonomy browsing.,"mimo-keyword:3113,mimo-hs:201",NATIVE_CLASSIFICATION_PARENT,MIMO observed native structural classification,http://www.mimo-db.eu/HornbostelAndSachs/201
hierarchy-type:mimo-3113-hs-202,Fiddles: Spike tube lutes,musical_instruments,native_source_classification,Types in the MIMO Fiddles vocabulary mapped by the publisher to its 321.313 Spike tube lutes structural category. Multiple source mappings describe alternatives; this group is admitted for native taxonomy browsing.,"mimo-keyword:3113,mimo-hs:202",NATIVE_CLASSIFICATION_PARENT,MIMO observed native structural classification,http://www.mimo-db.eu/HornbostelAndSachs/202
hierarchy-type:mimo-3113-hs-205,Fiddles: Necked bowl lutes,musical_instruments,native_source_classification,Types in the MIMO Fiddles vocabulary mapped by the publisher to its 321.321 Necked bowl lutes structural category. Multiple source mappings describe alternatives; this group is admitted for native taxonomy browsing.,"mimo-keyword:3113,mimo-hs:205",NATIVE_CLASSIFICATION_PARENT,MIMO observed native structural classification,http://www.mimo-db.eu/HornbostelAndSachs/205
hierarchy-type:mimo-3113-hs-206,Fiddles: Necked box lutes or necked guitars,musical_instruments,native_source_classification,Types in the MIMO Fiddles vocabulary mapped by the publisher to its 321.322 Necked box lutes or necked guitars structural category. Multiple source mappings describe alternatives; this group is admitted for native taxonomy browsing.,"mimo-keyword:3113,mimo-hs:206",NATIVE_CLASSIFICATION_PARENT,MIMO observed native structural classification,http://www.mimo-db.eu/HornbostelAndSachs/206
hierarchy-type:mimo-3113-hs-6466,Fiddles: Spike bowl lutes sounded by bowing,musical_instruments,native_source_classification,Types in the MIMO Fiddles vocabulary mapped by the publisher to its 321.311-7 Spike bowl lutes sounded by bowing structural category. Multiple source mappings describe alternatives; this group is admitted for native taxonomy browsing.,"mimo-keyword:3113,mimo-hs:6466",NATIVE_CLASSIFICATION_PARENT,MIMO observed native structural classification,http://www.mimo-db.eu/HornbostelAndSachs/6466
hierarchy-type:mimo-3113-hs-6468,Fiddles: Spike box lutes or spike guitars sounded by bowing,musical_instruments,native_source_classification,Types in the MIMO Fiddles vocabulary mapped by the publisher to its 321.312-7 Spike box lutes or spike guitars sounded by bowing structural category. Multiple source mappings describe alternatives; this group is admitted for native taxonomy browsing.,"mimo-keyword:3113,mimo-hs:6468",NATIVE_CLASSIFICATION_PARENT,MIMO observed native structural classification,http://www.mimo-db.eu/HornbostelAndSachs/6468
hierarchy-type:mimo-3113-hs-6470,Fiddles: Necked bowl lutes sounded by bowing,musical_instruments,native_source_classification,Types in the MIMO Fiddles vocabulary mapped by the publisher to its 321.321-7 Necked bowl lutes sounded by bowing structural category. Multiple source mappings describe alternatives; this group is admitted for native taxonomy browsing.,"mimo-keyword:3113,mimo-hs:6470",NATIVE_CLASSIFICATION_PARENT,MIMO observed native structural classification,http://www.mimo-db.eu/HornbostelAndSachs/6470
hierarchy-type:mimo-3113-hs-6473,Fiddles: Necked box lutes or necked guitars sounded by bowing with a bow,musical_instruments,native_source_classification,Types in the MIMO Fiddles vocabulary mapped by the publisher to its 321.322-71 Necked box lutes or necked guitars sounded by bowing with a bow structural category. Multiple source mappings describe alternatives; this group is admitted for native taxonomy browsing.,"mimo-keyword:3113,mimo-hs:6473",NATIVE_CLASSIFICATION_PARENT,MIMO observed native structural classification,http://www.mimo-db.eu/HornbostelAndSachs/6473
hierarchy-type:mimo-3113-hs-6710,Fiddles: Spike tube lutes played by bowing,musical_instruments,native_source_classification,Types in the MIMO Fiddles vocabulary mapped by the publisher to its 321.313-7 Spike tube lutes played by bowing structural category. Multiple source mappings describe alternatives; this group is admitted for native taxonomy browsing.,"mimo-keyword:3113,mimo-hs:6710",NATIVE_CLASSIFICATION_PARENT,MIMO observed native structural classification,http://www.mimo-db.eu/HornbostelAndSachs/6710
hierarchy-type:mimo-3224-hs-201,Guitars: Spike box lutes or spike guitars,musical_instruments,native_source_classification,Types in the MIMO Guitars vocabulary mapped by the publisher to its 321.312 Spike box lutes or spike guitars structural category. Multiple source mappings describe alternatives; this group is admitted for native taxonomy browsing.,"mimo-keyword:3224,mimo-hs:201",NATIVE_CLASSIFICATION_PARENT,MIMO observed native structural classification,http://www.mimo-db.eu/HornbostelAndSachs/201
hierarchy-type:mimo-3224-hs-205,Guitars: Necked bowl lutes,musical_instruments,native_source_classification,Types in the MIMO Guitars vocabulary mapped by the publisher to its 321.321 Necked bowl lutes structural category. Multiple source mappings describe alternatives; this group is admitted for native taxonomy browsing.,"mimo-keyword:3224,mimo-hs:205",NATIVE_CLASSIFICATION_PARENT,MIMO observed native structural classification,http://www.mimo-db.eu/HornbostelAndSachs/205
hierarchy-type:mimo-3224-hs-206,Guitars: Necked box lutes or necked guitars,musical_instruments,native_source_classification,Types in the MIMO Guitars vocabulary mapped by the publisher to its 321.322 Necked box lutes or necked guitars structural category. Multiple source mappings describe alternatives; this group is admitted for native taxonomy browsing.,"mimo-keyword:3224,mimo-hs:206",NATIVE_CLASSIFICATION_PARENT,MIMO observed native structural classification,http://www.mimo-db.eu/HornbostelAndSachs/206
hierarchy-type:mimo-3224-hs-6158,Guitars: Electro-acoustic chordophones,musical_instruments,native_source_classification,Types in the MIMO Guitars vocabulary mapped by the publisher to its 513 Electro-acoustic chordophones structural category. Multiple source mappings describe alternatives; this group is admitted for native taxonomy browsing.,"mimo-keyword:3224,mimo-hs:6158",NATIVE_CLASSIFICATION_PARENT,MIMO observed native structural classification,http://www.mimo-db.eu/HornbostelAndSachs/6158
hierarchy-type:mimo-3224-hs-6467,Guitars: Spike box lutes or spike guitars sounded by the bare fingers,musical_instruments,native_source_classification,Types in the MIMO Guitars vocabulary mapped by the publisher to its 321.312-5 Spike box lutes or spike guitars sounded by the bare fingers structural category. Multiple source mappings describe alternatives; this group is admitted for native taxonomy browsing.,"mimo-keyword:3224,mimo-hs:6467",NATIVE_CLASSIFICATION_PARENT,MIMO observed native structural classification,http://www.mimo-db.eu/HornbostelAndSachs/6467
hierarchy-type:mimo-3224-hs-6471,Guitars: Necked box lutes or necked guitars sounded by the bare fingers,musical_instruments,native_source_classification,Types in the MIMO Guitars vocabulary mapped by the publisher to its 321.322-5 Necked box lutes or necked guitars sounded by the bare fingers structural category. Multiple source mappings describe alternatives; this group is admitted for native taxonomy browsing.,"mimo-keyword:3224,mimo-hs:6471",NATIVE_CLASSIFICATION_PARENT,MIMO observed native structural classification,http://www.mimo-db.eu/HornbostelAndSachs/6471
hierarchy-type:mimo-3254-hs-5680,Harp lutes / koras: Arched spike harps with tall stringholders,musical_instruments,native_source_classification,Types in the MIMO Harp lutes / koras vocabulary mapped by the publisher to its 323.1 Arched spike harps with tall stringholders structural category. Multiple source mappings describe alternatives; this group is admitted for native taxonomy browsing.,"mimo-keyword:3254,mimo-hs:5680",NATIVE_CLASSIFICATION_PARENT,MIMO observed native structural classification,http://www.mimo-db.eu/HornbostelAndSachs/5680
hierarchy-type:mimo-3254-hs-5681,"Harp lutes / koras: Spike harps with pressure bridges, bridge harps or harp-lutes",musical_instruments,native_source_classification,"Types in the MIMO Harp lutes / koras vocabulary mapped by the publisher to its 323.2 Spike harps with pressure bridges, bridge harps or harp-lutes structural category. Multiple source mappings describe alternatives; this group is admitted for native taxonomy browsing.","mimo-keyword:3254,mimo-hs:5681",NATIVE_CLASSIFICATION_PARENT,MIMO observed native structural classification,http://www.mimo-db.eu/HornbostelAndSachs/5681
hierarchy-type:mimo-3265-hs-5665,Harps: Arched harps,musical_instruments,native_source_classification,Types in the MIMO Harps vocabulary mapped by the publisher to its 322.11 Arched harps structural category. Multiple source mappings describe alternatives; this group is admitted for native taxonomy browsing.,"mimo-keyword:3265,mimo-hs:5665",NATIVE_CLASSIFICATION_PARENT,MIMO observed native structural classification,http://www.mimo-db.eu/HornbostelAndSachs/5665
hierarchy-type:mimo-3265-hs-5666,Harps: Angular harps,musical_instruments,native_source_classification,Types in the MIMO Harps vocabulary mapped by the publisher to its 322.12 Angular harps structural category. Multiple source mappings describe alternatives; this group is admitted for native taxonomy browsing.,"mimo-keyword:3265,mimo-hs:5666",NATIVE_CLASSIFICATION_PARENT,MIMO observed native structural classification,http://www.mimo-db.eu/HornbostelAndSachs/5666
hierarchy-type:mimo-3265-hs-5668,Harps: Arched harps - Wachsmann type 2,musical_instruments,native_source_classification,Types in the MIMO Harps vocabulary mapped by the publisher to its 322.112 Arched harps - Wachsmann type 2 structural category. Multiple source mappings describe alternatives; this group is admitted for native taxonomy browsing.,"mimo-keyword:3265,mimo-hs:5668",NATIVE_CLASSIFICATION_PARENT,MIMO observed native structural classification,http://www.mimo-db.eu/HornbostelAndSachs/5668
hierarchy-type:mimo-3265-hs-5670,Harps: Arched harps - Wachsmann type 3,musical_instruments,native_source_classification,Types in the MIMO Harps vocabulary mapped by the publisher to its 322.113 Arched harps - Wachsmann type 3 structural category. Multiple source mappings describe alternatives; this group is admitted for native taxonomy browsing.,"mimo-keyword:3265,mimo-hs:5670",NATIVE_CLASSIFICATION_PARENT,MIMO observed native structural classification,http://www.mimo-db.eu/HornbostelAndSachs/5670
hierarchy-type:mimo-3265-hs-6477,Harps: Frame harps with manual action sounded by the bare fingers,musical_instruments,native_source_classification,Types in the MIMO Harps vocabulary mapped by the publisher to its 322.221-5 Frame harps with manual action sounded by the bare fingers structural category. Multiple source mappings describe alternatives; this group is admitted for native taxonomy browsing.,"mimo-keyword:3265,mimo-hs:6477",NATIVE_CLASSIFICATION_PARENT,MIMO observed native structural classification,http://www.mimo-db.eu/HornbostelAndSachs/6477
hierarchy-type:mimo-3313-hs-193,Lutes: Lutes,musical_instruments,native_source_classification,Types in the MIMO Lutes vocabulary mapped by the publisher to its 321 Lutes structural category. Multiple source mappings describe alternatives; this group is admitted for native taxonomy browsing.,"mimo-keyword:3313,mimo-hs:193",NATIVE_CLASSIFICATION_PARENT,MIMO observed native structural classification,http://www.mimo-db.eu/HornbostelAndSachs/193
hierarchy-type:mimo-3313-hs-194,Lutes: Bow lutes,musical_instruments,native_source_classification,Types in the MIMO Lutes vocabulary mapped by the publisher to its 321.1 Bow lutes structural category. Multiple source mappings describe alternatives; this group is admitted for native taxonomy browsing.,"mimo-keyword:3313,mimo-hs:194",NATIVE_CLASSIFICATION_PARENT,MIMO observed native structural classification,http://www.mimo-db.eu/HornbostelAndSachs/194
hierarchy-type:mimo-3313-hs-198,Lutes: Handle lutes,musical_instruments,native_source_classification,Types in the MIMO Lutes vocabulary mapped by the publisher to its 321.3 Handle lutes structural category. Multiple source mappings describe alternatives; this group is admitted for native taxonomy browsing.,"mimo-keyword:3313,mimo-hs:198",NATIVE_CLASSIFICATION_PARENT,MIMO observed native structural classification,http://www.mimo-db.eu/HornbostelAndSachs/198
hierarchy-type:mimo-3313-hs-200,Lutes: Spike bowl lutes,musical_instruments,native_source_classification,Types in the MIMO Lutes vocabulary mapped by the publisher to its 321.311 Spike bowl lutes structural category. Multiple source mappings describe alternatives; this group is admitted for native taxonomy browsing.,"mimo-keyword:3313,mimo-hs:200",NATIVE_CLASSIFICATION_PARENT,MIMO observed native structural classification,http://www.mimo-db.eu/HornbostelAndSachs/200
hierarchy-type:mimo-3313-hs-201,Lutes: Spike box lutes or spike guitars,musical_instruments,native_source_classification,Types in the MIMO Lutes vocabulary mapped by the publisher to its 321.312 Spike box lutes or spike guitars structural category. Multiple source mappings describe alternatives; this group is admitted for native taxonomy browsing.,"mimo-keyword:3313,mimo-hs:201",NATIVE_CLASSIFICATION_PARENT,MIMO observed native structural classification,http://www.mimo-db.eu/HornbostelAndSachs/201
hierarchy-type:mimo-3313-hs-204,Lutes: Necked lutes,musical_instruments,native_source_classification,Types in the MIMO Lutes vocabulary mapped by the publisher to its 321.32 Necked lutes structural category. Multiple source mappings describe alternatives; this group is admitted for native taxonomy browsing.,"mimo-keyword:3313,mimo-hs:204",NATIVE_CLASSIFICATION_PARENT,MIMO observed native structural classification,http://www.mimo-db.eu/HornbostelAndSachs/204
hierarchy-type:mimo-3313-hs-205,Lutes: Necked bowl lutes,musical_instruments,native_source_classification,Types in the MIMO Lutes vocabulary mapped by the publisher to its 321.321 Necked bowl lutes structural category. Multiple source mappings describe alternatives; this group is admitted for native taxonomy browsing.,"mimo-keyword:3313,mimo-hs:205",NATIVE_CLASSIFICATION_PARENT,MIMO observed native structural classification,http://www.mimo-db.eu/HornbostelAndSachs/205
hierarchy-type:mimo-3313-hs-206,Lutes: Necked box lutes or necked guitars,musical_instruments,native_source_classification,Types in the MIMO Lutes vocabulary mapped by the publisher to its 321.322 Necked box lutes or necked guitars structural category. Multiple source mappings describe alternatives; this group is admitted for native taxonomy browsing.,"mimo-keyword:3313,mimo-hs:206",NATIVE_CLASSIFICATION_PARENT,MIMO observed native structural classification,http://www.mimo-db.eu/HornbostelAndSachs/206
hierarchy-type:mimo-3313-hs-2159,Lutes: Half-spike lutes or tanged lutes,musical_instruments,native_source_classification,Types in the MIMO Lutes vocabulary mapped by the publisher to its 321.33 Half-spike lutes or tanged lutes structural category. Multiple source mappings describe alternatives; this group is admitted for native taxonomy browsing.,"mimo-keyword:3313,mimo-hs:2159",NATIVE_CLASSIFICATION_PARENT,MIMO observed native structural classification,http://www.mimo-db.eu/HornbostelAndSachs/2159
hierarchy-type:mimo-3313-hs-5621,Lutes: Half-spike or tanged bowl lutes,musical_instruments,native_source_classification,Types in the MIMO Lutes vocabulary mapped by the publisher to its 321.331 Half-spike or tanged bowl lutes structural category. Multiple source mappings describe alternatives; this group is admitted for native taxonomy browsing.,"mimo-keyword:3313,mimo-hs:5621",NATIVE_CLASSIFICATION_PARENT,MIMO observed native structural classification,http://www.mimo-db.eu/HornbostelAndSachs/5621
hierarchy-type:mimo-3313-hs-6469,Lutes: Necked bowl lutes sounded by the bare fingers,musical_instruments,native_source_classification,Types in the MIMO Lutes vocabulary mapped by the publisher to its 321.321-5 Necked bowl lutes sounded by the bare fingers structural category. Multiple source mappings describe alternatives; this group is admitted for native taxonomy browsing.,"mimo-keyword:3313,mimo-hs:6469",NATIVE_CLASSIFICATION_PARENT,MIMO observed native structural classification,http://www.mimo-db.eu/HornbostelAndSachs/6469
hierarchy-type:mimo-3486-hs-196,Lyres: Bowl lyres,musical_instruments,native_source_classification,Types in the MIMO Lyres vocabulary mapped by the publisher to its 321.21 Bowl lyres structural category. Multiple source mappings describe alternatives; this group is admitted for native taxonomy browsing.,"mimo-keyword:3486,mimo-hs:196",NATIVE_CLASSIFICATION_PARENT,MIMO observed native structural classification,http://www.mimo-db.eu/HornbostelAndSachs/196
hierarchy-type:mimo-3509-hs-205,Mandolins: Necked bowl lutes,musical_instruments,native_source_classification,Types in the MIMO Mandolins vocabulary mapped by the publisher to its 321.321 Necked bowl lutes structural category. Multiple source mappings describe alternatives; this group is admitted for native taxonomy browsing.,"mimo-keyword:3509,mimo-hs:205",NATIVE_CLASSIFICATION_PARENT,MIMO observed native structural classification,http://www.mimo-db.eu/HornbostelAndSachs/205
hierarchy-type:mimo-3521-hs-149,Musical bows: Mono-heterochord musical bows without resonator,musical_instruments,native_source_classification,Types in the MIMO Musical bows vocabulary mapped by the publisher to its 311.121.1 Mono-heterochord musical bows without resonator structural category. Multiple source mappings describe alternatives; this group is admitted for native taxonomy browsing.,"mimo-keyword:3521,mimo-hs:149",NATIVE_CLASSIFICATION_PARENT,MIMO observed native structural classification,http://www.mimo-db.eu/HornbostelAndSachs/149
hierarchy-type:mimo-3521-hs-154,Musical bows: Mono-heterochord musical bows with resonator attached,musical_instruments,native_source_classification,Types in the MIMO Musical bows vocabulary mapped by the publisher to its 311.121.22 Mono-heterochord musical bows with resonator attached structural category. Multiple source mappings describe alternatives; this group is admitted for native taxonomy browsing.,"mimo-keyword:3521,mimo-hs:154",NATIVE_CLASSIFICATION_PARENT,MIMO observed native structural classification,http://www.mimo-db.eu/HornbostelAndSachs/154
hierarchy-type:mimo-3521-hs-194,Musical bows: Bow lutes,musical_instruments,native_source_classification,Types in the MIMO Musical bows vocabulary mapped by the publisher to its 321.1 Bow lutes structural category. Multiple source mappings describe alternatives; this group is admitted for native taxonomy browsing.,"mimo-keyword:3521,mimo-hs:194",NATIVE_CLASSIFICATION_PARENT,MIMO observed native structural classification,http://www.mimo-db.eu/HornbostelAndSachs/194
hierarchy-type:mimo-3564-hs-6473,Violins: Necked box lutes or necked guitars sounded by bowing with a bow,musical_instruments,native_source_classification,Types in the MIMO Violins vocabulary mapped by the publisher to its 321.322-71 Necked box lutes or necked guitars sounded by bowing with a bow structural category. Multiple source mappings describe alternatives; this group is admitted for native taxonomy browsing.,"mimo-keyword:3564,mimo-hs:6473",NATIVE_CLASSIFICATION_PARENT,MIMO observed native structural classification,http://www.mimo-db.eu/HornbostelAndSachs/6473
hierarchy-type:mimo-3575-hs-6473,Violoncellos: Necked box lutes or necked guitars sounded by bowing with a bow,musical_instruments,native_source_classification,Types in the MIMO Violoncellos vocabulary mapped by the publisher to its 321.322-71 Necked box lutes or necked guitars sounded by bowing with a bow structural category. Multiple source mappings describe alternatives; this group is admitted for native taxonomy browsing.,"mimo-keyword:3575,mimo-hs:6473",NATIVE_CLASSIFICATION_PARENT,MIMO observed native structural classification,http://www.mimo-db.eu/HornbostelAndSachs/6473
hierarchy-type:mimo-3584-hs-6473,Viols: Necked box lutes or necked guitars sounded by bowing with a bow,musical_instruments,native_source_classification,Types in the MIMO Viols vocabulary mapped by the publisher to its 321.322-71 Necked box lutes or necked guitars sounded by bowing with a bow structural category. Multiple source mappings describe alternatives; this group is admitted for native taxonomy browsing.,"mimo-keyword:3584,mimo-hs:6473",NATIVE_CLASSIFICATION_PARENT,MIMO observed native structural classification,http://www.mimo-db.eu/HornbostelAndSachs/6473
hierarchy-type:mimo-3610-hs-162,Zithers: (True) stick zithers,musical_instruments,native_source_classification,Types in the MIMO Zithers vocabulary mapped by the publisher to its 311.22 (True) stick zithers structural category. Multiple source mappings describe alternatives; this group is admitted for native taxonomy browsing.,"mimo-keyword:3610,mimo-hs:162",NATIVE_CLASSIFICATION_PARENT,MIMO observed native structural classification,http://www.mimo-db.eu/HornbostelAndSachs/162
hierarchy-type:mimo-3610-hs-163,Zithers: (True) stick zithers with one resonator gourd,musical_instruments,native_source_classification,Types in the MIMO Zithers vocabulary mapped by the publisher to its 311.221 (True) stick zithers with one resonator gourd structural category. Multiple source mappings describe alternatives; this group is admitted for native taxonomy browsing.,"mimo-keyword:3610,mimo-hs:163",NATIVE_CLASSIFICATION_PARENT,MIMO observed native structural classification,http://www.mimo-db.eu/HornbostelAndSachs/163
hierarchy-type:mimo-3610-hs-164,Zithers: (True) stick zithers with several resonator gourds,musical_instruments,native_source_classification,Types in the MIMO Zithers vocabulary mapped by the publisher to its 311.222 (True) stick zithers with several resonator gourds structural category. Multiple source mappings describe alternatives; this group is admitted for native taxonomy browsing.,"mimo-keyword:3610,mimo-hs:164",NATIVE_CLASSIFICATION_PARENT,MIMO observed native structural classification,http://www.mimo-db.eu/HornbostelAndSachs/164
hierarchy-type:mimo-3610-hs-165,Zithers: Tube zithers,musical_instruments,native_source_classification,Types in the MIMO Zithers vocabulary mapped by the publisher to its 312 Tube zithers structural category. Multiple source mappings describe alternatives; this group is admitted for native taxonomy browsing.,"mimo-keyword:3610,mimo-hs:165",NATIVE_CLASSIFICATION_PARENT,MIMO observed native structural classification,http://www.mimo-db.eu/HornbostelAndSachs/165
hierarchy-type:mimo-3610-hs-167,Zithers: ldiochord (true) tube zithers,musical_instruments,native_source_classification,Types in the MIMO Zithers vocabulary mapped by the publisher to its 312.11 ldiochord (true) tube zithers structural category. Multiple source mappings describe alternatives; this group is admitted for native taxonomy browsing.,"mimo-keyword:3610,mimo-hs:167",NATIVE_CLASSIFICATION_PARENT,MIMO observed native structural classification,http://www.mimo-db.eu/HornbostelAndSachs/167
hierarchy-type:mimo-3610-hs-168,Zithers: Heterochord (true) tube zithers,musical_instruments,native_source_classification,Types in the MIMO Zithers vocabulary mapped by the publisher to its 312.12 Heterochord (true) tube zithers structural category. Multiple source mappings describe alternatives; this group is admitted for native taxonomy browsing.,"mimo-keyword:3610,mimo-hs:168",NATIVE_CLASSIFICATION_PARENT,MIMO observed native structural classification,http://www.mimo-db.eu/HornbostelAndSachs/168
hierarchy-type:mimo-3610-hs-173,Zithers: Heterochord half-tube zithers,musical_instruments,native_source_classification,Types in the MIMO Zithers vocabulary mapped by the publisher to its 312.22 Heterochord half-tube zithers structural category. Multiple source mappings describe alternatives; this group is admitted for native taxonomy browsing.,"mimo-keyword:3610,mimo-hs:173",NATIVE_CLASSIFICATION_PARENT,MIMO observed native structural classification,http://www.mimo-db.eu/HornbostelAndSachs/173
hierarchy-type:mimo-3610-hs-175,Zithers: ldiochord raft zithers,musical_instruments,native_source_classification,Types in the MIMO Zithers vocabulary mapped by the publisher to its 313.1 ldiochord raft zithers structural category. Multiple source mappings describe alternatives; this group is admitted for native taxonomy browsing.,"mimo-keyword:3610,mimo-hs:175",NATIVE_CLASSIFICATION_PARENT,MIMO observed native structural classification,http://www.mimo-db.eu/HornbostelAndSachs/175
hierarchy-type:mimo-3610-hs-182,Zithers: True board zithers with resonator box (box zither),musical_instruments,native_source_classification,Types in the MIMO Zithers vocabulary mapped by the publisher to its 314.122 True board zithers with resonator box (box zither) structural category. Multiple source mappings describe alternatives; this group is admitted for native taxonomy browsing.,"mimo-keyword:3610,mimo-hs:182",NATIVE_CLASSIFICATION_PARENT,MIMO observed native structural classification,http://www.mimo-db.eu/HornbostelAndSachs/182
hierarchy-type:mimo-3610-hs-185,Zithers: Harp zithers,musical_instruments,native_source_classification,Types in the MIMO Zithers vocabulary mapped by the publisher to its 314.22 Harp zithers structural category. Multiple source mappings describe alternatives; this group is admitted for native taxonomy browsing.,"mimo-keyword:3610,mimo-hs:185",NATIVE_CLASSIFICATION_PARENT,MIMO observed native structural classification,http://www.mimo-db.eu/HornbostelAndSachs/185
hierarchy-type:mimo-3610-hs-186,Zithers: Trough zithers,musical_instruments,native_source_classification,Types in the MIMO Zithers vocabulary mapped by the publisher to its 315 Trough zithers structural category. Multiple source mappings describe alternatives; this group is admitted for native taxonomy browsing.,"mimo-keyword:3610,mimo-hs:186",NATIVE_CLASSIFICATION_PARENT,MIMO observed native structural classification,http://www.mimo-db.eu/HornbostelAndSachs/186
hierarchy-type:mimo-3610-hs-187,Zithers: Trough zithers without resonator,musical_instruments,native_source_classification,Types in the MIMO Zithers vocabulary mapped by the publisher to its 315.1 Trough zithers without resonator structural category. Multiple source mappings describe alternatives; this group is admitted for native taxonomy browsing.,"mimo-keyword:3610,mimo-hs:187",NATIVE_CLASSIFICATION_PARENT,MIMO observed native structural classification,http://www.mimo-db.eu/HornbostelAndSachs/187
hierarchy-type:mimo-3610-hs-5609,Zithers: Frame zithers with resonator,musical_instruments,native_source_classification,Types in the MIMO Zithers vocabulary mapped by the publisher to its 316.2 Frame zithers with resonator structural category. Multiple source mappings describe alternatives; this group is admitted for native taxonomy browsing.,"mimo-keyword:3610,mimo-hs:5609",NATIVE_CLASSIFICATION_PARENT,MIMO observed native structural classification,http://www.mimo-db.eu/HornbostelAndSachs/5609
hierarchy-type:mimo-3610-hs-6456,Zithers: True board zithers with resonator box (box zither) sounded by hammers or beaters,musical_instruments,native_source_classification,Types in the MIMO Zithers vocabulary mapped by the publisher to its 314.122-4 True board zithers with resonator box (box zither) sounded by hammers or beaters structural category. Multiple source mappings describe alternatives; this group is admitted for native taxonomy browsing.,"mimo-keyword:3610,mimo-hs:6456",NATIVE_CLASSIFICATION_PARENT,MIMO observed native structural classification,http://www.mimo-db.eu/HornbostelAndSachs/6456
hierarchy-type:mimo-3610-hs-6459,Zithers: True board zithers with resonator box (box zither) sounded by the bare fingers,musical_instruments,native_source_classification,Types in the MIMO Zithers vocabulary mapped by the publisher to its 314.122-5 True board zithers with resonator box (box zither) sounded by the bare fingers structural category. Multiple source mappings describe alternatives; this group is admitted for native taxonomy browsing.,"mimo-keyword:3610,mimo-hs:6459",NATIVE_CLASSIFICATION_PARENT,MIMO observed native structural classification,http://www.mimo-db.eu/HornbostelAndSachs/6459
hierarchy-type:mimo-3610-hs-6460,Zithers: True board zithers with resonator box (box zither) sounded by plectrum,musical_instruments,native_source_classification,Types in the MIMO Zithers vocabulary mapped by the publisher to its 314.122-6 True board zithers with resonator box (box zither) sounded by plectrum structural category. Multiple source mappings describe alternatives; this group is admitted for native taxonomy browsing.,"mimo-keyword:3610,mimo-hs:6460",NATIVE_CLASSIFICATION_PARENT,MIMO observed native structural classification,http://www.mimo-db.eu/HornbostelAndSachs/6460
hierarchy-type:mimo-3731-hs-236,Accordions: Sets of free reeds,musical_instruments,native_source_classification,Types in the MIMO Accordions vocabulary mapped by the publisher to its 412.132 Sets of free reeds structural category. Multiple source mappings describe alternatives; this group is admitted for native taxonomy browsing.,"mimo-keyword:3731,mimo-hs:236",NATIVE_CLASSIFICATION_PARENT,MIMO observed native structural classification,http://www.mimo-db.eu/HornbostelAndSachs/236
hierarchy-type:mimo-3731-hs-6485,Accordions: Sets of free reeds with flexible air reservoir,musical_instruments,native_source_classification,Types in the MIMO Accordions vocabulary mapped by the publisher to its 412.132-62 Sets of free reeds with flexible air reservoir structural category. Multiple source mappings describe alternatives; this group is admitted for native taxonomy browsing.,"mimo-keyword:3731,mimo-hs:6485",NATIVE_CLASSIFICATION_PARENT,MIMO observed native structural classification,http://www.mimo-db.eu/HornbostelAndSachs/6485
hierarchy-type:mimo-3731-hs-6769,"Accordions: Sets of free reeds with flexible air reservoir, with keyboard",musical_instruments,native_source_classification,"Types in the MIMO Accordions vocabulary mapped by the publisher to its 412.132-62-8 Sets of free reeds with flexible air reservoir, with keyboard structural category. Multiple source mappings describe alternatives; this group is admitted for native taxonomy browsing.","mimo-keyword:3731,mimo-hs:6769",NATIVE_CLASSIFICATION_PARENT,MIMO observed native structural classification,http://www.mimo-db.eu/HornbostelAndSachs/6769
hierarchy-type:mimo-3745-hs-326,"Bagpipes: (Single) clarinets with cylindrical bore, with fingerholes",musical_instruments,native_source_classification,"Types in the MIMO Bagpipes vocabulary mapped by the publisher to its 422.211.2 (Single) clarinets with cylindrical bore, with fingerholes structural category. Multiple source mappings describe alternatives; this group is admitted for native taxonomy browsing.","mimo-keyword:3745,mimo-hs:326",NATIVE_CLASSIFICATION_PARENT,MIMO observed native structural classification,http://www.mimo-db.eu/HornbostelAndSachs/326
hierarchy-type:mimo-3745-hs-328,Bagpipes: Sets of reedpipes with single reeds,musical_instruments,native_source_classification,Types in the MIMO Bagpipes vocabulary mapped by the publisher to its 422.22 Sets of reedpipes with single reeds structural category. Multiple source mappings describe alternatives; this group is admitted for native taxonomy browsing.,"mimo-keyword:3745,mimo-hs:328",NATIVE_CLASSIFICATION_PARENT,MIMO observed native structural classification,http://www.mimo-db.eu/HornbostelAndSachs/328
hierarchy-type:mimo-3745-hs-6411,Bagpipes: Single oboes with cylindrical bore combined with a set of reedpipes with single reed with flexible air reservoir,musical_instruments,native_source_classification,Types in the MIMO Bagpipes vocabulary mapped by the publisher to its 422.111.2+422.22-62 Single oboes with cylindrical bore combined with a set of reedpipes with single reed with flexible air reservoir structural category. Multiple source mappings describe alternatives; this group is admitted for native taxonomy browsing.,"mimo-keyword:3745,mimo-hs:6411",NATIVE_CLASSIFICATION_PARENT,MIMO observed native structural classification,http://www.mimo-db.eu/HornbostelAndSachs/6411
hierarchy-type:mimo-3745-hs-6414,Bagpipes: Conical double-reed chanter + cylindrical single-reed drone; flexible air reservoir,musical_instruments,native_source_classification,Types in the MIMO Bagpipes vocabulary mapped by the publisher to its 422.112+422.211.1-62 Conical double-reed chanter + cylindrical single-reed drone; flexible air reservoir structural category. Multiple source mappings describe alternatives; this group is admitted for native taxonomy browsing.,"mimo-keyword:3745,mimo-hs:6414",NATIVE_CLASSIFICATION_PARENT,MIMO observed native structural classification,http://www.mimo-db.eu/HornbostelAndSachs/6414
hierarchy-type:mimo-3745-hs-6415,Bagpipes: Conical double-reed chanter + set of cylindrical single-reed drones; flexible air reservoir,musical_instruments,native_source_classification,Types in the MIMO Bagpipes vocabulary mapped by the publisher to its 422.112+422.22-62 Conical double-reed chanter + set of cylindrical single-reed drones; flexible air reservoir structural category. Multiple source mappings describe alternatives; this group is admitted for native taxonomy browsing.,"mimo-keyword:3745,mimo-hs:6415",NATIVE_CLASSIFICATION_PARENT,MIMO observed native structural classification,http://www.mimo-db.eu/HornbostelAndSachs/6415
hierarchy-type:mimo-3745-hs-6519,Bagpipes: Sets of clarinets with flexible air reservoir,musical_instruments,native_source_classification,Types in the MIMO Bagpipes vocabulary mapped by the publisher to its 422.22-62 Sets of clarinets with flexible air reservoir structural category. Multiple source mappings describe alternatives; this group is admitted for native taxonomy browsing.,"mimo-keyword:3745,mimo-hs:6519",NATIVE_CLASSIFICATION_PARENT,MIMO observed native structural classification,http://www.mimo-db.eu/HornbostelAndSachs/6519
hierarchy-type:mimo-3745-hs-8465,Bagpipes: Conical double-reed chanter with conical single reed drone,musical_instruments,native_source_classification,Types in the MIMO Bagpipes vocabulary mapped by the publisher to its 422.112+422.212 Conical double-reed chanter with conical single reed drone structural category. Multiple source mappings describe alternatives; this group is admitted for native taxonomy browsing.,"mimo-keyword:3745,mimo-hs:8465",NATIVE_CLASSIFICATION_PARENT,MIMO observed native structural classification,http://www.mimo-db.eu/HornbostelAndSachs/8465
hierarchy-type:mimo-3786-hs-317,"Bassoons: (Single) oboes with cylindrical bore, with fingerholes",musical_instruments,native_source_classification,"Types in the MIMO Bassoons vocabulary mapped by the publisher to its 422.111.2 (Single) oboes with cylindrical bore, with fingerholes structural category. Multiple source mappings describe alternatives; this group is admitted for native taxonomy browsing.","mimo-keyword:3786,mimo-hs:317",NATIVE_CLASSIFICATION_PARENT,MIMO observed native structural classification,http://www.mimo-db.eu/HornbostelAndSachs/317
hierarchy-type:mimo-3786-hs-318,Bassoons: (Single) oboes with conical bore,musical_instruments,native_source_classification,Types in the MIMO Bassoons vocabulary mapped by the publisher to its 422.112 (Single) oboes with conical bore structural category. Multiple source mappings describe alternatives; this group is admitted for native taxonomy browsing.,"mimo-keyword:3786,mimo-hs:318",NATIVE_CLASSIFICATION_PARENT,MIMO observed native structural classification,http://www.mimo-db.eu/HornbostelAndSachs/318
hierarchy-type:mimo-3818-hs-6500,"Bugles: Labrosones with fingerholes and with keys, with (wider) conical bore",musical_instruments,native_source_classification,"Types in the MIMO Bugles vocabulary mapped by the publisher to its 423.213-71 Labrosones with fingerholes and with keys, with (wider) conical bore structural category. Multiple source mappings describe alternatives; this group is admitted for native taxonomy browsing.","mimo-keyword:3818,mimo-hs:6500",NATIVE_CLASSIFICATION_PARENT,MIMO observed native structural classification,http://www.mimo-db.eu/HornbostelAndSachs/6500
hierarchy-type:mimo-3825-hs-241,Bullroarers: Whirling aerophones,musical_instruments,native_source_classification,Types in the MIMO Bullroarers vocabulary mapped by the publisher to its 412.22 Whirling aerophones structural category. Multiple source mappings describe alternatives; this group is admitted for native taxonomy browsing.,"mimo-keyword:3825,mimo-hs:241",NATIVE_CLASSIFICATION_PARENT,MIMO observed native structural classification,http://www.mimo-db.eu/HornbostelAndSachs/241
hierarchy-type:mimo-3827-hs-323,Clarinets: Individual reedpipes with single reeds,musical_instruments,native_source_classification,Types in the MIMO Clarinets vocabulary mapped by the publisher to its 422.21 Individual reedpipes with single reeds structural category. Multiple source mappings describe alternatives; this group is admitted for native taxonomy browsing.,"mimo-keyword:3827,mimo-hs:323",NATIVE_CLASSIFICATION_PARENT,MIMO observed native structural classification,http://www.mimo-db.eu/HornbostelAndSachs/323
hierarchy-type:mimo-3827-hs-324,Clarinets: Clarinets with cylindrical bore,musical_instruments,native_source_classification,Types in the MIMO Clarinets vocabulary mapped by the publisher to its 422.211 Clarinets with cylindrical bore structural category. Multiple source mappings describe alternatives; this group is admitted for native taxonomy browsing.,"mimo-keyword:3827,mimo-hs:324",NATIVE_CLASSIFICATION_PARENT,MIMO observed native structural classification,http://www.mimo-db.eu/HornbostelAndSachs/324
hierarchy-type:mimo-3827-hs-326,"Clarinets: (Single) clarinets with cylindrical bore, with fingerholes",musical_instruments,native_source_classification,"Types in the MIMO Clarinets vocabulary mapped by the publisher to its 422.211.2 (Single) clarinets with cylindrical bore, with fingerholes structural category. Multiple source mappings describe alternatives; this group is admitted for native taxonomy browsing.","mimo-keyword:3827,mimo-hs:326",NATIVE_CLASSIFICATION_PARENT,MIMO observed native structural classification,http://www.mimo-db.eu/HornbostelAndSachs/326
hierarchy-type:mimo-3827-hs-327,Clarinets: (Single) clarinets with conical bore,musical_instruments,native_source_classification,Types in the MIMO Clarinets vocabulary mapped by the publisher to its 422.212 (Single) clarinets with conical bore structural category. Multiple source mappings describe alternatives; this group is admitted for native taxonomy browsing.,"mimo-keyword:3827,mimo-hs:327",NATIVE_CLASSIFICATION_PARENT,MIMO observed native structural classification,http://www.mimo-db.eu/HornbostelAndSachs/327
hierarchy-type:mimo-3827-hs-328,Clarinets: Sets of reedpipes with single reeds,musical_instruments,native_source_classification,Types in the MIMO Clarinets vocabulary mapped by the publisher to its 422.22 Sets of reedpipes with single reeds structural category. Multiple source mappings describe alternatives; this group is admitted for native taxonomy browsing.,"mimo-keyword:3827,mimo-hs:328",NATIVE_CLASSIFICATION_PARENT,MIMO observed native structural classification,http://www.mimo-db.eu/HornbostelAndSachs/328
hierarchy-type:mimo-3859-hs-2169,"Cornets: Valve horns with narrow bore, with short air column (less than 2 m)",musical_instruments,native_source_classification,"Types in the MIMO Cornets vocabulary mapped by the publisher to its 423.232.11 Valve horns with narrow bore, with short air column (less than 2 m) structural category. Multiple source mappings describe alternatives; this group is admitted for native taxonomy browsing.","mimo-keyword:3859,mimo-hs:2169",NATIVE_CLASSIFICATION_PARENT,MIMO observed native structural classification,http://www.mimo-db.eu/HornbostelAndSachs/2169
hierarchy-type:mimo-3883-hs-247,Flutes: Edge instruments or flutes,musical_instruments,native_source_classification,Types in the MIMO Flutes vocabulary mapped by the publisher to its 421 Edge instruments or flutes structural category. Multiple source mappings describe alternatives; this group is admitted for native taxonomy browsing.,"mimo-keyword:3883,mimo-hs:247",NATIVE_CLASSIFICATION_PARENT,MIMO observed native structural classification,http://www.mimo-db.eu/HornbostelAndSachs/247
hierarchy-type:mimo-3883-hs-249,Flutes: End-blown flutes,musical_instruments,native_source_classification,Types in the MIMO Flutes vocabulary mapped by the publisher to its 421.11 End-blown flutes structural category. Multiple source mappings describe alternatives; this group is admitted for native taxonomy browsing.,"mimo-keyword:3883,mimo-hs:249",NATIVE_CLASSIFICATION_PARENT,MIMO observed native structural classification,http://www.mimo-db.eu/HornbostelAndSachs/249
hierarchy-type:mimo-3883-hs-251,Flutes: Open single end-blown flutes,musical_instruments,native_source_classification,Types in the MIMO Flutes vocabulary mapped by the publisher to its 421.111.1 Open single end-blown flutes structural category. Multiple source mappings describe alternatives; this group is admitted for native taxonomy browsing.,"mimo-keyword:3883,mimo-hs:251",NATIVE_CLASSIFICATION_PARENT,MIMO observed native structural classification,http://www.mimo-db.eu/HornbostelAndSachs/251
hierarchy-type:mimo-3883-hs-252,Flutes: Open single end-blown flutes without fingerholes,musical_instruments,native_source_classification,Types in the MIMO Flutes vocabulary mapped by the publisher to its 421.111.11 Open single end-blown flutes without fingerholes structural category. Multiple source mappings describe alternatives; this group is admitted for native taxonomy browsing.,"mimo-keyword:3883,mimo-hs:252",NATIVE_CLASSIFICATION_PARENT,MIMO observed native structural classification,http://www.mimo-db.eu/HornbostelAndSachs/252
hierarchy-type:mimo-3883-hs-253,Flutes: Open single end-blown flutes with fingerholes,musical_instruments,native_source_classification,Types in the MIMO Flutes vocabulary mapped by the publisher to its 421.111.12 Open single end-blown flutes with fingerholes structural category. Multiple source mappings describe alternatives; this group is admitted for native taxonomy browsing.,"mimo-keyword:3883,mimo-hs:253",NATIVE_CLASSIFICATION_PARENT,MIMO observed native structural classification,http://www.mimo-db.eu/HornbostelAndSachs/253
hierarchy-type:mimo-3883-hs-255,Flutes: Stopped single end-blown flutes without fingerholes,musical_instruments,native_source_classification,Types in the MIMO Flutes vocabulary mapped by the publisher to its 421.111.21 Stopped single end-blown flutes without fingerholes structural category. Multiple source mappings describe alternatives; this group is admitted for native taxonomy browsing.,"mimo-keyword:3883,mimo-hs:255",NATIVE_CLASSIFICATION_PARENT,MIMO observed native structural classification,http://www.mimo-db.eu/HornbostelAndSachs/255
hierarchy-type:mimo-3883-hs-257,Flutes: Stopped single end-blown flutes with fingerholes,musical_instruments,native_source_classification,Types in the MIMO Flutes vocabulary mapped by the publisher to its 421.111.22 Stopped single end-blown flutes with fingerholes structural category. Multiple source mappings describe alternatives; this group is admitted for native taxonomy browsing.,"mimo-keyword:3883,mimo-hs:257",NATIVE_CLASSIFICATION_PARENT,MIMO observed native structural classification,http://www.mimo-db.eu/HornbostelAndSachs/257
hierarchy-type:mimo-3883-hs-258,Flutes: Sets of end-blown flutes or panpipes,musical_instruments,native_source_classification,Types in the MIMO Flutes vocabulary mapped by the publisher to its 421.112 Sets of end-blown flutes or panpipes structural category. Multiple source mappings describe alternatives; this group is admitted for native taxonomy browsing.,"mimo-keyword:3883,mimo-hs:258",NATIVE_CLASSIFICATION_PARENT,MIMO observed native structural classification,http://www.mimo-db.eu/HornbostelAndSachs/258
hierarchy-type:mimo-3883-hs-262,Flutes: Stopped panpipes,musical_instruments,native_source_classification,Types in the MIMO Flutes vocabulary mapped by the publisher to its 421.112.2 Stopped panpipes structural category. Multiple source mappings describe alternatives; this group is admitted for native taxonomy browsing.,"mimo-keyword:3883,mimo-hs:262",NATIVE_CLASSIFICATION_PARENT,MIMO observed native structural classification,http://www.mimo-db.eu/HornbostelAndSachs/262
hierarchy-type:mimo-3883-hs-263,Flutes: Mixed open and stopped panpipes,musical_instruments,native_source_classification,Types in the MIMO Flutes vocabulary mapped by the publisher to its 421.112.3 Mixed open and stopped panpipes structural category. Multiple source mappings describe alternatives; this group is admitted for native taxonomy browsing.,"mimo-keyword:3883,mimo-hs:263",NATIVE_CLASSIFICATION_PARENT,MIMO observed native structural classification,http://www.mimo-db.eu/HornbostelAndSachs/263
hierarchy-type:mimo-3883-hs-265,Flutes: (Single) side-blown flutes,musical_instruments,native_source_classification,Types in the MIMO Flutes vocabulary mapped by the publisher to its 421.121 (Single) side-blown flutes structural category. Multiple source mappings describe alternatives; this group is admitted for native taxonomy browsing.,"mimo-keyword:3883,mimo-hs:265",NATIVE_CLASSIFICATION_PARENT,MIMO observed native structural classification,http://www.mimo-db.eu/HornbostelAndSachs/265
hierarchy-type:mimo-3883-hs-268,Flutes: Open side-blown flutes with fingerholes,musical_instruments,native_source_classification,Types in the MIMO Flutes vocabulary mapped by the publisher to its 421.121.12 Open side-blown flutes with fingerholes structural category. Multiple source mappings describe alternatives; this group is admitted for native taxonomy browsing.,"mimo-keyword:3883,mimo-hs:268",NATIVE_CLASSIFICATION_PARENT,MIMO observed native structural classification,http://www.mimo-db.eu/HornbostelAndSachs/268
hierarchy-type:mimo-3883-hs-278,Flutes: Vessel flutes (without distinct beak),musical_instruments,native_source_classification,Types in the MIMO Flutes vocabulary mapped by the publisher to its 421.13 Vessel flutes (without distinct beak) structural category. Multiple source mappings describe alternatives; this group is admitted for native taxonomy browsing.,"mimo-keyword:3883,mimo-hs:278",NATIVE_CLASSIFICATION_PARENT,MIMO observed native structural classification,http://www.mimo-db.eu/HornbostelAndSachs/278
hierarchy-type:mimo-3883-hs-280,Flutes: Flutes with duct or duct flutes,musical_instruments,native_source_classification,Types in the MIMO Flutes vocabulary mapped by the publisher to its 421.2 Flutes with duct or duct flutes structural category. Multiple source mappings describe alternatives; this group is admitted for native taxonomy browsing.,"mimo-keyword:3883,mimo-hs:280",NATIVE_CLASSIFICATION_PARENT,MIMO observed native structural classification,http://www.mimo-db.eu/HornbostelAndSachs/280
hierarchy-type:mimo-3883-hs-285,Flutes: Open flutes with external duct with fingerholes,musical_instruments,native_source_classification,Types in the MIMO Flutes vocabulary mapped by the publisher to its 421.211.12 Open flutes with external duct with fingerholes structural category. Multiple source mappings describe alternatives; this group is admitted for native taxonomy browsing.,"mimo-keyword:3883,mimo-hs:285",NATIVE_CLASSIFICATION_PARENT,MIMO observed native structural classification,http://www.mimo-db.eu/HornbostelAndSachs/285
hierarchy-type:mimo-3883-hs-290,Flutes: (Single) flutes with internal duct,musical_instruments,native_source_classification,Types in the MIMO Flutes vocabulary mapped by the publisher to its 421.221 (Single) flutes with internal duct structural category. Multiple source mappings describe alternatives; this group is admitted for native taxonomy browsing.,"mimo-keyword:3883,mimo-hs:290",NATIVE_CLASSIFICATION_PARENT,MIMO observed native structural classification,http://www.mimo-db.eu/HornbostelAndSachs/290
hierarchy-type:mimo-3883-hs-292,Flutes: Open flutes with internal duct without fingerholes,musical_instruments,native_source_classification,Types in the MIMO Flutes vocabulary mapped by the publisher to its 421.221.11 Open flutes with internal duct without fingerholes structural category. Multiple source mappings describe alternatives; this group is admitted for native taxonomy browsing.,"mimo-keyword:3883,mimo-hs:292",NATIVE_CLASSIFICATION_PARENT,MIMO observed native structural classification,http://www.mimo-db.eu/HornbostelAndSachs/292
hierarchy-type:mimo-3883-hs-293,Flutes: Open flutes with internal duct with fingerholes,musical_instruments,native_source_classification,Types in the MIMO Flutes vocabulary mapped by the publisher to its 421.221.12 Open flutes with internal duct with fingerholes structural category. Multiple source mappings describe alternatives; this group is admitted for native taxonomy browsing.,"mimo-keyword:3883,mimo-hs:293",NATIVE_CLASSIFICATION_PARENT,MIMO observed native structural classification,http://www.mimo-db.eu/HornbostelAndSachs/293
hierarchy-type:mimo-3883-hs-294,Flutes: Partly-stopped flutes with internal duct,musical_instruments,native_source_classification,Types in the MIMO Flutes vocabulary mapped by the publisher to its 421.221.2 Partly-stopped flutes with internal duct structural category. Multiple source mappings describe alternatives; this group is admitted for native taxonomy browsing.,"mimo-keyword:3883,mimo-hs:294",NATIVE_CLASSIFICATION_PARENT,MIMO observed native structural classification,http://www.mimo-db.eu/HornbostelAndSachs/294
hierarchy-type:mimo-3883-hs-295,Flutes: Stopped flutes with internal duct,musical_instruments,native_source_classification,Types in the MIMO Flutes vocabulary mapped by the publisher to its 421.221.3 Stopped flutes with internal duct structural category. Multiple source mappings describe alternatives; this group is admitted for native taxonomy browsing.,"mimo-keyword:3883,mimo-hs:295",NATIVE_CLASSIFICATION_PARENT,MIMO observed native structural classification,http://www.mimo-db.eu/HornbostelAndSachs/295
hierarchy-type:mimo-3883-hs-298,"Flutes: Stopped flutes with internal duct, without fingerholes with adjustable stopped lower end",musical_instruments,native_source_classification,"Types in the MIMO Flutes vocabulary mapped by the publisher to its 421.221.312 Stopped flutes with internal duct, without fingerholes with adjustable stopped lower end structural category. Multiple source mappings describe alternatives; this group is admitted for native taxonomy browsing.","mimo-keyword:3883,mimo-hs:298",NATIVE_CLASSIFICATION_PARENT,MIMO observed native structural classification,http://www.mimo-db.eu/HornbostelAndSachs/298
hierarchy-type:mimo-3883-hs-299,"Flutes: Stopped flutes with internal duct, with fingerholes",musical_instruments,native_source_classification,"Types in the MIMO Flutes vocabulary mapped by the publisher to its 421.221.32 Stopped flutes with internal duct, with fingerholes structural category. Multiple source mappings describe alternatives; this group is admitted for native taxonomy browsing.","mimo-keyword:3883,mimo-hs:299",NATIVE_CLASSIFICATION_PARENT,MIMO observed native structural classification,http://www.mimo-db.eu/HornbostelAndSachs/299
hierarchy-type:mimo-3883-hs-300,Flutes: Vessel flutes with duct,musical_instruments,native_source_classification,Types in the MIMO Flutes vocabulary mapped by the publisher to its 421.221.4 Vessel flutes with duct structural category. Multiple source mappings describe alternatives; this group is admitted for native taxonomy browsing.,"mimo-keyword:3883,mimo-hs:300",NATIVE_CLASSIFICATION_PARENT,MIMO observed native structural classification,http://www.mimo-db.eu/HornbostelAndSachs/300
hierarchy-type:mimo-3883-hs-301,"Flutes: Vessel flutes with duct, without fingerholes",musical_instruments,native_source_classification,"Types in the MIMO Flutes vocabulary mapped by the publisher to its 421.221.41 Vessel flutes with duct, without fingerholes structural category. Multiple source mappings describe alternatives; this group is admitted for native taxonomy browsing.","mimo-keyword:3883,mimo-hs:301",NATIVE_CLASSIFICATION_PARENT,MIMO observed native structural classification,http://www.mimo-db.eu/HornbostelAndSachs/301
hierarchy-type:mimo-3883-hs-305,Flutes: Sets of flutes with internal duct,musical_instruments,native_source_classification,Types in the MIMO Flutes vocabulary mapped by the publisher to its 421.222 Sets of flutes with internal duct structural category. Multiple source mappings describe alternatives; this group is admitted for native taxonomy browsing.,"mimo-keyword:3883,mimo-hs:305",NATIVE_CLASSIFICATION_PARENT,MIMO observed native structural classification,http://www.mimo-db.eu/HornbostelAndSachs/305
hierarchy-type:mimo-3883-hs-308,Flutes: Sets of open flutes with internal duct with fingerholes,musical_instruments,native_source_classification,Types in the MIMO Flutes vocabulary mapped by the publisher to its 421.222.12 Sets of open flutes with internal duct with fingerholes structural category. Multiple source mappings describe alternatives; this group is admitted for native taxonomy browsing.,"mimo-keyword:3883,mimo-hs:308",NATIVE_CLASSIFICATION_PARENT,MIMO observed native structural classification,http://www.mimo-db.eu/HornbostelAndSachs/308
hierarchy-type:mimo-3883-hs-310,Flutes: Sets of stopped flutes with internal duct,musical_instruments,native_source_classification,Types in the MIMO Flutes vocabulary mapped by the publisher to its 421.222.3 Sets of stopped flutes with internal duct structural category. Multiple source mappings describe alternatives; this group is admitted for native taxonomy browsing.,"mimo-keyword:3883,mimo-hs:310",NATIVE_CLASSIFICATION_PARENT,MIMO observed native structural classification,http://www.mimo-db.eu/HornbostelAndSachs/310
hierarchy-type:mimo-3883-hs-5630,Flutes: Open single notch flutes with fingerholes,musical_instruments,native_source_classification,Types in the MIMO Flutes vocabulary mapped by the publisher to its 421.141.12 Open single notch flutes with fingerholes structural category. Multiple source mappings describe alternatives; this group is admitted for native taxonomy browsing.,"mimo-keyword:3883,mimo-hs:5630",NATIVE_CLASSIFICATION_PARENT,MIMO observed native structural classification,http://www.mimo-db.eu/HornbostelAndSachs/5630
hierarchy-type:mimo-4116-hs-2170,"Horns: Valve horns with narrow bore, with long air column (more than 2 m)",musical_instruments,native_source_classification,"Types in the MIMO Horns vocabulary mapped by the publisher to its 423.232.12 Valve horns with narrow bore, with long air column (more than 2 m) structural category. Multiple source mappings describe alternatives; this group is admitted for native taxonomy browsing.","mimo-keyword:4116,mimo-hs:2170",NATIVE_CLASSIFICATION_PARENT,MIMO observed native structural classification,http://www.mimo-db.eu/HornbostelAndSachs/2170
hierarchy-type:mimo-4116-hs-344,Horns: End-blown straight labrosones with mouthpiece,musical_instruments,native_source_classification,Types in the MIMO Horns vocabulary mapped by the publisher to its 423.121.12 End-blown straight labrosones with mouthpiece structural category. Multiple source mappings describe alternatives; this group is admitted for native taxonomy browsing.,"mimo-keyword:4116,mimo-hs:344",NATIVE_CLASSIFICATION_PARENT,MIMO observed native structural classification,http://www.mimo-db.eu/HornbostelAndSachs/344
hierarchy-type:mimo-4116-hs-346,"Horns: End-blown labrosones with curved or folded tubes, without mouthpiece",musical_instruments,native_source_classification,"Types in the MIMO Horns vocabulary mapped by the publisher to its 423.121.21 End-blown labrosones with curved or folded tubes, without mouthpiece structural category. Multiple source mappings describe alternatives; this group is admitted for native taxonomy browsing.","mimo-keyword:4116,mimo-hs:346",NATIVE_CLASSIFICATION_PARENT,MIMO observed native structural classification,http://www.mimo-db.eu/HornbostelAndSachs/346
hierarchy-type:mimo-4116-hs-347,"Horns: End-blown labrosones with curved or folded tubes, with mouthpiece",musical_instruments,native_source_classification,"Types in the MIMO Horns vocabulary mapped by the publisher to its 423.121.22 End-blown labrosones with curved or folded tubes, with mouthpiece structural category. Multiple source mappings describe alternatives; this group is admitted for native taxonomy browsing.","mimo-keyword:4116,mimo-hs:347",NATIVE_CLASSIFICATION_PARENT,MIMO observed native structural classification,http://www.mimo-db.eu/HornbostelAndSachs/347
hierarchy-type:mimo-4116-hs-6221,Horns: Side-blown curved labrosones,musical_instruments,native_source_classification,Types in the MIMO Horns vocabulary mapped by the publisher to its 423.122.2 Side-blown curved labrosones structural category. Multiple source mappings describe alternatives; this group is admitted for native taxonomy browsing.,"mimo-keyword:4116,mimo-hs:6221",NATIVE_CLASSIFICATION_PARENT,MIMO observed native structural classification,http://www.mimo-db.eu/HornbostelAndSachs/6221
hierarchy-type:mimo-4143-hs-236,Mouth organs: Sets of free reeds,musical_instruments,native_source_classification,Types in the MIMO Mouth organs vocabulary mapped by the publisher to its 412.132 Sets of free reeds structural category. Multiple source mappings describe alternatives; this group is admitted for native taxonomy browsing.,"mimo-keyword:4143,mimo-hs:236",NATIVE_CLASSIFICATION_PARENT,MIMO observed native structural classification,http://www.mimo-db.eu/HornbostelAndSachs/236
hierarchy-type:mimo-4164-hs-314,Oboes: Single reedpipes with double (or quadruple) reeds,musical_instruments,native_source_classification,Types in the MIMO Oboes vocabulary mapped by the publisher to its 422.11 Single reedpipes with double (or quadruple) reeds structural category. Multiple source mappings describe alternatives; this group is admitted for native taxonomy browsing.,"mimo-keyword:4164,mimo-hs:314",NATIVE_CLASSIFICATION_PARENT,MIMO observed native structural classification,http://www.mimo-db.eu/HornbostelAndSachs/314
hierarchy-type:mimo-4164-hs-315,Oboes: (Single) oboes with cylindrical bore,musical_instruments,native_source_classification,Types in the MIMO Oboes vocabulary mapped by the publisher to its 422.111 (Single) oboes with cylindrical bore structural category. Multiple source mappings describe alternatives; this group is admitted for native taxonomy browsing.,"mimo-keyword:4164,mimo-hs:315",NATIVE_CLASSIFICATION_PARENT,MIMO observed native structural classification,http://www.mimo-db.eu/HornbostelAndSachs/315
hierarchy-type:mimo-4164-hs-317,"Oboes: (Single) oboes with cylindrical bore, with fingerholes",musical_instruments,native_source_classification,"Types in the MIMO Oboes vocabulary mapped by the publisher to its 422.111.2 (Single) oboes with cylindrical bore, with fingerholes structural category. Multiple source mappings describe alternatives; this group is admitted for native taxonomy browsing.","mimo-keyword:4164,mimo-hs:317",NATIVE_CLASSIFICATION_PARENT,MIMO observed native structural classification,http://www.mimo-db.eu/HornbostelAndSachs/317
hierarchy-type:mimo-4164-hs-318,Oboes: (Single) oboes with conical bore,musical_instruments,native_source_classification,Types in the MIMO Oboes vocabulary mapped by the publisher to its 422.112 (Single) oboes with conical bore structural category. Multiple source mappings describe alternatives; this group is admitted for native taxonomy browsing.,"mimo-keyword:4164,mimo-hs:318",NATIVE_CLASSIFICATION_PARENT,MIMO observed native structural classification,http://www.mimo-db.eu/HornbostelAndSachs/318
hierarchy-type:mimo-4164-hs-326,"Oboes: (Single) clarinets with cylindrical bore, with fingerholes",musical_instruments,native_source_classification,"Types in the MIMO Oboes vocabulary mapped by the publisher to its 422.211.2 (Single) clarinets with cylindrical bore, with fingerholes structural category. Multiple source mappings describe alternatives; this group is admitted for native taxonomy browsing.","mimo-keyword:4164,mimo-hs:326",NATIVE_CLASSIFICATION_PARENT,MIMO observed native structural classification,http://www.mimo-db.eu/HornbostelAndSachs/326
hierarchy-type:mimo-4164-hs-328,Oboes: Sets of reedpipes with single reeds,musical_instruments,native_source_classification,Types in the MIMO Oboes vocabulary mapped by the publisher to its 422.22 Sets of reedpipes with single reeds structural category. Multiple source mappings describe alternatives; this group is admitted for native taxonomy browsing.,"mimo-keyword:4164,mimo-hs:328",NATIVE_CLASSIFICATION_PARENT,MIMO observed native structural classification,http://www.mimo-db.eu/HornbostelAndSachs/328
hierarchy-type:mimo-4294-hs-355,"Ophicleides: Labrosones with fingerholes, with (wider) conical bore",musical_instruments,native_source_classification,"Types in the MIMO Ophicleides vocabulary mapped by the publisher to its 423.213 Labrosones with fingerholes, with (wider) conical bore structural category. Multiple source mappings describe alternatives; this group is admitted for native taxonomy browsing.","mimo-keyword:4294,mimo-hs:355",NATIVE_CLASSIFICATION_PARENT,MIMO observed native structural classification,http://www.mimo-db.eu/HornbostelAndSachs/355
hierarchy-type:mimo-4294-hs-6500,"Ophicleides: Labrosones with fingerholes and with keys, with (wider) conical bore",musical_instruments,native_source_classification,"Types in the MIMO Ophicleides vocabulary mapped by the publisher to its 423.213-71 Labrosones with fingerholes and with keys, with (wider) conical bore structural category. Multiple source mappings describe alternatives; this group is admitted for native taxonomy browsing.","mimo-keyword:4294,mimo-hs:6500",NATIVE_CLASSIFICATION_PARENT,MIMO observed native structural classification,http://www.mimo-db.eu/HornbostelAndSachs/6500
hierarchy-type:mimo-4309-hs-235,Others: (Individual) free reeds,musical_instruments,native_source_classification,Types in the MIMO Others vocabulary mapped by the publisher to its 412.131 (Individual) free reeds structural category. Multiple source mappings describe alternatives; this group is admitted for native taxonomy browsing.,"mimo-keyword:4309,mimo-hs:235",NATIVE_CLASSIFICATION_PARENT,MIMO observed native structural classification,http://www.mimo-db.eu/HornbostelAndSachs/235
hierarchy-type:mimo-4309-hs-240,Others: Rotating aerophones,musical_instruments,native_source_classification,Types in the MIMO Others vocabulary mapped by the publisher to its 412.21 Rotating aerophones structural category. Multiple source mappings describe alternatives; this group is admitted for native taxonomy browsing.,"mimo-keyword:4309,mimo-hs:240",NATIVE_CLASSIFICATION_PARENT,MIMO observed native structural classification,http://www.mimo-db.eu/HornbostelAndSachs/240
hierarchy-type:mimo-4318-hs-2168,Saxhorns: Valve horns with wider bore,musical_instruments,native_source_classification,Types in the MIMO Saxhorns vocabulary mapped by the publisher to its 423.232.2 Valve horns with wider bore structural category. Multiple source mappings describe alternatives; this group is admitted for native taxonomy browsing.,"mimo-keyword:4318,mimo-hs:2168",NATIVE_CLASSIFICATION_PARENT,MIMO observed native structural classification,http://www.mimo-db.eu/HornbostelAndSachs/2168
hierarchy-type:mimo-4318-hs-2169,"Saxhorns: Valve horns with narrow bore, with short air column (less than 2 m)",musical_instruments,native_source_classification,"Types in the MIMO Saxhorns vocabulary mapped by the publisher to its 423.232.11 Valve horns with narrow bore, with short air column (less than 2 m) structural category. Multiple source mappings describe alternatives; this group is admitted for native taxonomy browsing.","mimo-keyword:4318,mimo-hs:2169",NATIVE_CLASSIFICATION_PARENT,MIMO observed native structural classification,http://www.mimo-db.eu/HornbostelAndSachs/2169
hierarchy-type:mimo-4341-hs-327,Saxophones: (Single) clarinets with conical bore,musical_instruments,native_source_classification,Types in the MIMO Saxophones vocabulary mapped by the publisher to its 422.212 (Single) clarinets with conical bore structural category. Multiple source mappings describe alternatives; this group is admitted for native taxonomy browsing.,"mimo-keyword:4341,mimo-hs:327",NATIVE_CLASSIFICATION_PARENT,MIMO observed native structural classification,http://www.mimo-db.eu/HornbostelAndSachs/327
hierarchy-type:mimo-4350-hs-355,"Serpents: Labrosones with fingerholes, with (wider) conical bore",musical_instruments,native_source_classification,"Types in the MIMO Serpents vocabulary mapped by the publisher to its 423.213 Labrosones with fingerholes, with (wider) conical bore structural category. Multiple source mappings describe alternatives; this group is admitted for native taxonomy browsing.","mimo-keyword:4350,mimo-hs:355",NATIVE_CLASSIFICATION_PARENT,MIMO observed native structural classification,http://www.mimo-db.eu/HornbostelAndSachs/355
hierarchy-type:mimo-4360-hs-2161,Trombones: Valve trumpets with long air column (more than 2 m),musical_instruments,native_source_classification,Types in the MIMO Trombones vocabulary mapped by the publisher to its 423.233.2 Valve trumpets with long air column (more than 2 m) structural category. Multiple source mappings describe alternatives; this group is admitted for native taxonomy browsing.,"mimo-keyword:4360,mimo-hs:2161",NATIVE_CLASSIFICATION_PARENT,MIMO observed native structural classification,http://www.mimo-db.eu/HornbostelAndSachs/2161
hierarchy-type:mimo-4360-hs-356,Trombones: Labrosones with slides,musical_instruments,native_source_classification,Types in the MIMO Trombones vocabulary mapped by the publisher to its 423.22 Labrosones with slides structural category. Multiple source mappings describe alternatives; this group is admitted for native taxonomy browsing.,"mimo-keyword:4360,mimo-hs:356",NATIVE_CLASSIFICATION_PARENT,MIMO observed native structural classification,http://www.mimo-db.eu/HornbostelAndSachs/356
hierarchy-type:mimo-4370-hs-2160,Trumpets: Valve trumpets with short air column (less than 2 m),musical_instruments,native_source_classification,Types in the MIMO Trumpets vocabulary mapped by the publisher to its 423.233.1 Valve trumpets with short air column (less than 2 m) structural category. Multiple source mappings describe alternatives; this group is admitted for native taxonomy browsing.,"mimo-keyword:4370,mimo-hs:2160",NATIVE_CLASSIFICATION_PARENT,MIMO observed native structural classification,http://www.mimo-db.eu/HornbostelAndSachs/2160
hierarchy-type:mimo-4370-hs-2161,Trumpets: Valve trumpets with long air column (more than 2 m),musical_instruments,native_source_classification,Types in the MIMO Trumpets vocabulary mapped by the publisher to its 423.233.2 Valve trumpets with long air column (more than 2 m) structural category. Multiple source mappings describe alternatives; this group is admitted for native taxonomy browsing.,"mimo-keyword:4370,mimo-hs:2161",NATIVE_CLASSIFICATION_PARENT,MIMO observed native structural classification,http://www.mimo-db.eu/HornbostelAndSachs/2161
hierarchy-type:mimo-4370-hs-2168,Trumpets: Valve horns with wider bore,musical_instruments,native_source_classification,Types in the MIMO Trumpets vocabulary mapped by the publisher to its 423.232.2 Valve horns with wider bore structural category. Multiple source mappings describe alternatives; this group is admitted for native taxonomy browsing.,"mimo-keyword:4370,mimo-hs:2168",NATIVE_CLASSIFICATION_PARENT,MIMO observed native structural classification,http://www.mimo-db.eu/HornbostelAndSachs/2168
hierarchy-type:mimo-4370-hs-334,Trumpets: Natural labrosones,musical_instruments,native_source_classification,Types in the MIMO Trumpets vocabulary mapped by the publisher to its 423.1 Natural labrosones structural category. Multiple source mappings describe alternatives; this group is admitted for native taxonomy browsing.,"mimo-keyword:4370,mimo-hs:334",NATIVE_CLASSIFICATION_PARENT,MIMO observed native structural classification,http://www.mimo-db.eu/HornbostelAndSachs/334
hierarchy-type:mimo-4370-hs-335,Trumpets: Conches,musical_instruments,native_source_classification,Types in the MIMO Trumpets vocabulary mapped by the publisher to its 423.11 Conches structural category. Multiple source mappings describe alternatives; this group is admitted for native taxonomy browsing.,"mimo-keyword:4370,mimo-hs:335",NATIVE_CLASSIFICATION_PARENT,MIMO observed native structural classification,http://www.mimo-db.eu/HornbostelAndSachs/335
hierarchy-type:mimo-4370-hs-336,Trumpets: End-blown conches,musical_instruments,native_source_classification,Types in the MIMO Trumpets vocabulary mapped by the publisher to its 423.111 End-blown conches structural category. Multiple source mappings describe alternatives; this group is admitted for native taxonomy browsing.,"mimo-keyword:4370,mimo-hs:336",NATIVE_CLASSIFICATION_PARENT,MIMO observed native structural classification,http://www.mimo-db.eu/HornbostelAndSachs/336
hierarchy-type:mimo-4370-hs-337,Trumpets: End-blown conches without mouthpiece,musical_instruments,native_source_classification,Types in the MIMO Trumpets vocabulary mapped by the publisher to its 423.111.1 End-blown conches without mouthpiece structural category. Multiple source mappings describe alternatives; this group is admitted for native taxonomy browsing.,"mimo-keyword:4370,mimo-hs:337",NATIVE_CLASSIFICATION_PARENT,MIMO observed native structural classification,http://www.mimo-db.eu/HornbostelAndSachs/337
hierarchy-type:mimo-4370-hs-341,Trumpets: End-blown labrosones,musical_instruments,native_source_classification,Types in the MIMO Trumpets vocabulary mapped by the publisher to its 423.121 End-blown labrosones structural category. Multiple source mappings describe alternatives; this group is admitted for native taxonomy browsing.,"mimo-keyword:4370,mimo-hs:341",NATIVE_CLASSIFICATION_PARENT,MIMO observed native structural classification,http://www.mimo-db.eu/HornbostelAndSachs/341
hierarchy-type:mimo-4370-hs-342,Trumpets: End-blown straight labrosones,musical_instruments,native_source_classification,Types in the MIMO Trumpets vocabulary mapped by the publisher to its 423.121.1 End-blown straight labrosones structural category. Multiple source mappings describe alternatives; this group is admitted for native taxonomy browsing.,"mimo-keyword:4370,mimo-hs:342",NATIVE_CLASSIFICATION_PARENT,MIMO observed native structural classification,http://www.mimo-db.eu/HornbostelAndSachs/342
hierarchy-type:mimo-4370-hs-343,Trumpets: End-blown straight labrosones without mouthpiece,musical_instruments,native_source_classification,Types in the MIMO Trumpets vocabulary mapped by the publisher to its 423.121.11 End-blown straight labrosones without mouthpiece structural category. Multiple source mappings describe alternatives; this group is admitted for native taxonomy browsing.,"mimo-keyword:4370,mimo-hs:343",NATIVE_CLASSIFICATION_PARENT,MIMO observed native structural classification,http://www.mimo-db.eu/HornbostelAndSachs/343
hierarchy-type:mimo-4370-hs-344,Trumpets: End-blown straight labrosones with mouthpiece,musical_instruments,native_source_classification,Types in the MIMO Trumpets vocabulary mapped by the publisher to its 423.121.12 End-blown straight labrosones with mouthpiece structural category. Multiple source mappings describe alternatives; this group is admitted for native taxonomy browsing.,"mimo-keyword:4370,mimo-hs:344",NATIVE_CLASSIFICATION_PARENT,MIMO observed native structural classification,http://www.mimo-db.eu/HornbostelAndSachs/344
hierarchy-type:mimo-4370-hs-345,Trumpets: End-blown labrosones with curved or folded tubes,musical_instruments,native_source_classification,Types in the MIMO Trumpets vocabulary mapped by the publisher to its 423.121.2 End-blown labrosones with curved or folded tubes structural category. Multiple source mappings describe alternatives; this group is admitted for native taxonomy browsing.,"mimo-keyword:4370,mimo-hs:345",NATIVE_CLASSIFICATION_PARENT,MIMO observed native structural classification,http://www.mimo-db.eu/HornbostelAndSachs/345
hierarchy-type:mimo-4370-hs-346,"Trumpets: End-blown labrosones with curved or folded tubes, without mouthpiece",musical_instruments,native_source_classification,"Types in the MIMO Trumpets vocabulary mapped by the publisher to its 423.121.21 End-blown labrosones with curved or folded tubes, without mouthpiece structural category. Multiple source mappings describe alternatives; this group is admitted for native taxonomy browsing.","mimo-keyword:4370,mimo-hs:346",NATIVE_CLASSIFICATION_PARENT,MIMO observed native structural classification,http://www.mimo-db.eu/HornbostelAndSachs/346
hierarchy-type:mimo-4370-hs-347,"Trumpets: End-blown labrosones with curved or folded tubes, with mouthpiece",musical_instruments,native_source_classification,"Types in the MIMO Trumpets vocabulary mapped by the publisher to its 423.121.22 End-blown labrosones with curved or folded tubes, with mouthpiece structural category. Multiple source mappings describe alternatives; this group is admitted for native taxonomy browsing.","mimo-keyword:4370,mimo-hs:347",NATIVE_CLASSIFICATION_PARENT,MIMO observed native structural classification,http://www.mimo-db.eu/HornbostelAndSachs/347
hierarchy-type:mimo-4370-hs-348,Trumpets: Side-blown labrosones,musical_instruments,native_source_classification,Types in the MIMO Trumpets vocabulary mapped by the publisher to its 423.122 Side-blown labrosones structural category. Multiple source mappings describe alternatives; this group is admitted for native taxonomy browsing.,"mimo-keyword:4370,mimo-hs:348",NATIVE_CLASSIFICATION_PARENT,MIMO observed native structural classification,http://www.mimo-db.eu/HornbostelAndSachs/348
hierarchy-type:mimo-4370-hs-352,Trumpets: Labrosones with fingerholes,musical_instruments,native_source_classification,Types in the MIMO Trumpets vocabulary mapped by the publisher to its 423.21 Labrosones with fingerholes structural category. Multiple source mappings describe alternatives; this group is admitted for native taxonomy browsing.,"mimo-keyword:4370,mimo-hs:352",NATIVE_CLASSIFICATION_PARENT,MIMO observed native structural classification,http://www.mimo-db.eu/HornbostelAndSachs/352
hierarchy-type:mimo-4370-hs-356,Trumpets: Labrosones with slides,musical_instruments,native_source_classification,Types in the MIMO Trumpets vocabulary mapped by the publisher to its 423.22 Labrosones with slides structural category. Multiple source mappings describe alternatives; this group is admitted for native taxonomy browsing.,"mimo-keyword:4370,mimo-hs:356",NATIVE_CLASSIFICATION_PARENT,MIMO observed native structural classification,http://www.mimo-db.eu/HornbostelAndSachs/356
hierarchy-type:mimo-4370-hs-6220,Trumpets: Side-blown straight labrosones,musical_instruments,native_source_classification,Types in the MIMO Trumpets vocabulary mapped by the publisher to its 423.122.1 Side-blown straight labrosones structural category. Multiple source mappings describe alternatives; this group is admitted for native taxonomy browsing.,"mimo-keyword:4370,mimo-hs:6220",NATIVE_CLASSIFICATION_PARENT,MIMO observed native structural classification,http://www.mimo-db.eu/HornbostelAndSachs/6220
hierarchy-type:mimo-4455-hs-2166,Tubas: Valve bugles with wide bore,musical_instruments,native_source_classification,Types in the MIMO Tubas vocabulary mapped by the publisher to its 423.231.2 Valve bugles with wide bore structural category. Multiple source mappings describe alternatives; this group is admitted for native taxonomy browsing.,"mimo-keyword:4455,mimo-hs:2166",NATIVE_CLASSIFICATION_PARENT,MIMO observed native structural classification,http://www.mimo-db.eu/HornbostelAndSachs/2166
hierarchy-type:mimo-4476-hs-6487,Mechanical: Mechanically driven sets of free reeds,musical_instruments,native_source_classification,Types in the MIMO Mechanical vocabulary mapped by the publisher to its 412.132-9 Mechanically driven sets of free reeds structural category. Multiple source mappings describe alternatives; this group is admitted for native taxonomy browsing.,"mimo-keyword:4476,mimo-hs:6487",NATIVE_CLASSIFICATION_PARENT,MIMO observed native structural classification,http://www.mimo-db.eu/HornbostelAndSachs/6487
