dataset,class_id,label,target_uid,relation_view,decision_status,identity_verified,mapping_verified,mapping_kind,path_status,distance,native_label_usable,identity_usable,hierarchy_usable,strict_classification_usable,species_usable,model_usable,model_design_usable,configuration_usable,instance_usable
caltech101,0,accordion,caltech101-category:0,strict,VERIFIED_DEPICTED_TYPE,False,True,SOURCE_TYPED_MAPPING,CONNECTED,10,True,False,True,False,False,False,False,False,False
caltech101,1,airplanes,caltech101-category:1,strict,VERIFIED_DEPICTED_TYPE,False,True,SOURCE_TYPED_MAPPING,CONNECTED,12,True,False,True,False,False,False,False,False,False
caltech101,2,anchor,caltech101-category:2,strict,NATIVE_LABEL_ONLY,False,False,NATIVE_LABEL_ONLY,NOT_ADMITTED,,True,False,False,False,False,False,False,False,False
caltech101,3,ant,caltech101-category:3,strict,VERIFIED_DEPICTED_TYPE,False,True,SOURCE_TYPED_MAPPING,CONNECTED,12,True,False,True,False,False,False,False,False,False
caltech101,4,background_google,caltech101-category:4,strict,NATIVE_LABEL_ONLY,False,False,NATIVE_LABEL_ONLY,NOT_ADMITTED,,True,False,False,False,False,False,False,False,False
caltech101,5,barrel,caltech101-category:5,strict,NATIVE_LABEL_ONLY,False,False,NATIVE_LABEL_ONLY,NOT_ADMITTED,,True,False,False,False,False,False,False,False,False
caltech101,6,bass,caltech101-category:6,strict,NATIVE_LABEL_ONLY,False,False,NATIVE_LABEL_ONLY,NOT_ADMITTED,,True,False,False,False,False,False,False,False,False
caltech101,7,beaver,caltech101-category:7,strict,NATIVE_LABEL_ONLY,False,False,NATIVE_LABEL_ONLY,NOT_ADMITTED,,True,False,False,False,False,False,False,False,False
caltech101,8,binocular,caltech101-category:8,strict,NATIVE_LABEL_ONLY,False,False,NATIVE_LABEL_ONLY,NOT_ADMITTED,,True,False,False,False,False,False,False,False,False
caltech101,9,bonsai,caltech101-category:9,strict,VERIFIED_DEPICTED_TYPE,False,True,SOURCE_TYPED_MAPPING,CONNECTED,11,True,False,True,False,False,False,False,False,False
caltech101,10,brain,caltech101-category:10,strict,NATIVE_LABEL_ONLY,False,False,NATIVE_LABEL_ONLY,NOT_ADMITTED,,True,False,False,False,False,False,False,False,False
caltech101,11,brontosaurus,caltech101-category:11,strict,VERIFIED_DEPICTED_TYPE,False,True,SOURCE_TYPED_MAPPING,CONNECTED,16,True,False,True,False,False,False,False,False,False
caltech101,12,buddha,caltech101-category:12,strict,VERIFIED_DEPICTED_TYPE,False,True,SOURCE_TYPED_MAPPING,CONNECTED,7,True,False,True,False,False,False,False,False,False
caltech101,13,butterfly,caltech101-category:13,strict,VERIFIED_DEPICTED_TYPE,False,True,SOURCE_TYPED_MAPPING,CONNECTED,12,True,False,True,False,False,False,False,False,False
caltech101,14,camera,caltech101-category:14,strict,NATIVE_LABEL_ONLY,False,False,NATIVE_LABEL_ONLY,NOT_ADMITTED,,True,False,False,False,False,False,False,False,False
caltech101,15,cannon,caltech101-category:15,strict,NATIVE_LABEL_ONLY,False,False,NATIVE_LABEL_ONLY,NOT_ADMITTED,,True,False,False,False,False,False,False,False,False
caltech101,16,car_side,caltech101-category:16,strict,NATIVE_LABEL_ONLY,False,False,NATIVE_LABEL_ONLY,NOT_ADMITTED,,True,False,False,False,False,False,False,False,False
caltech101,17,ceiling_fan,caltech101-category:17,strict,NATIVE_LABEL_ONLY,False,False,NATIVE_LABEL_ONLY,NOT_ADMITTED,,True,False,False,False,False,False,False,False,False
caltech101,18,cellphone,caltech101-category:18,strict,VERIFIED_DEPICTED_TYPE,False,True,SOURCE_TYPED_MAPPING,CONNECTED,8,True,False,True,False,False,False,False,False,False
caltech101,19,chair,caltech101-category:19,strict,NATIVE_LABEL_ONLY,False,False,NATIVE_LABEL_ONLY,NOT_ADMITTED,,True,False,False,False,False,False,False,False,False
caltech101,20,chandelier,caltech101-category:20,strict,VERIFIED_DEPICTED_TYPE,False,True,SOURCE_TYPED_MAPPING,CONNECTED,8,True,False,True,False,False,False,False,False,False
caltech101,21,cougar_body,caltech101-category:21,strict,NATIVE_LABEL_ONLY,False,False,NATIVE_LABEL_ONLY,NOT_ADMITTED,,True,False,False,False,False,False,False,False,False
caltech101,22,cougar_face,caltech101-category:22,strict,NATIVE_LABEL_ONLY,False,False,NATIVE_LABEL_ONLY,NOT_ADMITTED,,True,False,False,False,False,False,False,False,False
caltech101,23,crab,caltech101-category:23,strict,NATIVE_LABEL_ONLY,False,False,NATIVE_LABEL_ONLY,NOT_ADMITTED,,True,False,False,False,False,False,False,False,False
caltech101,24,crayfish,caltech101-category:24,strict,NATIVE_LABEL_ONLY,False,False,NATIVE_LABEL_ONLY,NOT_ADMITTED,,True,False,False,False,False,False,False,False,False
caltech101,25,crocodile,caltech101-category:25,strict,VERIFIED_DEPICTED_TYPE,False,True,SOURCE_TYPED_MAPPING,CONNECTED,13,True,False,True,False,False,False,False,False,False
caltech101,26,crocodile_head,caltech101-category:26,strict,NATIVE_LABEL_ONLY,False,False,NATIVE_LABEL_ONLY,NOT_ADMITTED,,True,False,False,False,False,False,False,False,False
caltech101,27,cup,caltech101-category:27,strict,NATIVE_LABEL_ONLY,False,False,NATIVE_LABEL_ONLY,NOT_ADMITTED,,True,False,False,False,False,False,False,False,False
caltech101,28,dalmatian,caltech101-category:28,strict,NATIVE_LABEL_ONLY,False,False,NATIVE_LABEL_ONLY,NOT_ADMITTED,,True,False,False,False,False,False,False,False,False
caltech101,29,dollar_bill,caltech101-category:29,strict,NATIVE_LABEL_ONLY,False,False,NATIVE_LABEL_ONLY,NOT_ADMITTED,,True,False,False,False,False,False,False,False,False
caltech101,30,dolphin,caltech101-category:30,strict,NATIVE_LABEL_ONLY,False,False,NATIVE_LABEL_ONLY,NOT_ADMITTED,,True,False,False,False,False,False,False,False,False
caltech101,31,dragonfly,caltech101-category:31,strict,VERIFIED_DEPICTED_TYPE,False,True,SOURCE_TYPED_MAPPING,CONNECTED,12,True,False,True,False,False,False,False,False,False
caltech101,32,electric_guitar,caltech101-category:32,strict,VERIFIED_DEPICTED_TYPE,False,True,SOURCE_TYPED_MAPPING,CONNECTED,11,True,False,True,False,False,False,False,False,False
caltech101,33,elephant,caltech101-category:33,strict,VERIFIED_DEPICTED_TYPE,False,True,SOURCE_TYPED_MAPPING,CONNECTED,13,True,False,True,False,False,False,False,False,False
caltech101,34,emu,caltech101-category:34,strict,VERIFIED_DEPICTED_TYPE,False,True,SOURCE_TYPED_MAPPING,CONNECTED,12,True,False,True,False,False,False,False,False,False
caltech101,35,euphonium,caltech101-category:35,strict,VERIFIED_DEPICTED_TYPE,False,True,SOURCE_TYPED_MAPPING,CONNECTED,11,True,False,True,False,False,False,False,False,False
caltech101,36,ewer,caltech101-category:36,strict,VERIFIED_DEPICTED_TYPE,False,True,SOURCE_TYPED_MAPPING,CONNECTED,9,True,False,True,False,False,False,False,False,False
caltech101,37,faces,caltech101-category:37,strict,NATIVE_LABEL_ONLY,False,False,NATIVE_LABEL_ONLY,NOT_ADMITTED,,True,False,False,False,False,False,False,False,False
caltech101,38,faces_easy,caltech101-category:38,strict,NATIVE_LABEL_ONLY,False,False,NATIVE_LABEL_ONLY,NOT_ADMITTED,,True,False,False,False,False,False,False,False,False
caltech101,39,ferry,caltech101-category:39,strict,VERIFIED_DEPICTED_TYPE,False,True,SOURCE_TYPED_MAPPING,CONNECTED,12,True,False,True,False,False,False,False,False,False
caltech101,40,flamingo,caltech101-category:40,strict,VERIFIED_DEPICTED_TYPE,False,True,SOURCE_TYPED_MAPPING,CONNECTED,13,True,False,True,False,False,False,False,False,False
caltech101,41,flamingo_head,caltech101-category:41,strict,NATIVE_LABEL_ONLY,False,False,NATIVE_LABEL_ONLY,NOT_ADMITTED,,True,False,False,False,False,False,False,False,False
caltech101,42,garfield,caltech101-category:42,strict,NATIVE_LABEL_ONLY,False,False,NATIVE_LABEL_ONLY,NOT_ADMITTED,,True,False,False,False,False,False,False,False,False
caltech101,43,gerenuk,caltech101-category:43,strict,VERIFIED_DEPICTED_TYPE,False,True,SOURCE_TYPED_MAPPING,CONNECTED,17,True,False,True,False,False,False,False,False,False
caltech101,44,gramophone,caltech101-category:44,strict,VERIFIED_DEPICTED_TYPE,False,True,SOURCE_TYPED_MAPPING,CONNECTED,10,True,False,True,False,False,False,False,False,False
caltech101,45,grand_piano,caltech101-category:45,strict,VERIFIED_DEPICTED_TYPE,False,True,SOURCE_TYPED_MAPPING,CONNECTED,11,True,False,True,False,False,False,False,False,False
caltech101,46,hawksbill,caltech101-category:46,strict,VERIFIED_DEPICTED_TYPE,False,True,SOURCE_TYPED_MAPPING,CONNECTED,15,True,False,True,False,False,False,False,False,False
caltech101,47,headphone,caltech101-category:47,strict,VERIFIED_DEPICTED_TYPE,False,True,SOURCE_TYPED_MAPPING,CONNECTED,11,True,False,True,False,False,False,False,False,False
caltech101,48,hedgehog,caltech101-category:48,strict,NATIVE_LABEL_ONLY,False,False,NATIVE_LABEL_ONLY,NOT_ADMITTED,,True,False,False,False,False,False,False,False,False
caltech101,49,helicopter,caltech101-category:49,strict,VERIFIED_DEPICTED_TYPE,False,True,SOURCE_TYPED_MAPPING,CONNECTED,12,True,False,True,False,False,False,False,False,False
caltech101,50,ibis,caltech101-category:50,strict,VERIFIED_DEPICTED_TYPE,False,True,SOURCE_TYPED_MAPPING,CONNECTED,13,True,False,True,False,False,False,False,False,False
caltech101,51,inline_skate,caltech101-category:51,strict,NATIVE_LABEL_ONLY,False,False,NATIVE_LABEL_ONLY,NOT_ADMITTED,,True,False,False,False,False,False,False,False,False
caltech101,52,joshua_tree,caltech101-category:52,strict,VERIFIED_DEPICTED_TYPE,False,True,SOURCE_TYPED_MAPPING,CONNECTED,12,True,False,True,False,False,False,False,False,False
caltech101,53,kangaroo,caltech101-category:53,strict,VERIFIED_DEPICTED_TYPE,False,True,SOURCE_TYPED_MAPPING,CONNECTED,13,True,False,True,False,False,False,False,False,False
caltech101,54,ketch,caltech101-category:54,strict,VERIFIED_DEPICTED_TYPE,False,True,SOURCE_TYPED_MAPPING,CONNECTED,12,True,False,True,False,False,False,False,False,False
caltech101,55,lamp,caltech101-category:55,strict,NATIVE_LABEL_ONLY,False,False,NATIVE_LABEL_ONLY,NOT_ADMITTED,,True,False,False,False,False,False,False,False,False
caltech101,56,laptop,caltech101-category:56,strict,VERIFIED_DEPICTED_TYPE,False,True,SOURCE_TYPED_MAPPING,CONNECTED,13,True,False,True,False,False,False,False,False,False
caltech101,57,leopards,caltech101-category:57,strict,NATIVE_LABEL_ONLY,False,False,NATIVE_LABEL_ONLY,NOT_ADMITTED,,True,False,False,False,False,False,False,False,False
caltech101,58,llama,caltech101-category:58,strict,VERIFIED_DEPICTED_TYPE,False,True,SOURCE_TYPED_MAPPING,CONNECTED,14,True,False,True,False,False,False,False,False,False
caltech101,59,lobster,caltech101-category:59,strict,NATIVE_LABEL_ONLY,False,False,NATIVE_LABEL_ONLY,NOT_ADMITTED,,True,False,False,False,False,False,False,False,False
caltech101,60,lotus,caltech101-category:60,strict,NATIVE_LABEL_ONLY,False,False,NATIVE_LABEL_ONLY,NOT_ADMITTED,,True,False,False,False,False,False,False,False,False
caltech101,61,mandolin,caltech101-category:61,strict,VERIFIED_DEPICTED_TYPE,False,True,SOURCE_TYPED_MAPPING,CONNECTED,11,True,False,True,False,False,False,False,False,False
caltech101,62,mayfly,caltech101-category:62,strict,VERIFIED_DEPICTED_TYPE,False,True,SOURCE_TYPED_MAPPING,CONNECTED,12,True,False,True,False,False,False,False,False,False
caltech101,63,menorah,caltech101-category:63,strict,NATIVE_LABEL_ONLY,False,False,NATIVE_LABEL_ONLY,NOT_ADMITTED,,True,False,False,False,False,False,False,False,False
caltech101,64,metronome,caltech101-category:64,strict,VERIFIED_DEPICTED_TYPE,False,True,SOURCE_TYPED_MAPPING,CONNECTED,10,True,False,True,False,False,False,False,False,False
caltech101,65,minaret,caltech101-category:65,strict,VERIFIED_DEPICTED_TYPE,False,True,SOURCE_TYPED_MAPPING,CONNECTED,8,True,False,True,False,False,False,False,False,False
caltech101,66,motorbikes,caltech101-category:66,strict,VERIFIED_DEPICTED_TYPE,False,True,SOURCE_TYPED_MAPPING,CONNECTED,11,True,False,True,False,False,False,False,False,False
caltech101,67,nautilus,caltech101-category:67,strict,NATIVE_LABEL_ONLY,False,False,NATIVE_LABEL_ONLY,NOT_ADMITTED,,True,False,False,False,False,False,False,False,False
caltech101,68,octopus,caltech101-category:68,strict,NATIVE_LABEL_ONLY,False,False,NATIVE_LABEL_ONLY,NOT_ADMITTED,,True,False,False,False,False,False,False,False,False
caltech101,69,okapi,caltech101-category:69,strict,VERIFIED_DEPICTED_TYPE,False,True,SOURCE_TYPED_MAPPING,CONNECTED,16,True,False,True,False,False,False,False,False,False
caltech101,70,pagoda,caltech101-category:70,strict,VERIFIED_DEPICTED_TYPE,False,True,SOURCE_TYPED_MAPPING,CONNECTED,10,True,False,True,False,False,False,False,False,False
caltech101,71,panda,caltech101-category:71,strict,NATIVE_LABEL_ONLY,False,False,NATIVE_LABEL_ONLY,NOT_ADMITTED,,True,False,False,False,False,False,False,False,False
caltech101,72,pigeon,caltech101-category:72,strict,VERIFIED_DEPICTED_TYPE,False,True,SOURCE_TYPED_MAPPING,CONNECTED,13,True,False,True,False,False,False,False,False,False
caltech101,73,pizza,caltech101-category:73,strict,VERIFIED_DEPICTED_TYPE,False,True,SOURCE_TYPED_MAPPING,CONNECTED,8,True,False,True,False,False,False,False,False,False
caltech101,74,platypus,caltech101-category:74,strict,VERIFIED_DEPICTED_TYPE,False,True,SOURCE_TYPED_MAPPING,CONNECTED,13,True,False,True,False,False,False,False,False,False
caltech101,75,pyramid,caltech101-category:75,strict,NATIVE_LABEL_ONLY,False,False,NATIVE_LABEL_ONLY,NOT_ADMITTED,,True,False,False,False,False,False,False,False,False
caltech101,76,revolver,caltech101-category:76,strict,NATIVE_LABEL_ONLY,False,False,NATIVE_LABEL_ONLY,NOT_ADMITTED,,True,False,False,False,False,False,False,False,False
caltech101,77,rhino,caltech101-category:77,strict,VERIFIED_DEPICTED_TYPE,False,True,SOURCE_TYPED_MAPPING,CONNECTED,14,True,False,True,False,False,False,False,False,False
caltech101,78,rooster,caltech101-category:78,strict,VERIFIED_DEPICTED_TYPE,False,True,SOURCE_TYPED_MAPPING,CONNECTED,14,True,False,True,False,False,False,False,False,False
caltech101,79,saxophone,caltech101-category:79,strict,VERIFIED_DEPICTED_TYPE,False,True,SOURCE_TYPED_MAPPING,CONNECTED,13,True,False,True,False,False,False,False,False,False
caltech101,80,schooner,caltech101-category:80,strict,NATIVE_LABEL_ONLY,False,False,NATIVE_LABEL_ONLY,NOT_ADMITTED,,True,False,False,False,False,False,False,False,False
caltech101,81,scissors,caltech101-category:81,strict,VERIFIED_DEPICTED_TYPE,False,True,SOURCE_TYPED_MAPPING,CONNECTED,11,True,False,True,False,False,False,False,False,False
caltech101,82,scorpion,caltech101-category:82,strict,NATIVE_LABEL_ONLY,False,False,NATIVE_LABEL_ONLY,NOT_ADMITTED,,True,False,False,False,False,False,False,False,False
caltech101,83,sea_horse,caltech101-category:83,strict,NATIVE_LABEL_ONLY,False,False,NATIVE_LABEL_ONLY,NOT_ADMITTED,,True,False,False,False,False,False,False,False,False
caltech101,84,snoopy,caltech101-category:84,strict,NATIVE_LABEL_ONLY,False,False,NATIVE_LABEL_ONLY,NOT_ADMITTED,,True,False,False,False,False,False,False,False,False
caltech101,85,soccer_ball,caltech101-category:85,strict,VERIFIED_DEPICTED_TYPE,False,True,SOURCE_TYPED_MAPPING,CONNECTED,10,True,False,True,False,False,False,False,False,False
caltech101,86,stapler,caltech101-category:86,strict,VERIFIED_DEPICTED_TYPE,False,True,SOURCE_TYPED_MAPPING,CONNECTED,9,True,False,True,False,False,False,False,False,False
caltech101,87,starfish,caltech101-category:87,strict,VERIFIED_DEPICTED_TYPE,False,True,SOURCE_TYPED_MAPPING,CONNECTED,10,True,False,True,False,False,False,False,False,False
caltech101,88,stegosaurus,caltech101-category:88,strict,VERIFIED_DEPICTED_TYPE,False,True,SOURCE_TYPED_MAPPING,CONNECTED,16,True,False,True,False,False,False,False,False,False
caltech101,89,stop_sign,caltech101-category:89,strict,NATIVE_LABEL_ONLY,False,False,NATIVE_LABEL_ONLY,NOT_ADMITTED,,True,False,False,False,False,False,False,False,False
caltech101,90,strawberry,caltech101-category:90,strict,NATIVE_LABEL_ONLY,False,False,NATIVE_LABEL_ONLY,NOT_ADMITTED,,True,False,False,False,False,False,False,False,False
caltech101,91,sunflower,caltech101-category:91,strict,VERIFIED_DEPICTED_TYPE,False,True,SOURCE_TYPED_MAPPING,CONNECTED,12,True,False,True,False,False,False,False,False,False
caltech101,92,tick,caltech101-category:92,strict,NATIVE_LABEL_ONLY,False,False,NATIVE_LABEL_ONLY,NOT_ADMITTED,,True,False,False,False,False,False,False,False,False
caltech101,93,trilobite,caltech101-category:93,strict,VERIFIED_DEPICTED_TYPE,False,True,SOURCE_TYPED_MAPPING,CONNECTED,10,True,False,True,False,False,False,False,False,False
caltech101,94,umbrella,caltech101-category:94,strict,VERIFIED_DEPICTED_TYPE,False,True,SOURCE_TYPED_MAPPING,CONNECTED,10,True,False,True,False,False,False,False,False,False
caltech101,95,watch,caltech101-category:95,strict,NATIVE_LABEL_ONLY,False,False,NATIVE_LABEL_ONLY,NOT_ADMITTED,,True,False,False,False,False,False,False,False,False
caltech101,96,water_lilly,caltech101-category:96,strict,NATIVE_LABEL_ONLY,False,False,NATIVE_LABEL_ONLY,NOT_ADMITTED,,True,False,False,False,False,False,False,False,False
caltech101,97,wheelchair,caltech101-category:97,strict,VERIFIED_DEPICTED_TYPE,False,True,SOURCE_TYPED_MAPPING,CONNECTED,11,True,False,True,False,False,False,False,False,False
caltech101,98,wild_cat,caltech101-category:98,strict,NATIVE_LABEL_ONLY,False,False,NATIVE_LABEL_ONLY,NOT_ADMITTED,,True,False,False,False,False,False,False,False,False
caltech101,99,windsor_chair,caltech101-category:99,strict,VERIFIED_DEPICTED_TYPE,False,True,SOURCE_TYPED_MAPPING,CONNECTED,12,True,False,True,False,False,False,False,False,False
caltech101,100,wrench,caltech101-category:100,strict,VERIFIED_DEPICTED_TYPE,False,True,SOURCE_TYPED_MAPPING,CONNECTED,10,True,False,True,False,False,False,False,False,False
caltech101,101,yin_yang,caltech101-category:101,strict,NATIVE_LABEL_ONLY,False,False,NATIVE_LABEL_ONLY,NOT_ADMITTED,,True,False,False,False,False,False,False,False,False
cub200,1,Black footed Albatross,avilist:phoebastria nigripes,strict,VERIFIED,True,True,EXACT_IDENTITY,UNREACHABLE,,True,True,False,False,False,False,False,False,False
cub200,2,Laysan Albatross,wikidata:Q934841,strict,VERIFIED,True,True,EXACT_IDENTITY,UNREACHABLE,,True,True,False,False,False,False,False,False,False
cub200,3,Sooty Albatross,wikidata:Q1265896,strict,VERIFIED,True,True,EXACT_IDENTITY,UNREACHABLE,,True,True,False,False,False,False,False,False,False
cub200,4,Groove billed Ani,avilist:crotophaga sulcirostris,strict,VERIFIED,True,True,EXACT_IDENTITY,UNREACHABLE,,True,True,False,False,False,False,False,False,False
cub200,5,Crested Auklet,wikidata:Q1166020,strict,VERIFIED,True,True,EXACT_IDENTITY,UNREACHABLE,,True,True,False,False,False,False,False,False,False
cub200,6,Least Auklet,wikidata:Q244035,strict,VERIFIED,True,True,EXACT_IDENTITY,UNREACHABLE,,True,True,False,False,False,False,False,False,False
cub200,7,Parakeet Auklet,wikidata:Q1262009,strict,VERIFIED,True,True,EXACT_IDENTITY,UNREACHABLE,,True,True,False,False,False,False,False,False,False
cub200,8,Rhinoceros Auklet,wikidata:Q903229,strict,VERIFIED,True,True,EXACT_IDENTITY,UNREACHABLE,,True,True,False,False,False,False,False,False,False
cub200,9,Brewer Blackbird,wikidata:Q339139,strict,VERIFIED,True,True,EXACT_IDENTITY,UNREACHABLE,,True,True,False,False,False,False,False,False,False
cub200,10,Red winged Blackbird,avilist:agelaius phoeniceus,strict,VERIFIED,True,True,EXACT_IDENTITY,UNREACHABLE,,True,True,False,False,False,False,False,False,False
cub200,11,Rusty Blackbird,wikidata:Q1314688,strict,VERIFIED,True,True,EXACT_IDENTITY,UNREACHABLE,,True,True,False,False,False,False,False,False,False
cub200,12,Yellow headed Blackbird,wikidata:Q527750,strict,VERIFIED,True,True,EXACT_IDENTITY,UNREACHABLE,,True,True,False,False,False,False,False,False,False
cub200,13,Bobolink,wikidata:Q591831,strict,VERIFIED,True,True,EXACT_IDENTITY,UNREACHABLE,,True,True,False,False,False,False,False,False,False
cub200,14,Indigo Bunting,wordnet31:01540185-n,strict,VERIFIED,True,True,EXACT_IDENTITY,CONNECTED,14,True,True,True,True,False,False,False,False,False
cub200,15,Lazuli Bunting,avilist:passerina amoena,strict,VERIFIED,True,True,EXACT_IDENTITY,UNREACHABLE,,True,True,False,False,False,False,False,False,False
cub200,16,Painted Bunting,avilist:passerina ciris,strict,VERIFIED,True,True,EXACT_IDENTITY,UNREACHABLE,,True,True,False,False,False,False,False,False,False
cub200,17,Cardinal,avilist:cardinalis cardinalis,strict,VERIFIED,True,True,EXACT_IDENTITY,UNREACHABLE,,True,True,False,False,False,False,False,False,False
cub200,18,Spotted Catbird,wikidata:Q27075204,strict,VERIFIED,True,True,EXACT_IDENTITY,UNREACHABLE,,True,True,False,False,False,False,False,False,False
cub200,19,Gray Catbird,wordnet31:01590167-n,strict,VERIFIED,True,True,EXACT_IDENTITY,CONNECTED,12,True,True,True,True,False,False,False,False,False
cub200,20,Yellow breasted Chat,avilist:icteria virens,strict,VERIFIED,True,True,EXACT_IDENTITY,UNREACHABLE,,True,True,False,False,False,False,False,False,False
cub200,21,Eastern Towhee,wikidata:Q1541137,strict,VERIFIED,True,True,EXACT_IDENTITY,UNREACHABLE,,True,True,False,False,False,False,False,False,False
cub200,22,Chuck will Widow,wikidata:Q1262147,strict,VERIFIED,True,True,EXACT_IDENTITY,UNREACHABLE,,True,True,False,False,False,False,False,False,False
cub200,23,Brandt Cormorant,wikidata:Q83022912,strict,VERIFIED,True,True,EXACT_IDENTITY,UNREACHABLE,,True,True,False,False,False,False,False,False,False
cub200,24,Red faced Cormorant,avilist:urile urile,strict,VERIFIED,True,True,EXACT_IDENTITY,UNREACHABLE,,True,True,False,False,False,False,False,False,False
cub200,25,Pelagic Cormorant,avilist:urile pelagicus,strict,VERIFIED,True,True,EXACT_IDENTITY,UNREACHABLE,,True,True,False,False,False,False,False,False,False
cub200,26,Bronzed Cowbird,wikidata:Q1190592,strict,VERIFIED,True,True,EXACT_IDENTITY,UNREACHABLE,,True,True,False,False,False,False,False,False,False
cub200,27,Shiny Cowbird,wikidata:Q1586890,strict,VERIFIED,True,True,EXACT_IDENTITY,UNREACHABLE,,True,True,False,False,False,False,False,False,False
cub200,28,Brown Creeper,wikidata:Q490294,strict,VERIFIED,True,True,EXACT_IDENTITY,UNREACHABLE,,True,True,False,False,False,False,False,False,False
cub200,29,American Crow,wikidata:Q267735,strict,VERIFIED,True,True,EXACT_IDENTITY,UNREACHABLE,,True,True,False,False,False,False,False,False,False
cub200,30,Fish Crow,wikidata:Q1420315,strict,VERIFIED,True,True,EXACT_IDENTITY,UNREACHABLE,,True,True,False,False,False,False,False,False,False
cub200,31,Black billed Cuckoo,wikidata:Q19027,strict,VERIFIED,True,True,EXACT_IDENTITY,UNREACHABLE,,True,True,False,False,False,False,False,False,False
cub200,32,Mangrove Cuckoo,avilist:coccyzus minor,strict,VERIFIED,True,True,EXACT_IDENTITY,UNREACHABLE,,True,True,False,False,False,False,False,False,False
cub200,33,Yellow billed Cuckoo,avilist:coccyzus americanus,strict,VERIFIED,True,True,EXACT_IDENTITY,UNREACHABLE,,True,True,False,False,False,False,False,False,False
cub200,34,Gray crowned Rosy Finch,wikidata:Q1304007,strict,VERIFIED,True,True,EXACT_IDENTITY,UNREACHABLE,,True,True,False,False,False,False,False,False,False
cub200,35,Purple Finch,wikidata:Q27075782,strict,VERIFIED,True,True,EXACT_IDENTITY,UNREACHABLE,,True,True,False,False,False,False,False,False,False
cub200,36,Northern Flicker,avilist:colaptes auratus,strict,VERIFIED,True,True,EXACT_IDENTITY,UNREACHABLE,,True,True,False,False,False,False,False,False,False
cub200,37,Acadian Flycatcher,wikidata:Q252175,strict,VERIFIED,True,True,EXACT_IDENTITY,UNREACHABLE,,True,True,False,False,False,False,False,False,False
cub200,38,Great Crested Flycatcher,avilist:myiarchus crinitus,strict,VERIFIED,True,True,EXACT_IDENTITY,UNREACHABLE,,True,True,False,False,False,False,False,False,False
cub200,39,Least Flycatcher,wikidata:Q944011,strict,VERIFIED,True,True,EXACT_IDENTITY,UNREACHABLE,,True,True,False,False,False,False,False,False,False
cub200,40,Olive sided Flycatcher,avilist:contopus cooperi,strict,VERIFIED,True,True,EXACT_IDENTITY,UNREACHABLE,,True,True,False,False,False,False,False,False,False
cub200,41,Scissor tailed Flycatcher,avilist:tyrannus forficatus,strict,VERIFIED,True,True,EXACT_IDENTITY,UNREACHABLE,,True,True,False,False,False,False,False,False,False
cub200,42,Vermilion Flycatcher,avilist:pyrocephalus rubinus,strict,VERIFIED,True,True,EXACT_IDENTITY,UNREACHABLE,,True,True,False,False,False,False,False,False,False
cub200,43,Yellow bellied Flycatcher,avilist:empidonax flaviventris,strict,VERIFIED,True,True,EXACT_IDENTITY,UNREACHABLE,,True,True,False,False,False,False,False,False,False
cub200,44,Frigatebird,avilist:fregata,strict,VERIFIED,True,True,EXACT_IDENTITY,UNREACHABLE,,True,True,False,False,False,False,False,False,False
cub200,45,Northern Fulmar,wordnet31:02062786-n,strict,VERIFIED,True,True,EXACT_IDENTITY,CONNECTED,14,True,True,True,True,False,False,False,False,False
cub200,46,Gadwall,wikidata:Q28106966,strict,VERIFIED,True,True,EXACT_IDENTITY,UNREACHABLE,,True,True,False,False,False,False,False,False,False
cub200,47,American Goldfinch,avilist:spinus tristis,strict,VERIFIED,True,True,EXACT_IDENTITY,UNREACHABLE,,True,True,False,False,False,False,False,False,False
cub200,48,European Goldfinch,wordnet31:01533819-n,strict,VERIFIED,True,True,EXACT_IDENTITY,CONNECTED,13,True,True,True,True,False,False,False,False,False
cub200,49,Boat tailed Grackle,avilist:quiscalus major,strict,VERIFIED,True,True,EXACT_IDENTITY,UNREACHABLE,,True,True,False,False,False,False,False,False,False
cub200,50,Eared Grebe,wikidata:Q185183,strict,VERIFIED,True,True,EXACT_IDENTITY,UNREACHABLE,,True,True,False,False,False,False,False,False,False
cub200,51,Horned Grebe,wikidata:Q192058,strict,VERIFIED,True,True,EXACT_IDENTITY,UNREACHABLE,,True,True,False,False,False,False,False,False,False
cub200,52,Pied billed Grebe,wikidata:Q579718,strict,VERIFIED,True,True,EXACT_IDENTITY,UNREACHABLE,,True,True,False,False,False,False,False,False,False
cub200,53,Western Grebe,wikidata:Q679154,strict,VERIFIED,True,True,EXACT_IDENTITY,UNREACHABLE,,True,True,False,False,False,False,False,False,False
cub200,54,Blue Grosbeak,avilist:passerina caerulea,strict,VERIFIED,True,True,EXACT_IDENTITY,UNREACHABLE,,True,True,False,False,False,False,False,False,False
cub200,55,Evening Grosbeak,wikidata:Q25167830,strict,VERIFIED,True,True,EXACT_IDENTITY,UNREACHABLE,,True,True,False,False,False,False,False,False,False
cub200,56,Pine Grosbeak,wikidata:Q214571,strict,VERIFIED,True,True,EXACT_IDENTITY,UNREACHABLE,,True,True,False,False,False,False,False,False,False
cub200,57,Rose breasted Grosbeak,avilist:pheucticus ludovicianus,strict,VERIFIED,True,True,EXACT_IDENTITY,UNREACHABLE,,True,True,False,False,False,False,False,False,False
cub200,58,Pigeon Guillemot,avilist:cepphus columba,strict,VERIFIED,True,True,EXACT_IDENTITY,UNREACHABLE,,True,True,False,False,False,False,False,False,False
cub200,59,California Gull,wikidata:Q953999,strict,VERIFIED,True,True,EXACT_IDENTITY,UNREACHABLE,,True,True,False,False,False,False,False,False,False
cub200,60,Glaucous winged Gull,avilist:larus glaucescens,strict,VERIFIED,True,True,EXACT_IDENTITY,UNREACHABLE,,True,True,False,False,False,False,False,False,False
cub200,61,Heermann Gull,wikidata:Q795982,strict,VERIFIED,True,True,EXACT_IDENTITY,UNREACHABLE,,True,True,False,False,False,False,False,False,False
cub200,62,Herring Gull,wordnet31:02044700-n,strict,VERIFIED,True,True,EXACT_IDENTITY,CONNECTED,15,True,True,True,True,False,False,False,False,False
cub200,63,Ivory Gull,wikidata:Q723064,strict,VERIFIED,True,True,EXACT_IDENTITY,UNREACHABLE,,True,True,False,False,False,False,False,False,False
cub200,64,Ring billed Gull,wikidata:Q754885,strict,VERIFIED,True,True,EXACT_IDENTITY,UNREACHABLE,,True,True,False,False,False,False,False,False,False
cub200,65,Slaty backed Gull,wikidata:Q1272080,strict,VERIFIED,True,True,EXACT_IDENTITY,UNREACHABLE,,True,True,False,False,False,False,False,False,False
cub200,66,Western Gull,wikidata:Q630829,strict,VERIFIED,True,True,EXACT_IDENTITY,UNREACHABLE,,True,True,False,False,False,False,False,False,False
cub200,67,Anna Hummingbird,avilist:calypte anna,strict,VERIFIED,True,True,EXACT_IDENTITY,UNREACHABLE,,True,True,False,False,False,False,False,False,False
cub200,68,Ruby throated Hummingbird,avilist:archilochus colubris,strict,VERIFIED,True,True,EXACT_IDENTITY,UNREACHABLE,,True,True,False,False,False,False,False,False,False
cub200,69,Rufous Hummingbird,avilist:selasphorus rufus,strict,VERIFIED,True,True,EXACT_IDENTITY,UNREACHABLE,,True,True,False,False,False,False,False,False,False
cub200,70,Green Violetear,avilist:colibri thalassinus,strict,VERIFIED,True,True,EXACT_IDENTITY,UNREACHABLE,,True,True,False,False,False,False,False,False,False
cub200,71,Long tailed Jaeger,wikidata:Q216921,strict,VERIFIED,True,True,EXACT_IDENTITY,UNREACHABLE,,True,True,False,False,False,False,False,False,False
cub200,72,Pomarine Jaeger,wikidata:Q212767,strict,VERIFIED,True,True,EXACT_IDENTITY,UNREACHABLE,,True,True,False,False,False,False,False,False,False
cub200,73,Blue Jay,wikidata:Q199758,strict,VERIFIED,True,True,EXACT_IDENTITY,UNREACHABLE,,True,True,False,False,False,False,False,False,False
cub200,74,Florida Jay,avilist:aphelocoma coerulescens,strict,VERIFIED,True,True,EXACT_IDENTITY,UNREACHABLE,,True,True,False,False,False,False,False,False,False
cub200,75,Green Jay,wikidata:Q15616389,strict,VERIFIED,True,True,EXACT_IDENTITY,UNREACHABLE,,True,True,False,False,False,False,False,False,False
cub200,76,Dark eyed Junco,avilist:junco hyemalis,strict,VERIFIED,True,True,EXACT_IDENTITY,UNREACHABLE,,True,True,False,False,False,False,False,False,False
cub200,77,Tropical Kingbird,avilist:tyrannus melancholicus,strict,VERIFIED,True,True,EXACT_IDENTITY,UNREACHABLE,,True,True,False,False,False,False,False,False,False
cub200,78,Gray Kingbird,wikidata:Q945200,strict,VERIFIED,True,True,EXACT_IDENTITY,UNREACHABLE,,True,True,False,False,False,False,False,False,False
cub200,79,Belted Kingfisher,wikidata:Q736052,strict,VERIFIED,True,True,EXACT_IDENTITY,UNREACHABLE,,True,True,False,False,False,False,False,False,False
cub200,80,Green Kingfisher,wikidata:Q580159,strict,VERIFIED,True,True,EXACT_IDENTITY,UNREACHABLE,,True,True,False,False,False,False,False,False,False
cub200,81,Pied Kingfisher,avilist:ceryle rudis,strict,VERIFIED,True,True,EXACT_IDENTITY,UNREACHABLE,,True,True,False,False,False,False,False,False,False
cub200,82,Ringed Kingfisher,wikidata:Q1272848,strict,VERIFIED,True,True,EXACT_IDENTITY,UNREACHABLE,,True,True,False,False,False,False,False,False,False
cub200,83,White breasted Kingfisher,avilist:halcyon smyrnensis,strict,VERIFIED,True,True,EXACT_IDENTITY,UNREACHABLE,,True,True,False,False,False,False,False,False,False
cub200,84,Red legged Kittiwake,avilist:rissa brevirostris,strict,VERIFIED,True,True,EXACT_IDENTITY,UNREACHABLE,,True,True,False,False,False,False,False,False,False
cub200,85,Horned Lark,wikidata:Q207249,strict,VERIFIED,True,True,EXACT_IDENTITY,UNREACHABLE,,True,True,False,False,False,False,False,False,False
cub200,86,Pacific Loon,wikidata:Q558990,strict,VERIFIED,True,True,EXACT_IDENTITY,UNREACHABLE,,True,True,False,False,False,False,False,False,False
cub200,87,Mallard,wikidata:Q25348,strict,VERIFIED,True,True,EXACT_IDENTITY,UNREACHABLE,,True,True,False,False,False,False,False,False,False
cub200,88,Western Meadowlark,avilist:sturnella neglecta,strict,VERIFIED,True,True,EXACT_IDENTITY,UNREACHABLE,,True,True,False,False,False,False,False,False,False
cub200,89,Hooded Merganser,wikidata:Q241349,strict,VERIFIED,True,True,EXACT_IDENTITY,UNREACHABLE,,True,True,False,False,False,False,False,False,False
cub200,90,Red breasted Merganser,avilist:mergus serrator,strict,VERIFIED,True,True,EXACT_IDENTITY,UNREACHABLE,,True,True,False,False,False,False,False,False,False
cub200,91,Mockingbird,avilist:mimus,strict,VERIFIED,True,True,EXACT_IDENTITY,UNREACHABLE,,True,True,False,False,False,False,False,False,False
cub200,92,Nighthawk,avilist:chordeiles,strict,VERIFIED,True,True,EXACT_IDENTITY,UNREACHABLE,,True,True,False,False,False,False,False,False,False
cub200,93,Clark Nutcracker,wikidata:Q1142785,strict,VERIFIED,True,True,EXACT_IDENTITY,UNREACHABLE,,True,True,False,False,False,False,False,False,False
cub200,94,White breasted Nuthatch,avilist:sitta carolinensis,strict,VERIFIED,True,True,EXACT_IDENTITY,UNREACHABLE,,True,True,False,False,False,False,False,False,False
cub200,95,Baltimore Oriole,avilist:icterus galbula,strict,VERIFIED,True,True,EXACT_IDENTITY,UNREACHABLE,,True,True,False,False,False,False,False,False,False
cub200,96,Hooded Oriole,wikidata:Q1302812,strict,VERIFIED,True,True,EXACT_IDENTITY,UNREACHABLE,,True,True,False,False,False,False,False,False,False
cub200,97,Orchard Oriole,wikidata:Q1586976,strict,VERIFIED,True,True,EXACT_IDENTITY,UNREACHABLE,,True,True,False,False,False,False,False,False,False
cub200,98,Scott Oriole,wikidata:Q1305283,strict,VERIFIED,True,True,EXACT_IDENTITY,UNREACHABLE,,True,True,False,False,False,False,False,False,False
cub200,99,Ovenbird,wikidata:Q796672,strict,VERIFIED,True,True,EXACT_IDENTITY,UNREACHABLE,,True,True,False,False,False,False,False,False,False
cub200,100,Brown Pelican,wordnet31:02054499-n,strict,VERIFIED,True,True,EXACT_IDENTITY,CONNECTED,13,True,True,True,True,False,False,False,False,False
cub200,101,White Pelican,avilist:pelecanus erythrorhynchos,strict,VERIFIED,True,True,EXACT_IDENTITY,UNREACHABLE,,True,True,False,False,False,False,False,False,False
cub200,102,Western Wood Pewee,wikidata:Q941102,strict,VERIFIED,True,True,EXACT_IDENTITY,UNREACHABLE,,True,True,False,False,False,False,False,False,False
cub200,103,Sayornis,avilist:sayornis,strict,VERIFIED,True,True,EXACT_IDENTITY,UNREACHABLE,,True,True,False,False,False,False,False,False,False
cub200,104,American Pipit,avilist:anthus rubescens,strict,VERIFIED,True,True,EXACT_IDENTITY,UNREACHABLE,,True,True,False,False,False,False,False,False,False
cub200,105,Whip poor Will,avilist:antrostomus vociferus,strict,VERIFIED,True,True,EXACT_IDENTITY,UNREACHABLE,,True,True,False,False,False,False,False,False,False
cub200,106,Horned Puffin,wikidata:Q855367,strict,VERIFIED,True,True,EXACT_IDENTITY,UNREACHABLE,,True,True,False,False,False,False,False,False,False
cub200,107,Common Raven,avilist:corvus corax,strict,VERIFIED,True,True,EXACT_IDENTITY,UNREACHABLE,,True,True,False,False,False,False,False,False,False
cub200,108,White necked Raven,avilist:corvus albicollis,strict,VERIFIED,True,True,EXACT_IDENTITY,UNREACHABLE,,True,True,False,False,False,False,False,False,False
cub200,109,American Redstart,wikidata:Q922772,strict,VERIFIED,True,True,EXACT_IDENTITY,UNREACHABLE,,True,True,False,False,False,False,False,False,False
cub200,110,Geococcyx,avilist:geococcyx,strict,VERIFIED,True,True,EXACT_IDENTITY,UNREACHABLE,,True,True,False,False,False,False,False,False,False
cub200,111,Loggerhead Shrike,wikidata:Q430863,strict,VERIFIED,True,True,EXACT_IDENTITY,UNREACHABLE,,True,True,False,False,False,False,False,False,False
cub200,112,Great Grey Shrike,wordnet31:01601800-n,strict,VERIFIED,True,True,EXACT_IDENTITY,CONNECTED,14,True,True,True,True,False,False,False,False,False
cub200,113,Baird Sparrow,avilist:centronyx bairdii,strict,VERIFIED,True,True,EXACT_IDENTITY,UNREACHABLE,,True,True,False,False,False,False,False,False,False
cub200,114,Black throated Sparrow,avilist:amphispiza bilineata,strict,VERIFIED,True,True,EXACT_IDENTITY,UNREACHABLE,,True,True,False,False,False,False,False,False,False
cub200,115,Brewer Sparrow,wikidata:Q659632,strict,VERIFIED,True,True,EXACT_IDENTITY,UNREACHABLE,,True,True,False,False,False,False,False,False,False
cub200,116,Chipping Sparrow,wikidata:Q645203,strict,VERIFIED,True,True,EXACT_IDENTITY,UNREACHABLE,,True,True,False,False,False,False,False,False,False
cub200,117,Clay colored Sparrow,avilist:spizella pallida,strict,VERIFIED,True,True,EXACT_IDENTITY,UNREACHABLE,,True,True,False,False,False,False,False,False,False
cub200,118,House Sparrow,wikidata:Q14683,strict,VERIFIED,True,True,EXACT_IDENTITY,UNREACHABLE,,True,True,False,False,False,False,False,False,False
cub200,119,Field Sparrow,wikidata:Q611926,strict,VERIFIED,True,True,EXACT_IDENTITY,UNREACHABLE,,True,True,False,False,False,False,False,False,False
cub200,120,Fox Sparrow,wikidata:Q422873,strict,VERIFIED,True,True,EXACT_IDENTITY,UNREACHABLE,,True,True,False,False,False,False,False,False,False
cub200,121,Grasshopper Sparrow,wikidata:Q1588210,strict,VERIFIED,True,True,EXACT_IDENTITY,UNREACHABLE,,True,True,False,False,False,False,False,False,False
cub200,122,Harris Sparrow,wikidata:Q1034120,strict,VERIFIED,True,True,EXACT_IDENTITY,UNREACHABLE,,True,True,False,False,False,False,False,False,False
cub200,123,Henslow Sparrow,wikidata:Q1588203,strict,VERIFIED,True,True,EXACT_IDENTITY,UNREACHABLE,,True,True,False,False,False,False,False,False,False
cub200,124,Le Conte Sparrow,avilist:ammospiza leconteii,strict,VERIFIED,True,True,EXACT_IDENTITY,UNREACHABLE,,True,True,False,False,False,False,False,False,False
cub200,125,Lincoln Sparrow,wikidata:Q692323,strict,VERIFIED,True,True,EXACT_IDENTITY,UNREACHABLE,,True,True,False,False,False,False,False,False,False
cub200,126,Nelson Sharp tailed Sparrow,avilist:ammospiza nelsoni,strict,VERIFIED,True,True,EXACT_IDENTITY,UNREACHABLE,,True,True,False,False,False,False,False,False,False
cub200,127,Savannah Sparrow,wikidata:Q287893,strict,VERIFIED,True,True,EXACT_IDENTITY,UNREACHABLE,,True,True,False,False,False,False,False,False,False
cub200,128,Seaside Sparrow,wikidata:Q1588145,strict,VERIFIED,True,True,EXACT_IDENTITY,UNREACHABLE,,True,True,False,False,False,False,False,False,False
cub200,129,Song Sparrow,wikidata:Q842599,strict,VERIFIED,True,True,EXACT_IDENTITY,UNREACHABLE,,True,True,False,False,False,False,False,False,False
cub200,130,Tree Sparrow,wordnet31:01542731-n,strict,VERIFIED,True,True,EXACT_IDENTITY,CONNECTED,12,True,True,True,True,False,False,False,False,False
cub200,131,Vesper Sparrow,wikidata:Q776555,strict,VERIFIED,True,True,EXACT_IDENTITY,UNREACHABLE,,True,True,False,False,False,False,False,False,False
cub200,132,White crowned Sparrow,wordnet31:01538331-n,strict,VERIFIED,True,True,EXACT_IDENTITY,CONNECTED,14,True,True,True,True,False,False,False,False,False
cub200,133,White throated Sparrow,wordnet31:01538110-n,strict,VERIFIED,True,True,EXACT_IDENTITY,CONNECTED,14,True,True,True,True,False,False,False,False,False
cub200,134,Cape Glossy Starling,avilist:lamprotornis nitens,strict,VERIFIED,True,True,EXACT_IDENTITY,UNREACHABLE,,True,True,False,False,False,False,False,False,False
cub200,135,Bank Swallow,wordnet31:01598914-n,strict,VERIFIED,True,True,EXACT_IDENTITY,CONNECTED,14,True,True,True,True,False,False,False,False,False
cub200,136,Barn Swallow,wikidata:Q25429,strict,VERIFIED,True,True,EXACT_IDENTITY,UNREACHABLE,,True,True,False,False,False,False,False,False,False
cub200,137,Cliff Swallow,wordnet31:01597609-n,strict,VERIFIED,True,True,EXACT_IDENTITY,CONNECTED,13,True,True,True,True,False,False,False,False,False
cub200,138,Tree Swallow,wikidata:Q922192,strict,VERIFIED,True,True,EXACT_IDENTITY,UNREACHABLE,,True,True,False,False,False,False,False,False,False
cub200,139,Scarlet Tanager,wordnet31:01600378-n,strict,VERIFIED,True,True,EXACT_IDENTITY,CONNECTED,13,True,True,True,True,False,False,False,False,False
cub200,140,Summer Tanager,avilist:piranga rubra,strict,VERIFIED,True,True,EXACT_IDENTITY,UNREACHABLE,,True,True,False,False,False,False,False,False,False
cub200,141,Artic Tern,avilist:sterna paradisaea,strict,VERIFIED,True,True,EXACT_IDENTITY,UNREACHABLE,,True,True,False,False,False,False,False,False,False
cub200,142,Black Tern,wikidata:Q27215,strict,VERIFIED,True,True,EXACT_IDENTITY,UNREACHABLE,,True,True,False,False,False,False,False,False,False
cub200,143,Caspian Tern,wikidata:Q27129,strict,VERIFIED,True,True,EXACT_IDENTITY,UNREACHABLE,,True,True,False,False,False,False,False,False,False
cub200,144,Common Tern,wikidata:Q18875,strict,VERIFIED,True,True,EXACT_IDENTITY,UNREACHABLE,,True,True,False,False,False,False,False,False,False
cub200,145,Elegant Tern,avilist:thalasseus elegans,strict,VERIFIED,True,True,EXACT_IDENTITY,UNREACHABLE,,True,True,False,False,False,False,False,False,False
cub200,146,Forsters Tern,wikidata:Q430529,strict,VERIFIED,True,True,EXACT_IDENTITY,UNREACHABLE,,True,True,False,False,False,False,False,False,False
cub200,147,Least Tern,wikidata:Q28168,strict,VERIFIED,True,True,EXACT_IDENTITY,UNREACHABLE,,True,True,False,False,False,False,False,False,False
cub200,148,Green tailed Towhee,avilist:pipilo chlorurus,strict,VERIFIED,True,True,EXACT_IDENTITY,UNREACHABLE,,True,True,False,False,False,False,False,False,False
cub200,149,Brown Thrasher,wordnet31:01590643-n,strict,VERIFIED,True,True,EXACT_IDENTITY,CONNECTED,13,True,True,True,True,False,False,False,False,False
cub200,150,Sage Thrasher,avilist:oreoscoptes montanus,strict,VERIFIED,True,True,EXACT_IDENTITY,UNREACHABLE,,True,True,False,False,False,False,False,False,False
cub200,151,Black capped Vireo,avilist:vireo atricapilla,strict,VERIFIED,True,True,EXACT_IDENTITY,UNREACHABLE,,True,True,False,False,False,False,False,False,False
cub200,152,Blue headed Vireo,avilist:vireo solitarius,strict,VERIFIED,True,True,EXACT_IDENTITY,UNREACHABLE,,True,True,False,False,False,False,False,False,False
cub200,153,Philadelphia Vireo,wikidata:Q596275,strict,VERIFIED,True,True,EXACT_IDENTITY,UNREACHABLE,,True,True,False,False,False,False,False,False,False
cub200,154,Red eyed Vireo,wikidata:Q582976,strict,VERIFIED,True,True,EXACT_IDENTITY,UNREACHABLE,,True,True,False,False,False,False,False,False,False
cub200,155,Warbling Vireo,avilist:vireo gilvus,strict,VERIFIED,True,True,EXACT_IDENTITY,UNREACHABLE,,True,True,False,False,False,False,False,False,False
cub200,156,White eyed Vireo,avilist:vireo griseus,strict,VERIFIED,True,True,EXACT_IDENTITY,UNREACHABLE,,True,True,False,False,False,False,False,False,False
cub200,157,Yellow throated Vireo,avilist:vireo flavifrons,strict,VERIFIED,True,True,EXACT_IDENTITY,UNREACHABLE,,True,True,False,False,False,False,False,False,False
cub200,158,Bay breasted Warbler,avilist:setophaga castanea,strict,VERIFIED,True,True,EXACT_IDENTITY,UNREACHABLE,,True,True,False,False,False,False,False,False,False
cub200,159,Black and white Warbler,avilist:mniotilta varia,strict,VERIFIED,True,True,EXACT_IDENTITY,UNREACHABLE,,True,True,False,False,False,False,False,False,False
cub200,160,Black throated Blue Warbler,avilist:setophaga caerulescens,strict,VERIFIED,True,True,EXACT_IDENTITY,UNREACHABLE,,True,True,False,False,False,False,False,False,False
cub200,161,Blue winged Warbler,wikidata:Q25679108,strict,VERIFIED,True,True,EXACT_IDENTITY,UNREACHABLE,,True,True,False,False,False,False,False,False,False
cub200,162,Canada Warbler,avilist:cardellina canadensis,strict,VERIFIED,True,True,EXACT_IDENTITY,UNREACHABLE,,True,True,False,False,False,False,False,False,False
cub200,163,Cape May Warbler,wikidata:Q27075908,strict,VERIFIED,True,True,EXACT_IDENTITY,UNREACHABLE,,True,True,False,False,False,False,False,False,False
cub200,164,Cerulean Warbler,wikidata:Q25066647,strict,VERIFIED,True,True,EXACT_IDENTITY,UNREACHABLE,,True,True,False,False,False,False,False,False,False
cub200,165,Chestnut sided Warbler,wikidata:Q27075922,strict,VERIFIED,True,True,EXACT_IDENTITY,UNREACHABLE,,True,True,False,False,False,False,False,False,False
cub200,166,Golden winged Warbler,wikidata:Q775985,strict,VERIFIED,True,True,EXACT_IDENTITY,UNREACHABLE,,True,True,False,False,False,False,False,False,False
cub200,167,Hooded Warbler,wikidata:Q27075904,strict,VERIFIED,True,True,EXACT_IDENTITY,UNREACHABLE,,True,True,False,False,False,False,False,False,False
cub200,168,Kentucky Warbler,avilist:geothlypis formosa,strict,VERIFIED,True,True,EXACT_IDENTITY,UNREACHABLE,,True,True,False,False,False,False,False,False,False
cub200,169,Magnolia Warbler,wikidata:Q27075915,strict,VERIFIED,True,True,EXACT_IDENTITY,UNREACHABLE,,True,True,False,False,False,False,False,False,False
cub200,170,Mourning Warbler,avilist:geothlypis philadelphia,strict,VERIFIED,True,True,EXACT_IDENTITY,UNREACHABLE,,True,True,False,False,False,False,False,False,False
cub200,171,Myrtle Warbler,wikidata:Q18390024,strict,VERIFIED,True,True,EXACT_IDENTITY,UNREACHABLE,,True,True,False,False,False,False,False,False,False
cub200,172,Nashville Warbler,avilist:leiothlypis ruficapilla,strict,VERIFIED,True,True,EXACT_IDENTITY,UNREACHABLE,,True,True,False,False,False,False,False,False,False
cub200,173,Orange crowned Warbler,avilist:leiothlypis celata,strict,VERIFIED,True,True,EXACT_IDENTITY,UNREACHABLE,,True,True,False,False,False,False,False,False,False
cub200,174,Palm Warbler,wikidata:Q27075928,strict,VERIFIED,True,True,EXACT_IDENTITY,UNREACHABLE,,True,True,False,False,False,False,False,False,False
cub200,175,Pine Warbler,wikidata:Q27075932,strict,VERIFIED,True,True,EXACT_IDENTITY,UNREACHABLE,,True,True,False,False,False,False,False,False,False
cub200,176,Prairie Warbler,avilist:setophaga discolor,strict,VERIFIED,True,True,EXACT_IDENTITY,UNREACHABLE,,True,True,False,False,False,False,False,False,False
cub200,177,Prothonotary Warbler,avilist:protonotaria citrea,strict,VERIFIED,True,True,EXACT_IDENTITY,UNREACHABLE,,True,True,False,False,False,False,False,False,False
cub200,178,Swainson Warbler,wikidata:Q783095,strict,VERIFIED,True,True,EXACT_IDENTITY,UNREACHABLE,,True,True,False,False,False,False,False,False,False
cub200,179,Tennessee Warbler,avilist:leiothlypis peregrina,strict,VERIFIED,True,True,EXACT_IDENTITY,UNREACHABLE,,True,True,False,False,False,False,False,False,False
cub200,180,Wilson Warbler,avilist:cardellina pusilla,strict,VERIFIED,True,True,EXACT_IDENTITY,UNREACHABLE,,True,True,False,False,False,False,False,False,False
cub200,181,Worm eating Warbler,wikidata:Q269463,strict,VERIFIED,True,True,EXACT_IDENTITY,UNREACHABLE,,True,True,False,False,False,False,False,False,False
cub200,182,Yellow Warbler,avilist:setophaga aestiva,strict,VERIFIED,True,True,EXACT_IDENTITY,UNREACHABLE,,True,True,False,False,False,False,False,False,False
cub200,183,Northern Waterthrush,avilist:parkesia noveboracensis,strict,VERIFIED,True,True,EXACT_IDENTITY,UNREACHABLE,,True,True,False,False,False,False,False,False,False
cub200,184,Louisiana Waterthrush,avilist:parkesia motacilla,strict,VERIFIED,True,True,EXACT_IDENTITY,UNREACHABLE,,True,True,False,False,False,False,False,False,False
cub200,185,Bohemian Waxwing,wikidata:Q26135,strict,VERIFIED,True,True,EXACT_IDENTITY,UNREACHABLE,,True,True,False,False,False,False,False,False,False
cub200,186,Cedar Waxwing,wikidata:Q184314,strict,VERIFIED,True,True,EXACT_IDENTITY,UNREACHABLE,,True,True,False,False,False,False,False,False,False
cub200,187,American Three toed Woodpecker,avilist:picoides dorsalis,strict,VERIFIED,True,True,EXACT_IDENTITY,UNREACHABLE,,True,True,False,False,False,False,False,False,False
cub200,188,Pileated Woodpecker,avilist:dryocopus pileatus,strict,VERIFIED,True,True,EXACT_IDENTITY,UNREACHABLE,,True,True,False,False,False,False,False,False,False
cub200,189,Red bellied Woodpecker,avilist:melanerpes carolinus,strict,VERIFIED,True,True,EXACT_IDENTITY,UNREACHABLE,,True,True,False,False,False,False,False,False,False
cub200,190,Red cockaded Woodpecker,avilist:leuconotopicus borealis,strict,VERIFIED,True,True,EXACT_IDENTITY,UNREACHABLE,,True,True,False,False,False,False,False,False,False
cub200,191,Red headed Woodpecker,wordnet31:01843416-n,strict,VERIFIED,True,True,EXACT_IDENTITY,CONNECTED,12,True,True,True,True,False,False,False,False,False
cub200,192,Downy Woodpecker,wikidata:Q27074911,strict,VERIFIED,True,True,EXACT_IDENTITY,UNREACHABLE,,True,True,False,False,False,False,False,False,False
cub200,193,Bewick Wren,wikidata:Q997457,strict,VERIFIED,True,True,EXACT_IDENTITY,UNREACHABLE,,True,True,False,False,False,False,False,False,False
cub200,194,Cactus Wren,wikidata:Q969006,strict,VERIFIED,True,True,EXACT_IDENTITY,UNREACHABLE,,True,True,False,False,False,False,False,False,False
cub200,195,Carolina Wren,wikidata:Q1585636,strict,VERIFIED,True,True,EXACT_IDENTITY,UNREACHABLE,,True,True,False,False,False,False,False,False,False
cub200,196,House Wren,wordnet31:01587494-n,strict,VERIFIED,True,True,EXACT_IDENTITY,CONNECTED,12,True,True,True,True,False,False,False,False,False
cub200,197,Marsh Wren,wikidata:Q1379530,strict,VERIFIED,True,True,EXACT_IDENTITY,UNREACHABLE,,True,True,False,False,False,False,False,False,False
cub200,198,Rock Wren,avilist:salpinctes obsoletus,strict,VERIFIED,True,True,EXACT_IDENTITY,UNREACHABLE,,True,True,False,False,False,False,False,False,False
cub200,199,Winter Wren,wikidata:Q10828228,strict,VERIFIED,True,True,EXACT_IDENTITY,UNREACHABLE,,True,True,False,False,False,False,False,False,False
cub200,200,Common Yellowthroat,avilist:geothlypis trichas,strict,VERIFIED,True,True,EXACT_IDENTITY,UNREACHABLE,,True,True,False,False,False,False,False,False,False
dtd,0,banded,dtd-attribute:banded,strict,VERIFIED_ATTRIBUTE,True,True,EXACT_IDENTITY,CONNECTED,6,True,True,True,False,False,False,False,False,False
dtd,1,blotchy,dtd-attribute:blotchy,strict,VERIFIED_ATTRIBUTE,True,True,EXACT_IDENTITY,CONNECTED,6,True,True,True,False,False,False,False,False,False
dtd,2,braided,dtd-attribute:braided,strict,VERIFIED_ATTRIBUTE,True,True,EXACT_IDENTITY,CONNECTED,6,True,True,True,False,False,False,False,False,False
dtd,3,bubbly,dtd-attribute:bubbly,strict,VERIFIED_ATTRIBUTE,True,True,EXACT_IDENTITY,CONNECTED,6,True,True,True,False,False,False,False,False,False
dtd,4,bumpy,dtd-attribute:bumpy,strict,VERIFIED_ATTRIBUTE,True,True,EXACT_IDENTITY,CONNECTED,6,True,True,True,False,False,False,False,False,False
dtd,5,chequered,dtd-attribute:chequered,strict,VERIFIED_ATTRIBUTE,True,True,EXACT_IDENTITY,CONNECTED,6,True,True,True,False,False,False,False,False,False
dtd,6,cobwebbed,dtd-attribute:cobwebbed,strict,VERIFIED_ATTRIBUTE,True,True,EXACT_IDENTITY,CONNECTED,6,True,True,True,False,False,False,False,False,False
dtd,7,cracked,dtd-attribute:cracked,strict,VERIFIED_ATTRIBUTE,True,True,EXACT_IDENTITY,CONNECTED,6,True,True,True,False,False,False,False,False,False
dtd,8,crosshatched,dtd-attribute:crosshatched,strict,VERIFIED_ATTRIBUTE,True,True,EXACT_IDENTITY,CONNECTED,6,True,True,True,False,False,False,False,False,False
dtd,9,crystalline,dtd-attribute:crystalline,strict,VERIFIED_ATTRIBUTE,True,True,EXACT_IDENTITY,CONNECTED,6,True,True,True,False,False,False,False,False,False
dtd,10,dotted,dtd-attribute:dotted,strict,VERIFIED_ATTRIBUTE,True,True,EXACT_IDENTITY,CONNECTED,6,True,True,True,False,False,False,False,False,False
dtd,11,fibrous,dtd-attribute:fibrous,strict,VERIFIED_ATTRIBUTE,True,True,EXACT_IDENTITY,CONNECTED,6,True,True,True,False,False,False,False,False,False
dtd,12,flecked,dtd-attribute:flecked,strict,VERIFIED_ATTRIBUTE,True,True,EXACT_IDENTITY,CONNECTED,6,True,True,True,False,False,False,False,False,False
dtd,13,freckled,dtd-attribute:freckled,strict,VERIFIED_ATTRIBUTE,True,True,EXACT_IDENTITY,CONNECTED,6,True,True,True,False,False,False,False,False,False
dtd,14,frilly,dtd-attribute:frilly,strict,VERIFIED_ATTRIBUTE,True,True,EXACT_IDENTITY,CONNECTED,6,True,True,True,False,False,False,False,False,False
dtd,15,gauzy,dtd-attribute:gauzy,strict,VERIFIED_ATTRIBUTE,True,True,EXACT_IDENTITY,CONNECTED,6,True,True,True,False,False,False,False,False,False
dtd,16,grid,dtd-attribute:grid,strict,VERIFIED_ATTRIBUTE,True,True,EXACT_IDENTITY,CONNECTED,6,True,True,True,False,False,False,False,False,False
dtd,17,grooved,dtd-attribute:grooved,strict,VERIFIED_ATTRIBUTE,True,True,EXACT_IDENTITY,CONNECTED,6,True,True,True,False,False,False,False,False,False
dtd,18,honeycombed,dtd-attribute:honeycombed,strict,VERIFIED_ATTRIBUTE,True,True,EXACT_IDENTITY,CONNECTED,6,True,True,True,False,False,False,False,False,False
dtd,19,interlaced,dtd-attribute:interlaced,strict,VERIFIED_ATTRIBUTE,True,True,EXACT_IDENTITY,CONNECTED,6,True,True,True,False,False,False,False,False,False
dtd,20,knitted,dtd-attribute:knitted,strict,VERIFIED_ATTRIBUTE,True,True,EXACT_IDENTITY,CONNECTED,6,True,True,True,False,False,False,False,False,False
dtd,21,lacelike,dtd-attribute:lacelike,strict,VERIFIED_ATTRIBUTE,True,True,EXACT_IDENTITY,CONNECTED,6,True,True,True,False,False,False,False,False,False
dtd,22,lined,dtd-attribute:lined,strict,VERIFIED_ATTRIBUTE,True,True,EXACT_IDENTITY,CONNECTED,6,True,True,True,False,False,False,False,False,False
dtd,23,marbled,dtd-attribute:marbled,strict,VERIFIED_ATTRIBUTE,True,True,EXACT_IDENTITY,CONNECTED,6,True,True,True,False,False,False,False,False,False
dtd,24,matted,dtd-attribute:matted,strict,VERIFIED_ATTRIBUTE,True,True,EXACT_IDENTITY,CONNECTED,6,True,True,True,False,False,False,False,False,False
dtd,25,meshed,dtd-attribute:meshed,strict,VERIFIED_ATTRIBUTE,True,True,EXACT_IDENTITY,CONNECTED,6,True,True,True,False,False,False,False,False,False
dtd,26,paisley,dtd-attribute:paisley,strict,VERIFIED_ATTRIBUTE,True,True,EXACT_IDENTITY,CONNECTED,6,True,True,True,False,False,False,False,False,False
dtd,27,perforated,dtd-attribute:perforated,strict,VERIFIED_ATTRIBUTE,True,True,EXACT_IDENTITY,CONNECTED,6,True,True,True,False,False,False,False,False,False
dtd,28,pitted,dtd-attribute:pitted,strict,VERIFIED_ATTRIBUTE,True,True,EXACT_IDENTITY,CONNECTED,6,True,True,True,False,False,False,False,False,False
dtd,29,pleated,dtd-attribute:pleated,strict,VERIFIED_ATTRIBUTE,True,True,EXACT_IDENTITY,CONNECTED,6,True,True,True,False,False,False,False,False,False
dtd,30,polka-dotted,dtd-attribute:polka-dotted,strict,VERIFIED_ATTRIBUTE,True,True,EXACT_IDENTITY,CONNECTED,6,True,True,True,False,False,False,False,False,False
dtd,31,porous,dtd-attribute:porous,strict,VERIFIED_ATTRIBUTE,True,True,EXACT_IDENTITY,CONNECTED,6,True,True,True,False,False,False,False,False,False
dtd,32,potholed,dtd-attribute:potholed,strict,VERIFIED_ATTRIBUTE,True,True,EXACT_IDENTITY,CONNECTED,6,True,True,True,False,False,False,False,False,False
dtd,33,scaly,dtd-attribute:scaly,strict,VERIFIED_ATTRIBUTE,True,True,EXACT_IDENTITY,CONNECTED,6,True,True,True,False,False,False,False,False,False
dtd,34,smeared,dtd-attribute:smeared,strict,VERIFIED_ATTRIBUTE,True,True,EXACT_IDENTITY,CONNECTED,6,True,True,True,False,False,False,False,False,False
dtd,35,spiralled,dtd-attribute:spiralled,strict,VERIFIED_ATTRIBUTE,True,True,EXACT_IDENTITY,CONNECTED,6,True,True,True,False,False,False,False,False,False
dtd,36,sprinkled,dtd-attribute:sprinkled,strict,VERIFIED_ATTRIBUTE,True,True,EXACT_IDENTITY,CONNECTED,6,True,True,True,False,False,False,False,False,False
dtd,37,stained,dtd-attribute:stained,strict,VERIFIED_ATTRIBUTE,True,True,EXACT_IDENTITY,CONNECTED,6,True,True,True,False,False,False,False,False,False
dtd,38,stratified,dtd-attribute:stratified,strict,VERIFIED_ATTRIBUTE,True,True,EXACT_IDENTITY,CONNECTED,6,True,True,True,False,False,False,False,False,False
dtd,39,striped,dtd-attribute:striped,strict,VERIFIED_ATTRIBUTE,True,True,EXACT_IDENTITY,CONNECTED,6,True,True,True,False,False,False,False,False,False
dtd,40,studded,dtd-attribute:studded,strict,VERIFIED_ATTRIBUTE,True,True,EXACT_IDENTITY,CONNECTED,6,True,True,True,False,False,False,False,False,False
dtd,41,swirly,dtd-attribute:swirly,strict,VERIFIED_ATTRIBUTE,True,True,EXACT_IDENTITY,CONNECTED,6,True,True,True,False,False,False,False,False,False
dtd,42,veined,dtd-attribute:veined,strict,VERIFIED_ATTRIBUTE,True,True,EXACT_IDENTITY,CONNECTED,6,True,True,True,False,False,False,False,False,False
dtd,43,waffled,dtd-attribute:waffled,strict,VERIFIED_ATTRIBUTE,True,True,EXACT_IDENTITY,CONNECTED,6,True,True,True,False,False,False,False,False,False
dtd,44,woven,dtd-attribute:woven,strict,VERIFIED_ATTRIBUTE,True,True,EXACT_IDENTITY,CONNECTED,6,True,True,True,False,False,False,False,False,False
dtd,45,wrinkled,dtd-attribute:wrinkled,strict,VERIFIED_ATTRIBUTE,True,True,EXACT_IDENTITY,CONNECTED,6,True,True,True,False,False,False,False,False,False
dtd,46,zigzagged,dtd-attribute:zigzagged,strict,VERIFIED_ATTRIBUTE,True,True,EXACT_IDENTITY,CONNECTED,6,True,True,True,False,False,False,False,False,False
eurosat,0,AnnualCrop,eurosat-category:0,strict,NATIVE_LABEL_ONLY,False,False,NATIVE_LABEL_ONLY,NOT_ADMITTED,,True,False,False,False,False,False,False,False,False
eurosat,1,Forest,eurosat-category:1,strict,VERIFIED_DEPICTED_TYPE,False,True,SOURCE_TYPED_MAPPING,CONNECTED,5,True,False,True,False,False,False,False,False,False
eurosat,2,HerbaceousVegetation,eurosat-category:2,strict,VERIFIED_DEPICTED_TYPE,False,True,SOURCE_TYPED_MAPPING,CONNECTED,6,True,False,True,False,False,False,False,False,False
eurosat,3,Highway,eurosat-category:3,strict,VERIFIED_DEPICTED_TYPE,False,True,SOURCE_TYPED_MAPPING,CONNECTED,8,True,False,True,False,False,False,False,False,False
eurosat,4,Industrial,eurosat-category:4,strict,VERIFIED_DEPICTED_TYPE,False,True,SOURCE_TYPED_MAPPING,CONNECTED,8,True,False,True,False,False,False,False,False,False
eurosat,5,Pasture,eurosat-category:5,strict,NATIVE_LABEL_ONLY,False,False,NATIVE_LABEL_ONLY,NOT_ADMITTED,,True,False,False,False,False,False,False,False,False
eurosat,6,PermanentCrop,eurosat-category:6,strict,NATIVE_LABEL_ONLY,False,False,NATIVE_LABEL_ONLY,NOT_ADMITTED,,True,False,False,False,False,False,False,False,False
eurosat,7,Residential,eurosat-category:7,strict,VERIFIED_DEPICTED_TYPE,False,True,SOURCE_TYPED_MAPPING,CONNECTED,7,True,False,True,False,False,False,False,False,False
eurosat,8,River,eurosat-category:8,strict,VERIFIED_DEPICTED_TYPE,False,True,SOURCE_TYPED_MAPPING,CONNECTED,6,True,False,True,False,False,False,False,False,False
eurosat,9,SeaLake,eurosat-category:9,strict,NATIVE_LABEL_ONLY,False,False,NATIVE_LABEL_ONLY,NOT_ADMITTED,,True,False,False,False,False,False,False,False,False
fgvc_aircraft,1,707-320,wikidata-v4:Q18379942,strict,VERIFIED,True,True,EXACT_IDENTITY,CONNECTED,12,True,True,True,True,False,False,False,False,False
fgvc_aircraft,2,727-200,faa-aircraft:138407E,strict,VERIFIED,True,True,EXACT_IDENTITY,CONNECTED,10,True,True,True,True,False,True,True,False,False
fgvc_aircraft,3,737-200,faa-aircraft:1384451,strict,VERIFIED,True,True,EXACT_IDENTITY,CONNECTED,10,True,True,True,True,False,True,True,False,False
fgvc_aircraft,4,737-300,faa-aircraft:138447P,strict,VERIFIED,True,True,EXACT_IDENTITY,CONNECTED,10,True,True,True,True,False,True,True,False,False
fgvc_aircraft,5,737-400,faa-aircraft:138449A,strict,VERIFIED,True,True,EXACT_IDENTITY,CONNECTED,10,True,True,True,True,False,True,True,False,False
fgvc_aircraft,6,737-500,faa-aircraft:138449E,strict,VERIFIED,True,True,EXACT_IDENTITY,CONNECTED,10,True,True,True,True,False,True,True,False,False
fgvc_aircraft,7,737-600,faa-aircraft:1384411,strict,VERIFIED,True,True,EXACT_IDENTITY,CONNECTED,10,True,True,True,True,False,True,True,False,False
fgvc_aircraft,8,737-700,faa-aircraft:1384413,strict,VERIFIED,True,True,EXACT_IDENTITY,CONNECTED,10,True,True,True,True,False,True,True,False,False
fgvc_aircraft,9,737-800,faa-aircraft:1384414,strict,VERIFIED,True,True,EXACT_IDENTITY,CONNECTED,10,True,True,True,True,False,True,True,False,False
fgvc_aircraft,10,737-900,wikidata-v4:Q15623378,strict,VERIFIED,True,True,EXACT_IDENTITY,CONNECTED,13,True,True,True,True,False,False,False,False,False
fgvc_aircraft,11,747-100,faa-aircraft:1384825,strict,VERIFIED,True,True,EXACT_IDENTITY,CONNECTED,10,True,True,True,True,False,True,True,False,False
fgvc_aircraft,12,747-200,faa-aircraft:1384847,strict,VERIFIED,True,True,EXACT_IDENTITY,CONNECTED,10,True,True,True,True,False,True,True,False,False
fgvc_aircraft,13,747-300,wikidata-v4:Q9384415,strict,VERIFIED,True,True,EXACT_IDENTITY,CONNECTED,11,True,True,True,True,False,False,False,False,False
fgvc_aircraft,14,747-400,faa-aircraft:13848AT,strict,VERIFIED,True,True,EXACT_IDENTITY,CONNECTED,10,True,True,True,True,False,True,True,False,False
fgvc_aircraft,15,757-200,wikidata-v4:Q90133051,strict,VERIFIED,True,True,EXACT_IDENTITY,CONNECTED,17,True,True,True,True,False,False,False,False,False
fgvc_aircraft,16,757-300,faa-aircraft:1384924,strict,VERIFIED,True,True,EXACT_IDENTITY,CONNECTED,10,True,True,True,True,False,True,True,False,False
fgvc_aircraft,17,767-200,wikidata-v4:Q15623987,strict,VERIFIED,True,True,EXACT_IDENTITY,CONNECTED,10,True,True,True,True,False,False,False,False,False
fgvc_aircraft,18,767-300,faa-aircraft:1385204,strict,VERIFIED,True,True,EXACT_IDENTITY,CONNECTED,10,True,True,True,True,False,True,True,False,False
fgvc_aircraft,19,767-400,wikidata-v4:Q15624006,strict,VERIFIED,True,True,EXACT_IDENTITY,CONNECTED,11,True,True,True,True,False,False,False,False,False
fgvc_aircraft,20,777-200,faa-aircraft:1385218,strict,VERIFIED,True,True,EXACT_IDENTITY,CONNECTED,10,True,True,True,True,False,True,True,False,False
fgvc_aircraft,21,777-300,faa-aircraft:138525A,strict,VERIFIED,True,True,EXACT_IDENTITY,CONNECTED,10,True,True,True,True,False,True,True,False,False
fgvc_aircraft,22,A300B4,wikidata-v4:Q15634338,strict,VERIFIED,True,True,EXACT_IDENTITY,CONNECTED,16,True,True,True,True,False,False,False,False,False
fgvc_aircraft,23,A310,faa-aircraft:3930338,strict,VERIFIED,True,True,EXACT_IDENTITY,CONNECTED,10,True,True,True,True,False,True,True,False,False
fgvc_aircraft,24,A318,faa-aircraft:3940022,strict,VERIFIED,True,True,EXACT_IDENTITY,CONNECTED,10,True,True,True,True,False,True,True,False,False
fgvc_aircraft,25,A319,faa-aircraft:3930307,strict,VERIFIED,True,True,EXACT_IDENTITY,CONNECTED,10,True,True,True,True,False,True,True,False,False
fgvc_aircraft,26,A320,wikidata:Q18784360,strict,VERIFIED,True,True,EXACT_IDENTITY,CONNECTED,16,True,True,True,True,False,False,False,False,False
fgvc_aircraft,27,A321,wikidata-v4:Q3278675,strict,VERIFIED,True,True,EXACT_IDENTITY,CONNECTED,15,True,True,True,True,False,False,False,False,False
fgvc_aircraft,28,A330-200,wikidata-v4:Q68189256,strict,VERIFIED,True,True,EXACT_IDENTITY,CONNECTED,14,True,True,True,True,False,False,False,False,False
fgvc_aircraft,29,A330-300,faa-aircraft:3940099,strict,VERIFIED,True,True,EXACT_IDENTITY,CONNECTED,10,True,True,True,True,False,True,True,False,False
fgvc_aircraft,30,A340-200,wikidata-v4:Q14849020,strict,VERIFIED,True,True,EXACT_IDENTITY,CONNECTED,13,True,True,True,False,False,True,True,False,False
fgvc_aircraft,31,A340-300,faa-aircraft:3930379,strict,VERIFIED,True,True,EXACT_IDENTITY,CONNECTED,10,True,True,True,True,False,True,True,False,False
fgvc_aircraft,32,A340-500,wikidata-v4:Q3274060,strict,VERIFIED,True,True,EXACT_IDENTITY,CONNECTED,13,True,True,True,False,False,True,True,False,False
fgvc_aircraft,33,A340-600,faa-aircraft:3940137,strict,VERIFIED,True,True,EXACT_IDENTITY,CONNECTED,10,True,True,True,True,False,True,True,False,False
fgvc_aircraft,34,A380,wikidata-v4:Q5830,strict,VERIFIED,True,True,EXACT_IDENTITY,CONNECTED,13,True,True,True,True,False,False,True,False,False
fgvc_aircraft,35,ATR-42,wikidata-v4:Q218637,strict,VERIFIED,True,True,EXACT_IDENTITY,CONNECTED,14,True,True,True,True,False,False,False,False,False
fgvc_aircraft,36,ATR-72,wikidata-v4:Q219764,strict,VERIFIED,True,True,EXACT_IDENTITY,CONNECTED,14,True,True,True,True,False,False,False,False,False
fgvc_aircraft,37,An-12,wikidata-v4:Q271559,strict,VERIFIED,True,True,EXACT_IDENTITY,CONNECTED,12,True,True,True,True,False,False,True,False,False
fgvc_aircraft,38,BAE 146-200,wikidata-v4:Q14905849,strict,VERIFIED,True,True,EXACT_IDENTITY,CONNECTED,16,True,True,True,True,False,False,False,False,False
fgvc_aircraft,39,BAE 146-300,faa-aircraft:7650449,strict,VERIFIED,True,True,EXACT_IDENTITY,CONNECTED,10,True,True,True,True,False,True,True,False,False
fgvc_aircraft,40,BAE-125,wikidata-v4:Q1591686,strict,VERIFIED,True,True,EXACT_IDENTITY,CONNECTED,11,True,True,True,True,False,False,False,False,False
fgvc_aircraft,41,Beechcraft 1900,faa-aircraft:1154160,strict,VERIFIED,True,True,EXACT_IDENTITY,CONNECTED,10,True,True,True,True,False,True,True,False,False
fgvc_aircraft,42,Boeing 717,wikidata-v4:Q6401,strict,VERIFIED,True,True,EXACT_IDENTITY,CONNECTED,10,True,True,True,True,False,False,False,False,False
fgvc_aircraft,43,C-130,wikidata-v4:Q182027,strict,VERIFIED,True,True,EXACT_IDENTITY,CONNECTED,12,True,True,True,True,False,False,False,False,False
fgvc_aircraft,44,C-47,wikidata-v4:Q714326,strict,VERIFIED,True,True,EXACT_IDENTITY,CONNECTED,10,True,True,True,True,False,False,False,False,False
fgvc_aircraft,45,CRJ-200,wikidata-v4:Q891786,strict,VERIFIED,True,True,EXACT_IDENTITY,CONNECTED,16,True,True,True,True,False,False,False,False,False
fgvc_aircraft,46,CRJ-700,wikidata-v4:Q137829174,strict,VERIFIED,True,True,EXACT_IDENTITY,CONNECTED,16,True,True,True,True,False,False,False,False,False
fgvc_aircraft,47,CRJ-900,wikidata-v4:Q4572676,strict,VERIFIED,True,True,EXACT_IDENTITY,CONNECTED,16,True,True,True,True,False,False,False,False,False
fgvc_aircraft,48,Cessna 172,faa-aircraft:2072402,strict,VERIFIED,True,True,EXACT_IDENTITY,CONNECTED,10,True,True,True,True,False,True,True,False,False
fgvc_aircraft,49,Cessna 208,faa-aircraft:2073702,strict,VERIFIED,True,True,EXACT_IDENTITY,CONNECTED,10,True,True,True,True,False,True,True,False,False
fgvc_aircraft,50,Cessna 525,faa-aircraft:2076601,strict,VERIFIED,True,True,EXACT_IDENTITY,CONNECTED,10,True,True,True,True,False,True,True,False,False
fgvc_aircraft,51,Cessna 560,faa-aircraft:2076750,strict,VERIFIED,True,True,EXACT_IDENTITY,CONNECTED,10,True,True,True,True,False,True,True,False,False
fgvc_aircraft,52,Challenger 600,wikidata-v4:Q699843,strict,VERIFIED,True,True,EXACT_IDENTITY,CONNECTED,11,True,True,True,True,False,False,False,False,False
fgvc_aircraft,53,DC-10,wikidata-v4:Q208075,strict,VERIFIED,True,True,EXACT_IDENTITY,CONNECTED,15,True,True,True,True,False,False,False,False,False
fgvc_aircraft,54,DC-3,wikidata-v4:Q190211,strict,VERIFIED,True,True,EXACT_IDENTITY,CONNECTED,13,True,True,True,False,False,False,True,False,False
fgvc_aircraft,55,DC-6,faa-aircraft:3021702,strict,VERIFIED,True,True,EXACT_IDENTITY,CONNECTED,10,True,True,True,True,False,True,True,False,False
fgvc_aircraft,56,DC-8,faa-aircraft:3021901,strict,VERIFIED,True,True,EXACT_IDENTITY,CONNECTED,10,True,True,True,True,False,True,True,False,False
fgvc_aircraft,57,DC-9-30,faa-aircraft:3022060,strict,VERIFIED,True,True,EXACT_IDENTITY,CONNECTED,10,True,True,True,True,False,True,True,False,False
fgvc_aircraft,58,DH-82,wikidata-v4:Q654062,strict,VERIFIED,True,True,EXACT_IDENTITY,CONNECTED,11,True,True,True,True,False,False,True,False,False
fgvc_aircraft,59,DHC-1,wikidata-v4:Q900857,strict,VERIFIED,True,True,EXACT_IDENTITY,CONNECTED,13,True,True,True,True,False,False,True,False,False
fgvc_aircraft,60,DHC-6,wikidata-v4:Q683041,strict,VERIFIED,True,True,EXACT_IDENTITY,CONNECTED,11,True,True,True,True,False,False,True,False,False
fgvc_aircraft,61,DHC-8-100,wikidata-v4:Q15624289,strict,VERIFIED,True,True,EXACT_IDENTITY,CONNECTED,13,True,True,True,False,False,False,True,False,False
fgvc_aircraft,62,DHC-8-300,wikidata-v4:Q15624359,strict,VERIFIED,True,True,EXACT_IDENTITY,CONNECTED,13,True,True,True,False,False,False,True,False,False
fgvc_aircraft,63,DR-400,wikidata-v4:Q1759739,strict,VERIFIED,True,True,EXACT_IDENTITY,CONNECTED,12,True,True,True,True,False,False,True,False,False
fgvc_aircraft,64,Dornier 328,wikidata-v4:Q937949,strict,VERIFIED,True,True,EXACT_IDENTITY,CONNECTED,13,True,True,True,True,False,False,False,False,False
fgvc_aircraft,65,E-170,wikidata:Q18572652,strict,VERIFIED,True,True,EXACT_IDENTITY,CONNECTED,16,True,True,True,True,False,False,False,False,False
fgvc_aircraft,66,E-190,wikidata-v4:Q2549320,strict,VERIFIED,True,True,EXACT_IDENTITY,CONNECTED,16,True,True,True,True,False,False,False,False,False
fgvc_aircraft,67,E-195,v26-wikidata:Q377173,strict,VERIFIED,True,True,EXACT_IDENTITY,CONNECTED,13,True,True,True,False,False,True,True,False,False
fgvc_aircraft,68,EMB-120,wikidata-v4:Q1163407,strict,VERIFIED,True,True,EXACT_IDENTITY,CONNECTED,13,True,True,True,True,False,False,False,False,False
fgvc_aircraft,69,ERJ 135,wikidata-v4:Q1638968,strict,VERIFIED,True,True,EXACT_IDENTITY,CONNECTED,17,True,True,True,True,False,False,False,False,False
fgvc_aircraft,70,ERJ 145,wikidata:Q913114,strict,VERIFIED,True,True,EXACT_IDENTITY,CONNECTED,11,True,True,True,True,False,False,False,False,False
fgvc_aircraft,71,Embraer Legacy 600,wikidata-v4:Q1335176,strict,VERIFIED,True,True,EXACT_IDENTITY,CONNECTED,12,True,True,True,True,False,False,False,False,False
fgvc_aircraft,72,Eurofighter Typhoon,wikidata-v4:Q151384,strict,VERIFIED,True,True,EXACT_IDENTITY,CONNECTED,11,True,True,True,True,False,False,True,False,False
fgvc_aircraft,73,F-16A/B,wikidata-v4:Q17372377,strict,VERIFIED,True,True,EXACT_IDENTITY,CONNECTED,14,True,True,True,True,False,False,False,False,False
fgvc_aircraft,74,F/A-18,wikidata-v4:Q46397,strict,VERIFIED,True,True,EXACT_IDENTITY,CONNECTED,13,True,True,True,True,False,False,False,False,False
fgvc_aircraft,75,Falcon 2000,wikidata-v4:Q26790,strict,VERIFIED,True,True,EXACT_IDENTITY,CONNECTED,13,True,True,True,True,False,False,False,False,False
fgvc_aircraft,76,Falcon 900,wikidata-v4:Q1141409,strict,VERIFIED,True,True,EXACT_IDENTITY,CONNECTED,13,True,True,True,True,False,False,False,False,False
fgvc_aircraft,77,Fokker 100,wikidata-v4:Q257298,strict,VERIFIED,True,True,EXACT_IDENTITY,CONNECTED,14,True,True,True,True,False,False,False,False,False
fgvc_aircraft,78,Fokker 50,v26-wikidata:Q751141,strict,VERIFIED,True,True,EXACT_IDENTITY,CONNECTED,13,True,True,True,False,False,True,True,False,False
fgvc_aircraft,79,Fokker 70,wikidata-v4:Q723397,strict,VERIFIED,True,True,EXACT_IDENTITY,CONNECTED,16,True,True,True,True,False,False,False,False,False
fgvc_aircraft,80,Global Express,wikidata-v4:Q373171,strict,VERIFIED,True,True,EXACT_IDENTITY,CONNECTED,13,True,True,True,True,False,False,False,False,False
fgvc_aircraft,81,Gulfstream IV,wikidata-v4:Q861792,strict,VERIFIED,True,True,EXACT_IDENTITY,CONNECTED,13,True,True,True,True,False,False,False,False,False
fgvc_aircraft,82,Gulfstream V,wikidata-v4:Q386403,strict,VERIFIED,True,True,EXACT_IDENTITY,CONNECTED,14,True,True,True,True,False,False,False,False,False
fgvc_aircraft,83,Hawk T1,wikidata-v4:Q17487799,strict,VERIFIED,True,True,EXACT_IDENTITY,CONNECTED,12,True,True,True,True,False,False,False,False,False
fgvc_aircraft,84,Il-76,wikidata-v4:Q142549,strict,VERIFIED,True,True,EXACT_IDENTITY,CONNECTED,13,True,True,True,True,False,False,True,False,False
fgvc_aircraft,85,L-1011,wikidata-v4:Q852,strict,VERIFIED,True,True,EXACT_IDENTITY,CONNECTED,11,True,True,True,True,False,False,True,False,False
fgvc_aircraft,86,MD-11,faa-aircraft:3023602,strict,VERIFIED,True,True,EXACT_IDENTITY,CONNECTED,10,True,True,True,True,False,True,True,False,False
fgvc_aircraft,87,MD-80,faa-aircraft:3023680,strict,VERIFIED,True,True,EXACT_IDENTITY,CONNECTED,10,True,True,True,True,False,True,True,False,False
fgvc_aircraft,88,MD-87,wikidata-v4:Q15635741,strict,VERIFIED,True,True,EXACT_IDENTITY,CONNECTED,11,True,True,True,True,False,False,False,False,False
fgvc_aircraft,89,MD-90,faa-aircraft:302369B,strict,VERIFIED,True,True,EXACT_IDENTITY,CONNECTED,10,True,True,True,True,False,True,True,False,False
fgvc_aircraft,90,Metroliner,wikidata-v4:Q5430063,strict,VERIFIED,True,True,EXACT_IDENTITY,CONNECTED,15,True,True,True,True,False,False,False,False,False
fgvc_aircraft,91,Model B200,wikidata-v4:Q15618498,strict,VERIFIED,True,True,EXACT_IDENTITY,CONNECTED,12,True,True,True,True,False,False,False,False,False
fgvc_aircraft,92,PA-28,faa-aircraft:7102801,strict,VERIFIED,True,True,EXACT_IDENTITY,CONNECTED,10,True,True,True,True,False,True,True,False,False
fgvc_aircraft,93,SR-20,wikidata-v4:Q1093144,strict,VERIFIED,True,True,EXACT_IDENTITY,CONNECTED,13,True,True,True,True,False,False,False,False,False
fgvc_aircraft,94,Saab 2000,faa-aircraft:7860202,strict,VERIFIED,True,True,EXACT_IDENTITY,CONNECTED,10,True,True,True,True,False,True,True,False,False
fgvc_aircraft,95,Saab 340,wikidata-v4:Q277491,strict,VERIFIED,True,True,EXACT_IDENTITY,CONNECTED,14,True,True,True,True,False,False,False,False,False
fgvc_aircraft,96,Spitfire,wikidata-v4:Q29190,strict,VERIFIED,True,True,EXACT_IDENTITY,CONNECTED,15,True,True,True,True,False,False,False,False,False
fgvc_aircraft,97,Tornado,wikidata-v4:Q152200,strict,VERIFIED,True,True,EXACT_IDENTITY,CONNECTED,12,True,True,True,True,False,False,False,False,False
fgvc_aircraft,98,Tu-134,wikidata-v4:Q159067,strict,VERIFIED,True,True,EXACT_IDENTITY,CONNECTED,16,True,True,True,True,False,False,False,False,False
fgvc_aircraft,99,Tu-154,wikidata-v4:Q172957,strict,VERIFIED,True,True,EXACT_IDENTITY,CONNECTED,13,True,True,True,True,False,False,False,False,False
fgvc_aircraft,100,Yak-42,wikidata-v4:Q505649,strict,VERIFIED,True,True,EXACT_IDENTITY,CONNECTED,11,True,True,True,True,False,False,True,False,False
flowers102,1,pink primrose,wfo:wfo-0000389747,strict,VERIFIED,True,True,EXACT_IDENTITY,CONNECTED,13,True,True,True,True,True,False,False,False,False
flowers102,2,hard-leaved pocket orchid,wfo:wfo-0000264118,strict,VERIFIED,True,True,EXACT_IDENTITY,CONNECTED,14,True,True,True,True,True,False,False,False,False
flowers102,3,canterbury bells,wordnet31:12058160-n,strict,VERIFIED,True,True,EXACT_IDENTITY,CONNECTED,10,True,True,True,True,False,False,False,False,False
flowers102,4,sweet pea,wikidata:Q163944,strict,VERIFIED,True,True,EXACT_IDENTITY,UNREACHABLE,,True,True,False,False,False,False,False,False,False
flowers102,5,english marigold,ott:768229,strict,VERIFIED,True,True,EXACT_IDENTITY,CONNECTED,26,True,True,True,True,True,False,False,False,False
flowers102,6,tiger lily,wfo:wfo-0000677845,strict,VERIFIED,True,True,EXACT_IDENTITY,CONNECTED,13,True,True,True,True,True,False,False,False,False
flowers102,7,moon orchid,ott:406191,strict,VERIFIED,True,True,EXACT_IDENTITY,CONNECTED,24,True,True,True,True,True,False,False,False,False
flowers102,8,bird of paradise,wfo:wfo-0000562066,strict,VERIFIED,True,True,EXACT_IDENTITY,CONNECTED,13,True,True,True,True,True,False,False,False,False
flowers102,9,monkshood,wfo:wfo-0000517258,strict,VERIFIED,True,True,EXACT_IDENTITY,CONNECTED,13,True,True,True,True,True,False,False,False,False
flowers102,10,globe thistle,wfo:wfo-0000016873,strict,VERIFIED,True,True,EXACT_IDENTITY,CONNECTED,16,True,True,True,True,True,False,False,False,False
flowers102,11,snapdragon,wfo:wfo-0000539365,strict,VERIFIED,True,True,EXACT_IDENTITY,CONNECTED,13,True,True,True,True,True,False,False,False,False
flowers102,12,colt's foot,wfo:wfo-0000117140,strict,VERIFIED,True,True,EXACT_IDENTITY,CONNECTED,15,True,True,True,True,True,False,False,False,False
flowers102,13,king protea,wordnet31:12235539-n,strict,VERIFIED,True,True,EXACT_IDENTITY,CONNECTED,11,True,True,True,True,False,False,False,False,False
flowers102,14,spear thistle,wordnet31:11975622-n,strict,VERIFIED,True,True,EXACT_IDENTITY,CONNECTED,11,True,True,True,True,False,False,False,False,False
flowers102,15,yellow iris,wordnet31:12435107-n,strict,VERIFIED,True,True,EXACT_IDENTITY,CONNECTED,11,True,True,True,True,False,False,False,False,False
flowers102,16,globe-flower,wfo:wfo-0000455242,strict,VERIFIED,True,True,EXACT_IDENTITY,CONNECTED,13,True,True,True,True,True,False,False,False,False
flowers102,17,purple coneflower,wfo:wfo-0000036347,strict,VERIFIED,True,True,EXACT_IDENTITY,CONNECTED,16,True,True,True,True,True,False,False,False,False
flowers102,18,peruvian lily,flowers102-category:18,strict,VERIFIED_CATEGORY_MAPPING,False,True,SOURCE_TYPED_MAPPING,CONNECTED,13,True,False,True,False,False,False,False,False,False
flowers102,19,balloon flower,ott:141088,strict,VERIFIED,True,True,EXACT_IDENTITY,CONNECTED,24,True,True,True,True,True,False,False,False,False
flowers102,20,giant white arum lily,wfo:wfo-0000335148,strict,VERIFIED,True,True,EXACT_IDENTITY,CONNECTED,13,True,True,True,True,True,False,False,False,False
flowers102,21,fire lily,wfo:wfo-0000769245,strict,VERIFIED,True,True,EXACT_IDENTITY,CONNECTED,13,True,True,True,True,True,False,False,False,False
flowers102,22,pincushion flower,wfo:wfo-0000359392,strict,VERIFIED,True,True,EXACT_IDENTITY,CONNECTED,13,True,True,True,True,True,False,False,False,False
flowers102,23,fritillary,wfo:wfo-0000767933,strict,VERIFIED,True,True,EXACT_IDENTITY,CONNECTED,13,True,True,True,True,True,False,False,False,False
flowers102,24,red ginger,wordnet31:12377860-n,strict,VERIFIED,True,True,EXACT_IDENTITY,CONNECTED,10,True,True,True,True,False,False,False,False,False
flowers102,25,grape hyacinth,wfo:wfo-4000025015,strict,VERIFIED,True,True,EXACT_IDENTITY,CONNECTED,14,True,True,True,True,False,False,False,False,False
flowers102,26,corn poppy,wordnet31:11922669-n,strict,VERIFIED,True,True,EXACT_IDENTITY,CONNECTED,12,True,True,True,True,False,False,False,False,False
flowers102,27,prince of wales feathers,wordnet31:12975113-n,strict,VERIFIED,True,True,EXACT_IDENTITY,CONNECTED,10,True,True,True,True,False,False,False,False,False
flowers102,28,stemless gentian,wfo:wfo-0000696760,strict,VERIFIED,True,True,EXACT_IDENTITY,CONNECTED,13,True,True,True,True,True,False,False,False,False
flowers102,29,artichoke,wfo:wfo-0000013358,strict,VERIFIED,True,True,EXACT_IDENTITY,CONNECTED,16,True,True,True,True,True,False,False,False,False
flowers102,30,sweet william,wfo:wfo-0000643133,strict,VERIFIED,True,True,EXACT_IDENTITY,CONNECTED,14,True,True,True,True,True,False,False,False,False
flowers102,31,carnation,wfo:wfo-0000643278,strict,VERIFIED,True,True,EXACT_IDENTITY,CONNECTED,14,True,True,True,True,True,False,False,False,False
flowers102,32,garden phlox,wfo:wfo-0001099776,strict,VERIFIED,True,True,EXACT_IDENTITY,CONNECTED,13,True,True,True,True,True,False,False,False,False
flowers102,33,love in the mist,wfo:wfo-0000380636,strict,VERIFIED,True,True,EXACT_IDENTITY,CONNECTED,13,True,True,True,True,True,False,False,False,False
flowers102,34,mexican aster,ott:608104,strict,VERIFIED,True,True,EXACT_IDENTITY,CONNECTED,27,True,True,True,True,True,False,False,False,False
flowers102,35,alpine sea holly,wfo:wfo-0000677699,strict,VERIFIED,True,True,EXACT_IDENTITY,CONNECTED,13,True,True,True,True,True,False,False,False,False
flowers102,36,ruby-lipped cattleya,ott:270814,strict,VERIFIED,True,True,EXACT_IDENTITY,CONNECTED,24,True,True,True,True,True,False,False,False,False
flowers102,37,cape flower,wfo:wfo-0000697973,strict,VERIFIED,True,True,EXACT_IDENTITY,CONNECTED,13,True,True,True,True,True,False,False,False,False
flowers102,38,great masterwort,ott:1012754,strict,VERIFIED,True,True,EXACT_IDENTITY,CONNECTED,27,True,True,True,True,True,False,False,False,False
flowers102,39,siam tulip,ott:253150,strict,VERIFIED,True,True,EXACT_IDENTITY,CONNECTED,22,True,True,True,True,True,False,False,False,False
flowers102,40,lenten rose,wordnet31:11755167-n,strict,VERIFIED,True,True,EXACT_IDENTITY,CONNECTED,9,True,True,True,True,False,False,False,False,False
flowers102,41,barbeton daisy,wfo:wfo-0000007595,strict,VERIFIED,True,True,EXACT_IDENTITY,CONNECTED,15,True,True,True,True,True,False,False,False,False
flowers102,42,daffodil,ott:625033,strict,VERIFIED,True,True,EXACT_IDENTITY,CONNECTED,22,True,True,True,True,True,False,False,False,False
flowers102,43,sword lily,wfo:wfo-4000015694,strict,VERIFIED,True,True,EXACT_IDENTITY,CONNECTED,12,True,True,True,True,False,False,False,False,False
flowers102,44,poinsettia,wfo:wfo-0000964275,strict,VERIFIED,True,True,EXACT_IDENTITY,CONNECTED,13,True,True,True,True,True,False,False,False,False
flowers102,45,bolero deep blue,wordnet31:12312476-n,strict,VERIFIED,True,True,EXACT_IDENTITY,CONNECTED,9,True,True,True,True,False,False,False,False,False
flowers102,46,wallflower,ott:359068,strict,VERIFIED,True,True,EXACT_IDENTITY,CONNECTED,25,True,True,True,True,True,False,False,False,False
flowers102,47,marigold,ott:602514,strict,VERIFIED,True,True,EXACT_IDENTITY,CONNECTED,27,True,True,True,True,True,False,False,False,False
flowers102,48,buttercup,wfo:wfo-4000032540,strict,VERIFIED,True,True,EXACT_IDENTITY,CONNECTED,12,True,True,True,True,False,False,False,False,False
flowers102,49,oxeye daisy,wfo:wfo-0000036932,strict,VERIFIED,True,True,EXACT_IDENTITY,CONNECTED,15,True,True,True,True,True,False,False,False,False
flowers102,50,common dandelion,wikidata:Q131219,strict,VERIFIED,True,True,EXACT_IDENTITY,CONNECTED,8,True,True,True,True,True,False,False,False,False
flowers102,51,petunia,wfo:wfo-4000028997,strict,VERIFIED,True,True,EXACT_IDENTITY,CONNECTED,14,True,True,True,True,False,False,False,False,False
flowers102,52,wild pansy,wordnet31:12411198-n,strict,VERIFIED,True,True,EXACT_IDENTITY,CONNECTED,10,True,True,True,True,False,False,False,False,False
flowers102,53,primula,flowers102-category:53,strict,VERIFIED_CATEGORY_MAPPING,False,True,SOURCE_TYPED_MAPPING,CONNECTED,13,True,False,True,False,False,False,False,False,False
flowers102,54,sunflower,wikidata:Q171497,strict,VERIFIED,True,True,EXACT_IDENTITY,CONNECTED,8,True,True,True,True,True,False,False,False,False
flowers102,55,pelargonium,wfo:wfo-4000028455,strict,VERIFIED,True,True,EXACT_IDENTITY,CONNECTED,12,True,True,True,True,False,False,False,False,False
flowers102,56,bishop of llandaff,wikidata-v4:Q5208897,strict,VERIFIED,True,True,EXACT_IDENTITY,VIEW_NOT_APPLICABLE,,True,True,False,False,False,False,False,False,False
flowers102,57,gaura,wfo:wfo-0001281431,strict,VERIFIED,True,True,EXACT_IDENTITY,CONNECTED,13,True,True,True,True,True,False,False,False,False
flowers102,58,geranium,wfo:wfo-4000015557,strict,VERIFIED,True,True,EXACT_IDENTITY,CONNECTED,12,True,True,True,True,False,False,False,False,False
flowers102,59,orange dahlia,v26-ads-dahlia-color:829e5b28af38ab3379fd0b4f3fd4f2f1,strict,VERIFIED,True,True,EXACT_IDENTITY,CONNECTED,15,True,True,True,False,False,False,False,False,False
flowers102,60,pink-yellow dahlia,v26-ads-dahlia-color:7cec56ecb0a78ba81a7c44027d7ef633,strict,VERIFIED,True,True,EXACT_IDENTITY,CONNECTED,15,True,True,True,False,False,False,False,False,False
flowers102,61,cautleya spicata,wfo:wfo-0000353044,strict,VERIFIED,True,True,EXACT_IDENTITY,CONNECTED,15,True,True,True,True,True,False,False,False,False
flowers102,62,japanese anemone,ott:7591168,strict,VERIFIED,True,True,EXACT_IDENTITY,CONNECTED,21,True,True,True,True,True,False,False,False,False
flowers102,63,black-eyed susan,wfo:wfo-0000027627,strict,VERIFIED,True,True,EXACT_IDENTITY,CONNECTED,16,True,True,True,True,True,False,False,False,False
flowers102,64,silverbush,ott:235894,strict,VERIFIED,True,True,EXACT_IDENTITY,CONNECTED,25,True,True,True,True,True,False,False,False,False
flowers102,65,californian poppy,wfo:wfo-0000680430,strict,VERIFIED,True,True,EXACT_IDENTITY,CONNECTED,15,True,True,True,True,True,False,False,False,False
flowers102,66,osteospermum,wfo:wfo-4000027409,strict,VERIFIED,True,True,EXACT_IDENTITY,CONNECTED,14,True,True,True,True,False,False,False,False,False
flowers102,67,spring crocus,ott:675223,strict,VERIFIED,True,True,EXACT_IDENTITY,CONNECTED,23,True,True,True,True,True,False,False,False,False
flowers102,68,bearded iris,ott:3998436,strict,VERIFIED,True,True,EXACT_IDENTITY,CONNECTED,23,True,True,True,True,True,False,False,False,False
flowers102,69,windflower,wfo:wfo-4000002053,strict,VERIFIED,True,True,EXACT_IDENTITY,CONNECTED,12,True,True,True,True,False,False,False,False,False
flowers102,70,tree poppy,wfo:wfo-0000641099,strict,VERIFIED,True,True,EXACT_IDENTITY,CONNECTED,15,True,True,True,True,True,False,False,False,False
flowers102,71,gazania,wfo:wfo-0000087259,strict,VERIFIED,True,True,EXACT_IDENTITY,CONNECTED,16,True,True,True,True,True,False,False,False,False
flowers102,72,azalea,wfo:wfo-4000033027,strict,VERIFIED,True,True,EXACT_IDENTITY,CONNECTED,13,True,True,True,True,False,False,False,False,False
flowers102,73,water lily,wfo:wfo-4000026422,strict,VERIFIED,True,True,EXACT_IDENTITY,CONNECTED,12,True,True,True,True,False,False,False,False,False
flowers102,74,rose,wfo:wfo-4000033476,strict,VERIFIED,True,True,EXACT_IDENTITY,CONNECTED,12,True,True,True,True,False,False,False,False,False
flowers102,75,thorn apple,wfo:wfo-0001021374,strict,VERIFIED,True,True,EXACT_IDENTITY,CONNECTED,15,True,True,True,True,True,False,False,False,False
flowers102,76,morning glory,wfo:wfo-0001296676,strict,VERIFIED,True,True,EXACT_IDENTITY,CONNECTED,13,True,True,True,True,True,False,False,False,False
flowers102,77,passion flower,wfo:wfo-0000479867,strict,VERIFIED,True,True,EXACT_IDENTITY,CONNECTED,13,True,True,True,True,True,False,False,False,False
flowers102,78,lotus lotus,wfo:wfo-0000382378,strict,VERIFIED,True,True,EXACT_IDENTITY,CONNECTED,13,True,True,True,True,True,False,False,False,False
flowers102,79,toad lily,wfo:wfo-0000750540,strict,VERIFIED,True,True,EXACT_IDENTITY,CONNECTED,13,True,True,True,True,True,False,False,False,False
flowers102,80,anthurium,wfo:wfo-0000221364,strict,VERIFIED,True,True,EXACT_IDENTITY,CONNECTED,13,True,True,True,True,True,False,False,False,False
flowers102,81,frangipani,wfo:wfo-4000030426,strict,VERIFIED,True,True,EXACT_IDENTITY,CONNECTED,14,True,True,True,True,False,False,False,False,False
flowers102,82,clematis,wfo:wfo-4000008565,strict,VERIFIED,True,True,EXACT_IDENTITY,CONNECTED,12,True,True,True,True,False,False,False,False,False
flowers102,83,hibiscus,ott:3942619,strict,VERIFIED,True,True,EXACT_IDENTITY,CONNECTED,25,True,True,True,True,True,False,False,False,False
flowers102,84,columbine,wfo:wfo-0000541607,strict,VERIFIED,True,True,EXACT_IDENTITY,CONNECTED,13,True,True,True,True,True,False,False,False,False
flowers102,85,desert-rose,wfo:wfo-0000764069,strict,VERIFIED,True,True,EXACT_IDENTITY,CONNECTED,15,True,True,True,True,True,False,False,False,False
flowers102,86,tree mallow,wordnet31:12203132-n,strict,VERIFIED,True,True,EXACT_IDENTITY,CONNECTED,10,True,True,True,True,False,False,False,False,False
flowers102,87,magnolia,wordnet31:11730605-n,strict,VERIFIED,True,True,EXACT_IDENTITY,CONNECTED,12,True,True,True,True,False,False,False,False,False
flowers102,88,cyclamen,wfo:wfo-0000631834,strict,VERIFIED,True,True,EXACT_IDENTITY,CONNECTED,13,True,True,True,True,True,False,False,False,False
flowers102,89,watercress,wordnet31:11913600-n,strict,VERIFIED,True,True,EXACT_IDENTITY,CONNECTED,12,True,True,True,True,False,False,False,False,False
flowers102,90,canna lily,wfo:wfo-0000343805,strict,VERIFIED,True,True,EXACT_IDENTITY,CONNECTED,13,True,True,True,True,True,False,False,False,False
flowers102,91,hippeastrum,wfo:wfo-4000017950,strict,VERIFIED,True,True,EXACT_IDENTITY,CONNECTED,12,True,True,True,True,False,False,False,False,False
flowers102,92,bee balm,wordnet31:12875360-n,strict,VERIFIED,True,True,EXACT_IDENTITY,CONNECTED,9,True,True,True,True,False,False,False,False,False
flowers102,93,ball moss,ott:602438,strict,VERIFIED,True,True,EXACT_IDENTITY,CONNECTED,25,True,True,True,True,True,False,False,False,False
flowers102,94,foxglove,ott:75205,strict,VERIFIED,True,True,EXACT_IDENTITY,CONNECTED,26,True,True,True,True,True,False,False,False,False
flowers102,95,bougainvillea,wfo:wfo-0000569884,strict,VERIFIED,True,True,EXACT_IDENTITY,CONNECTED,13,True,True,True,True,True,False,False,False,False
flowers102,96,camellia,wfo:wfo-0001281906,strict,VERIFIED,True,True,EXACT_IDENTITY,CONNECTED,14,True,True,True,True,False,False,False,False,False
flowers102,97,mallow,wfo:wfo-4000022983,strict,VERIFIED,True,True,EXACT_IDENTITY,CONNECTED,13,True,True,True,True,False,False,False,False,False
flowers102,98,mexican petunia,ott:264125,strict,VERIFIED,True,True,EXACT_IDENTITY,CONNECTED,29,True,True,True,True,True,False,False,False,False
flowers102,99,bromelia,wfo:wfo-4000005472,strict,VERIFIED,True,True,EXACT_IDENTITY,CONNECTED,12,True,True,True,True,False,False,False,False,False
flowers102,100,blanket flower,wordnet31:11991055-n,strict,VERIFIED,True,True,EXACT_IDENTITY,CONNECTED,9,True,True,True,True,False,False,False,False,False
flowers102,101,trumpet creeper,wfo:wfo-0001214872,strict,VERIFIED,True,True,EXACT_IDENTITY,CONNECTED,13,True,True,True,True,True,False,False,False,False
flowers102,102,blackberry lily,ott:740491,strict,VERIFIED,True,True,EXACT_IDENTITY,CONNECTED,23,True,True,True,True,True,False,False,False,False
food101,0,apple_pie,food101-category:0,strict,VERIFIED_DATASET_CATEGORY,False,True,SOURCE_TYPED_MAPPING,CONNECTED,9,True,False,True,False,False,False,False,False,False
food101,1,baby_back_ribs,food101-category:1,strict,VERIFIED_DATASET_CATEGORY,False,True,SOURCE_TYPED_MAPPING,CONNECTED,5,True,False,True,False,False,False,False,False,False
food101,2,baklava,food101-category:2,strict,VERIFIED_DATASET_CATEGORY,False,True,SOURCE_TYPED_MAPPING,CONNECTED,8,True,False,True,False,False,False,False,False,False
food101,3,beef_carpaccio,food101-category:3,strict,VERIFIED_DATASET_CATEGORY,False,True,SOURCE_TYPED_MAPPING,CONNECTED,5,True,False,True,False,False,False,False,False,False
food101,4,beef_tartare,food101-category:4,strict,VERIFIED_DATASET_CATEGORY,False,True,SOURCE_TYPED_MAPPING,CONNECTED,5,True,False,True,False,False,False,False,False,False
food101,5,beet_salad,food101-category:5,strict,VERIFIED_DATASET_CATEGORY,False,True,SOURCE_TYPED_MAPPING,CONNECTED,5,True,False,True,False,False,False,False,False,False
food101,6,beignets,food101-category:6,strict,VERIFIED_DATASET_CATEGORY,False,True,SOURCE_TYPED_MAPPING,CONNECTED,5,True,False,True,False,False,False,False,False,False
food101,7,bibimbap,food101-category:7,strict,VERIFIED_DATASET_CATEGORY,False,True,SOURCE_TYPED_MAPPING,CONNECTED,5,True,False,True,False,False,False,False,False,False
food101,8,bread_pudding,food101-category:8,strict,VERIFIED_DATASET_CATEGORY,False,True,SOURCE_TYPED_MAPPING,CONNECTED,5,True,False,True,False,False,False,False,False,False
food101,9,breakfast_burrito,food101-category:9,strict,VERIFIED_DATASET_CATEGORY,False,True,SOURCE_TYPED_MAPPING,CONNECTED,5,True,False,True,False,False,False,False,False,False
food101,10,bruschetta,food101-category:10,strict,VERIFIED_DATASET_CATEGORY,False,True,SOURCE_TYPED_MAPPING,CONNECTED,5,True,False,True,False,False,False,False,False,False
food101,11,caesar_salad,food101-category:11,strict,VERIFIED_DATASET_CATEGORY,False,True,SOURCE_TYPED_MAPPING,CONNECTED,10,True,False,True,False,False,False,False,False,False
food101,12,cannoli,food101-category:12,strict,VERIFIED_DATASET_CATEGORY,False,True,SOURCE_TYPED_MAPPING,CONNECTED,5,True,False,True,False,False,False,False,False,False
food101,13,caprese_salad,food101-category:13,strict,VERIFIED_DATASET_CATEGORY,False,True,SOURCE_TYPED_MAPPING,CONNECTED,5,True,False,True,False,False,False,False,False,False
food101,14,carrot_cake,food101-category:14,strict,VERIFIED_DATASET_CATEGORY,False,True,SOURCE_TYPED_MAPPING,CONNECTED,5,True,False,True,False,False,False,False,False,False
food101,15,ceviche,food101-category:15,strict,VERIFIED_DATASET_CATEGORY,False,True,SOURCE_TYPED_MAPPING,CONNECTED,5,True,False,True,False,False,False,False,False,False
food101,16,cheesecake,food101-category:16,strict,VERIFIED_DATASET_CATEGORY,False,True,SOURCE_TYPED_MAPPING,CONNECTED,8,True,False,True,False,False,False,False,False,False
food101,17,cheese_plate,food101-category:17,strict,VERIFIED_DATASET_CATEGORY,False,True,SOURCE_TYPED_MAPPING,CONNECTED,5,True,False,True,False,False,False,False,False,False
food101,18,chicken_curry,food101-category:18,strict,VERIFIED_DATASET_CATEGORY,False,True,SOURCE_TYPED_MAPPING,CONNECTED,5,True,False,True,False,False,False,False,False,False
food101,19,chicken_quesadilla,food101-category:19,strict,VERIFIED_DATASET_CATEGORY,False,True,SOURCE_TYPED_MAPPING,CONNECTED,5,True,False,True,False,False,False,False,False,False
food101,20,chicken_wings,food101-category:20,strict,VERIFIED_DATASET_CATEGORY,False,True,SOURCE_TYPED_MAPPING,CONNECTED,5,True,False,True,False,False,False,False,False,False
food101,21,chocolate_cake,food101-category:21,strict,VERIFIED_DATASET_CATEGORY,False,True,SOURCE_TYPED_MAPPING,CONNECTED,8,True,False,True,False,False,False,False,False,False
food101,22,chocolate_mousse,food101-category:22,strict,VERIFIED_DATASET_CATEGORY,False,True,SOURCE_TYPED_MAPPING,CONNECTED,10,True,False,True,False,False,False,False,False,False
food101,23,churros,food101-category:23,strict,VERIFIED_DATASET_CATEGORY,False,True,SOURCE_TYPED_MAPPING,CONNECTED,5,True,False,True,False,False,False,False,False,False
food101,24,clam_chowder,food101-category:24,strict,VERIFIED_DATASET_CATEGORY,False,True,SOURCE_TYPED_MAPPING,CONNECTED,10,True,False,True,False,False,False,False,False,False
food101,25,club_sandwich,food101-category:25,strict,VERIFIED_DATASET_CATEGORY,False,True,SOURCE_TYPED_MAPPING,CONNECTED,10,True,False,True,False,False,False,False,False,False
food101,26,crab_cakes,food101-category:26,strict,VERIFIED_DATASET_CATEGORY,False,True,SOURCE_TYPED_MAPPING,CONNECTED,5,True,False,True,False,False,False,False,False,False
food101,27,creme_brulee,food101-category:27,strict,VERIFIED_DATASET_CATEGORY,False,True,SOURCE_TYPED_MAPPING,CONNECTED,9,True,False,True,False,False,False,False,False,False
food101,28,croque_madame,food101-category:28,strict,VERIFIED_DATASET_CATEGORY,False,True,SOURCE_TYPED_MAPPING,CONNECTED,5,True,False,True,False,False,False,False,False,False
food101,29,cup_cakes,food101-category:29,strict,VERIFIED_DATASET_CATEGORY,False,True,SOURCE_TYPED_MAPPING,CONNECTED,5,True,False,True,False,False,False,False,False,False
food101,30,deviled_eggs,food101-category:30,strict,VERIFIED_DATASET_CATEGORY,False,True,SOURCE_TYPED_MAPPING,CONNECTED,5,True,False,True,False,False,False,False,False,False
food101,31,donuts,food101-category:31,strict,VERIFIED_DATASET_CATEGORY,False,True,SOURCE_TYPED_MAPPING,CONNECTED,5,True,False,True,False,False,False,False,False,False
food101,32,dumplings,food101-category:32,strict,VERIFIED_DATASET_CATEGORY,False,True,SOURCE_TYPED_MAPPING,CONNECTED,7,True,False,True,False,False,False,False,False,False
food101,33,edamame,food101-category:33,strict,VERIFIED_DATASET_CATEGORY,False,True,SOURCE_TYPED_MAPPING,CONNECTED,5,True,False,True,False,False,False,False,False,False
food101,34,eggs_benedict,food101-category:34,strict,VERIFIED_DATASET_CATEGORY,False,True,SOURCE_TYPED_MAPPING,CONNECTED,8,True,False,True,False,False,False,False,False,False
food101,35,escargots,food101-category:35,strict,VERIFIED_DATASET_CATEGORY,False,True,SOURCE_TYPED_MAPPING,CONNECTED,5,True,False,True,False,False,False,False,False,False
food101,36,falafel,food101-category:36,strict,VERIFIED_DATASET_CATEGORY,False,True,SOURCE_TYPED_MAPPING,CONNECTED,8,True,False,True,False,False,False,False,False,False
food101,37,filet_mignon,food101-category:37,strict,VERIFIED_DATASET_CATEGORY,False,True,SOURCE_TYPED_MAPPING,CONNECTED,11,True,False,True,False,False,False,False,False,False
food101,38,fish_and_chips,food101-category:38,strict,VERIFIED_DATASET_CATEGORY,False,True,SOURCE_TYPED_MAPPING,CONNECTED,8,True,False,True,False,False,False,False,False,False
food101,39,foie_gras,food101-category:39,strict,VERIFIED_DATASET_CATEGORY,False,True,SOURCE_TYPED_MAPPING,CONNECTED,12,True,False,True,False,False,False,False,False,False
food101,40,french_fries,food101-category:40,strict,VERIFIED_DATASET_CATEGORY,False,True,SOURCE_TYPED_MAPPING,CONNECTED,9,True,False,True,False,False,False,False,False,False
food101,41,french_onion_soup,food101-category:41,strict,VERIFIED_DATASET_CATEGORY,False,True,SOURCE_TYPED_MAPPING,CONNECTED,5,True,False,True,False,False,False,False,False,False
food101,42,french_toast,food101-category:42,strict,VERIFIED_DATASET_CATEGORY,False,True,SOURCE_TYPED_MAPPING,CONNECTED,8,True,False,True,False,False,False,False,False,False
food101,43,fried_calamari,food101-category:43,strict,VERIFIED_DATASET_CATEGORY,False,True,SOURCE_TYPED_MAPPING,CONNECTED,5,True,False,True,False,False,False,False,False,False
food101,44,fried_rice,food101-category:44,strict,VERIFIED_DATASET_CATEGORY,False,True,SOURCE_TYPED_MAPPING,CONNECTED,8,True,False,True,False,False,False,False,False,False
food101,45,frozen_yogurt,food101-category:45,strict,VERIFIED_DATASET_CATEGORY,False,True,SOURCE_TYPED_MAPPING,CONNECTED,7,True,False,True,False,False,False,False,False,False
food101,46,garlic_bread,food101-category:46,strict,VERIFIED_DATASET_CATEGORY,False,True,SOURCE_TYPED_MAPPING,CONNECTED,8,True,False,True,False,False,False,False,False,False
food101,47,gnocchi,food101-category:47,strict,VERIFIED_DATASET_CATEGORY,False,True,SOURCE_TYPED_MAPPING,CONNECTED,8,True,False,True,False,False,False,False,False,False
food101,48,greek_salad,food101-category:48,strict,VERIFIED_DATASET_CATEGORY,False,True,SOURCE_TYPED_MAPPING,CONNECTED,5,True,False,True,False,False,False,False,False,False
food101,49,grilled_cheese_sandwich,food101-category:49,strict,VERIFIED_DATASET_CATEGORY,False,True,SOURCE_TYPED_MAPPING,CONNECTED,5,True,False,True,False,False,False,False,False,False
food101,50,grilled_salmon,food101-category:50,strict,VERIFIED_DATASET_CATEGORY,False,True,SOURCE_TYPED_MAPPING,CONNECTED,5,True,False,True,False,False,False,False,False,False
food101,51,guacamole,food101-category:51,strict,VERIFIED_DATASET_CATEGORY,False,True,SOURCE_TYPED_MAPPING,CONNECTED,11,True,False,True,False,False,False,False,False,False
food101,52,gyoza,food101-category:52,strict,VERIFIED_DATASET_CATEGORY,False,True,SOURCE_TYPED_MAPPING,CONNECTED,5,True,False,True,False,False,False,False,False,False
food101,53,hamburger,food101-category:53,strict,VERIFIED_DATASET_CATEGORY,False,True,SOURCE_TYPED_MAPPING,CONNECTED,5,True,False,True,False,False,False,False,False,False
food101,54,hot_and_sour_soup,food101-category:54,strict,VERIFIED_DATASET_CATEGORY,False,True,SOURCE_TYPED_MAPPING,CONNECTED,5,True,False,True,False,False,False,False,False,False
food101,55,hot_dog,food101-category:55,strict,VERIFIED_DATASET_CATEGORY,False,True,SOURCE_TYPED_MAPPING,CONNECTED,5,True,False,True,False,False,False,False,False,False
food101,56,huevos_rancheros,food101-category:56,strict,VERIFIED_DATASET_CATEGORY,False,True,SOURCE_TYPED_MAPPING,CONNECTED,5,True,False,True,False,False,False,False,False,False
food101,57,hummus,food101-category:57,strict,VERIFIED_DATASET_CATEGORY,False,True,SOURCE_TYPED_MAPPING,CONNECTED,11,True,False,True,False,False,False,False,False,False
food101,58,ice_cream,food101-category:58,strict,VERIFIED_DATASET_CATEGORY,False,True,SOURCE_TYPED_MAPPING,CONNECTED,10,True,False,True,False,False,False,False,False,False
food101,59,lasagna,food101-category:59,strict,VERIFIED_DATASET_CATEGORY,False,True,SOURCE_TYPED_MAPPING,CONNECTED,5,True,False,True,False,False,False,False,False,False
food101,60,lobster_bisque,food101-category:60,strict,VERIFIED_DATASET_CATEGORY,False,True,SOURCE_TYPED_MAPPING,CONNECTED,5,True,False,True,False,False,False,False,False,False
food101,61,lobster_roll_sandwich,food101-category:61,strict,VERIFIED_DATASET_CATEGORY,False,True,SOURCE_TYPED_MAPPING,CONNECTED,5,True,False,True,False,False,False,False,False,False
food101,62,macaroni_and_cheese,food101-category:62,strict,VERIFIED_DATASET_CATEGORY,False,True,SOURCE_TYPED_MAPPING,CONNECTED,9,True,False,True,False,False,False,False,False,False
food101,63,macarons,food101-category:63,strict,VERIFIED_DATASET_CATEGORY,False,True,SOURCE_TYPED_MAPPING,CONNECTED,5,True,False,True,False,False,False,False,False,False
food101,64,miso_soup,food101-category:64,strict,VERIFIED_DATASET_CATEGORY,False,True,SOURCE_TYPED_MAPPING,CONNECTED,5,True,False,True,False,False,False,False,False,False
food101,65,mussels,food101-category:65,strict,VERIFIED_DATASET_CATEGORY,False,True,SOURCE_TYPED_MAPPING,CONNECTED,5,True,False,True,False,False,False,False,False,False
food101,66,nachos,food101-category:66,strict,VERIFIED_DATASET_CATEGORY,False,True,SOURCE_TYPED_MAPPING,CONNECTED,5,True,False,True,False,False,False,False,False,False
food101,67,omelette,food101-category:67,strict,VERIFIED_DATASET_CATEGORY,False,True,SOURCE_TYPED_MAPPING,CONNECTED,8,True,False,True,False,False,False,False,False,False
food101,68,onion_rings,food101-category:68,strict,VERIFIED_DATASET_CATEGORY,False,True,SOURCE_TYPED_MAPPING,CONNECTED,5,True,False,True,False,False,False,False,False,False
food101,69,oysters,food101-category:69,strict,VERIFIED_DATASET_CATEGORY,False,True,SOURCE_TYPED_MAPPING,CONNECTED,5,True,False,True,False,False,False,False,False,False
food101,70,pad_thai,food101-category:70,strict,VERIFIED_DATASET_CATEGORY,False,True,SOURCE_TYPED_MAPPING,CONNECTED,5,True,False,True,False,False,False,False,False,False
food101,71,paella,food101-category:71,strict,VERIFIED_DATASET_CATEGORY,False,True,SOURCE_TYPED_MAPPING,CONNECTED,8,True,False,True,False,False,False,False,False,False
food101,72,pancakes,food101-category:72,strict,VERIFIED_DATASET_CATEGORY,False,True,SOURCE_TYPED_MAPPING,CONNECTED,5,True,False,True,False,False,False,False,False,False
food101,73,panna_cotta,food101-category:73,strict,VERIFIED_DATASET_CATEGORY,False,True,SOURCE_TYPED_MAPPING,CONNECTED,5,True,False,True,False,False,False,False,False,False
food101,74,peking_duck,food101-category:74,strict,VERIFIED_DATASET_CATEGORY,False,True,SOURCE_TYPED_MAPPING,CONNECTED,5,True,False,True,False,False,False,False,False,False
food101,75,pho,food101-category:75,strict,VERIFIED_DATASET_CATEGORY,False,True,SOURCE_TYPED_MAPPING,CONNECTED,5,True,False,True,False,False,False,False,False,False
food101,76,pizza,food101-category:76,strict,VERIFIED_DATASET_CATEGORY,False,True,SOURCE_TYPED_MAPPING,CONNECTED,8,True,False,True,False,False,False,False,False,False
food101,77,pork_chop,food101-category:77,strict,VERIFIED_DATASET_CATEGORY,False,True,SOURCE_TYPED_MAPPING,CONNECTED,5,True,False,True,False,False,False,False,False,False
food101,78,poutine,food101-category:78,strict,VERIFIED_DATASET_CATEGORY,False,True,SOURCE_TYPED_MAPPING,CONNECTED,5,True,False,True,False,False,False,False,False,False
food101,79,prime_rib,food101-category:79,strict,VERIFIED_DATASET_CATEGORY,False,True,SOURCE_TYPED_MAPPING,CONNECTED,5,True,False,True,False,False,False,False,False,False
food101,80,pulled_pork_sandwich,food101-category:80,strict,VERIFIED_DATASET_CATEGORY,False,True,SOURCE_TYPED_MAPPING,CONNECTED,5,True,False,True,False,False,False,False,False,False
food101,81,ramen,food101-category:81,strict,VERIFIED_DATASET_CATEGORY,False,True,SOURCE_TYPED_MAPPING,CONNECTED,5,True,False,True,False,False,False,False,False,False
food101,82,ravioli,food101-category:82,strict,VERIFIED_DATASET_CATEGORY,False,True,SOURCE_TYPED_MAPPING,CONNECTED,7,True,False,True,False,False,False,False,False,False
food101,83,red_velvet_cake,food101-category:83,strict,VERIFIED_DATASET_CATEGORY,False,True,SOURCE_TYPED_MAPPING,CONNECTED,5,True,False,True,False,False,False,False,False,False
food101,84,risotto,food101-category:84,strict,VERIFIED_DATASET_CATEGORY,False,True,SOURCE_TYPED_MAPPING,CONNECTED,8,True,False,True,False,False,False,False,False,False
food101,85,samosa,food101-category:85,strict,VERIFIED_DATASET_CATEGORY,False,True,SOURCE_TYPED_MAPPING,CONNECTED,9,True,False,True,False,False,False,False,False,False
food101,86,sashimi,food101-category:86,strict,VERIFIED_DATASET_CATEGORY,False,True,SOURCE_TYPED_MAPPING,CONNECTED,8,True,False,True,False,False,False,False,False,False
food101,87,scallops,food101-category:87,strict,VERIFIED_DATASET_CATEGORY,False,True,SOURCE_TYPED_MAPPING,CONNECTED,5,True,False,True,False,False,False,False,False,False
food101,88,seaweed_salad,food101-category:88,strict,VERIFIED_DATASET_CATEGORY,False,True,SOURCE_TYPED_MAPPING,CONNECTED,5,True,False,True,False,False,False,False,False,False
food101,89,shrimp_and_grits,food101-category:89,strict,VERIFIED_DATASET_CATEGORY,False,True,SOURCE_TYPED_MAPPING,CONNECTED,5,True,False,True,False,False,False,False,False,False
food101,90,spaghetti_bolognese,food101-category:90,strict,VERIFIED_DATASET_CATEGORY,False,True,SOURCE_TYPED_MAPPING,CONNECTED,5,True,False,True,False,False,False,False,False,False
food101,91,spaghetti_carbonara,food101-category:91,strict,VERIFIED_DATASET_CATEGORY,False,True,SOURCE_TYPED_MAPPING,CONNECTED,5,True,False,True,False,False,False,False,False,False
food101,92,spring_rolls,food101-category:92,strict,VERIFIED_DATASET_CATEGORY,False,True,SOURCE_TYPED_MAPPING,CONNECTED,5,True,False,True,False,False,False,False,False,False
food101,93,steak,food101-category:93,strict,VERIFIED_DATASET_CATEGORY,False,True,SOURCE_TYPED_MAPPING,CONNECTED,8,True,False,True,False,False,False,False,False,False
food101,94,strawberry_shortcake,food101-category:94,strict,VERIFIED_DATASET_CATEGORY,False,True,SOURCE_TYPED_MAPPING,CONNECTED,5,True,False,True,False,False,False,False,False,False
food101,95,sushi,food101-category:95,strict,VERIFIED_DATASET_CATEGORY,False,True,SOURCE_TYPED_MAPPING,CONNECTED,8,True,False,True,False,False,False,False,False,False
food101,96,tacos,food101-category:96,strict,VERIFIED_DATASET_CATEGORY,False,True,SOURCE_TYPED_MAPPING,CONNECTED,5,True,False,True,False,False,False,False,False,False
food101,97,takoyaki,food101-category:97,strict,VERIFIED_DATASET_CATEGORY,False,True,SOURCE_TYPED_MAPPING,CONNECTED,5,True,False,True,False,False,False,False,False,False
food101,98,tiramisu,food101-category:98,strict,VERIFIED_DATASET_CATEGORY,False,True,SOURCE_TYPED_MAPPING,CONNECTED,9,True,False,True,False,False,False,False,False,False
food101,99,tuna_tartare,food101-category:99,strict,VERIFIED_DATASET_CATEGORY,False,True,SOURCE_TYPED_MAPPING,CONNECTED,5,True,False,True,False,False,False,False,False,False
food101,100,waffles,food101-category:100,strict,VERIFIED_DATASET_CATEGORY,False,True,SOURCE_TYPED_MAPPING,CONNECTED,5,True,False,True,False,False,False,False,False,False
pets37,1,Abyssinian,wikidata-v4:Q7955,strict,VERIFIED,True,True,EXACT_IDENTITY,CONNECTED,9,True,True,True,True,False,False,False,False,False
pets37,2,american bulldog,wikidata-v4:Q37604,strict,VERIFIED,True,True,EXACT_IDENTITY,CONNECTED,9,True,True,True,True,False,False,False,False,False
pets37,3,american pit bull terrier,wikidata-v4:Q37612,strict,VERIFIED,True,True,EXACT_IDENTITY,CONNECTED,9,True,True,True,True,False,False,False,False,False
pets37,4,basset hound,wordnet31:02090890-n,strict,VERIFIED,True,True,EXACT_IDENTITY,CONNECTED,11,True,True,True,True,False,False,False,False,False
pets37,5,beagle,wikidata-v4:Q21102,strict,VERIFIED,True,True,EXACT_IDENTITY,CONNECTED,9,True,True,True,True,False,False,False,False,False
pets37,6,Bengal,wikidata:Q42583,strict,VERIFIED,True,True,EXACT_IDENTITY,CONNECTED,9,True,True,True,True,False,False,False,False,False
pets37,7,Birman,wikidata-v4:Q42563,strict,VERIFIED,True,True,EXACT_IDENTITY,CONNECTED,9,True,True,True,True,False,False,False,False,False
pets37,8,Bombay,wikidata-v4:Q42566,strict,VERIFIED,True,True,EXACT_IDENTITY,CONNECTED,14,True,True,True,True,False,False,False,False,False
pets37,9,boxer,wikidata-v4:Q38496,strict,VERIFIED,True,True,EXACT_IDENTITY,CONNECTED,9,True,True,True,True,False,False,False,False,False
pets37,10,British Shorthair,wikidata-v4:Q29273,strict,VERIFIED,True,True,EXACT_IDENTITY,CONNECTED,14,True,True,True,True,False,False,False,False,False
pets37,11,chihuahua,wikidata-v4:Q653,strict,VERIFIED,True,True,EXACT_IDENTITY,CONNECTED,9,True,True,True,True,False,False,False,False,False
pets37,12,Egyptian Mau,wikidata-v4:Q7295,strict,VERIFIED,True,True,EXACT_IDENTITY,CONNECTED,17,True,True,True,True,False,False,False,False,False
pets37,13,english cocker spaniel,wikidata-v4:Q38533,strict,VERIFIED,True,True,EXACT_IDENTITY,CONNECTED,9,True,True,True,True,False,False,False,False,False
pets37,14,english setter,wikidata-v4:Q38309,strict,VERIFIED,True,True,EXACT_IDENTITY,CONNECTED,9,True,True,True,True,False,False,False,False,False
pets37,15,german shorthaired,wikidata-v4:Q38084,strict,VERIFIED,True,True,EXACT_IDENTITY,CONNECTED,9,True,True,True,True,False,False,False,False,False
pets37,16,great pyrenees,wordnet31:02114152-n,strict,VERIFIED,True,True,EXACT_IDENTITY,CONNECTED,9,True,True,True,True,False,False,False,False,False
pets37,17,havanese,wikidata-v4:Q38449,strict,VERIFIED,True,True,EXACT_IDENTITY,CONNECTED,9,True,True,True,True,False,False,False,False,False
pets37,18,japanese chin,wikidata-v4:Q38146,strict,VERIFIED,True,True,EXACT_IDENTITY,CONNECTED,9,True,True,True,True,False,False,False,False,False
pets37,19,keeshond,wikidata-v4:Q38843,strict,VERIFIED,True,True,EXACT_IDENTITY,CONNECTED,9,True,True,True,True,False,False,False,False,False
pets37,20,leonberger,wikidata-v4:Q38487,strict,VERIFIED,True,True,EXACT_IDENTITY,CONNECTED,9,True,True,True,True,False,False,False,False,False
pets37,21,Maine Coon,wikidata-v4:Q42659,strict,VERIFIED,True,True,EXACT_IDENTITY,CONNECTED,14,True,True,True,True,False,False,False,False,False
pets37,22,miniature pinscher,wikidata-v4:Q38990,strict,VERIFIED,True,True,EXACT_IDENTITY,CONNECTED,9,True,True,True,True,False,False,False,False,False
pets37,23,newfoundland,wordnet31:02113929-n,strict,VERIFIED,True,True,EXACT_IDENTITY,CONNECTED,9,True,True,True,True,False,False,False,False,False
pets37,24,Persian,wikidata-v4:Q42610,strict,VERIFIED,True,True,EXACT_IDENTITY,CONNECTED,14,True,True,True,True,False,False,False,False,False
pets37,25,pomeranian,wordnet31:02114670-n,strict,VERIFIED,True,True,EXACT_IDENTITY,CONNECTED,10,True,True,True,True,False,False,False,False,False
pets37,26,pug,wikidata-v4:Q38698,strict,VERIFIED,True,True,EXACT_IDENTITY,CONNECTED,9,True,True,True,True,False,False,False,False,False
pets37,27,Ragdoll,wikidata-v4:Q42688,strict,VERIFIED,True,True,EXACT_IDENTITY,CONNECTED,9,True,True,True,True,False,False,False,False,False
pets37,28,Russian Blue,wikidata-v4:Q42654,strict,VERIFIED,True,True,EXACT_IDENTITY,CONNECTED,14,True,True,True,True,False,False,False,False,False
pets37,29,saint bernard,wikidata:Q38090,strict,VERIFIED,True,True,EXACT_IDENTITY,CONNECTED,9,True,True,True,True,False,False,False,False,False
pets37,30,samoyed,wikidata-v4:Q39002,strict,VERIFIED,True,True,EXACT_IDENTITY,CONNECTED,9,True,True,True,True,False,False,False,False,False
pets37,31,scottish terrier,wikidata-v4:Q39035,strict,VERIFIED,True,True,EXACT_IDENTITY,CONNECTED,9,True,True,True,True,False,False,False,False,False
pets37,32,shiba inu,wikidata-v4:Q39315,strict,VERIFIED,True,True,EXACT_IDENTITY,CONNECTED,9,True,True,True,True,False,False,False,False,False
pets37,33,Siamese,wikidata-v4:Q42604,strict,VERIFIED,True,True,EXACT_IDENTITY,CONNECTED,14,True,True,True,True,False,False,False,False,False
pets37,34,Sphynx,wikidata-v4:Q42712,strict,VERIFIED,True,True,EXACT_IDENTITY,CONNECTED,14,True,True,True,True,False,False,False,False,False
pets37,35,staffordshire bull terrier,wordnet31:02095908-n,strict,VERIFIED,True,True,EXACT_IDENTITY,CONNECTED,12,True,True,True,True,False,False,False,False,False
pets37,36,wheaten terrier,wikidata-v4:Q38047,strict,VERIFIED,True,True,EXACT_IDENTITY,CONNECTED,9,True,True,True,True,False,False,False,False,False
pets37,37,yorkshire terrier,wikidata-v4:Q39330,strict,VERIFIED,True,True,EXACT_IDENTITY,CONNECTED,9,True,True,True,True,False,False,False,False,False
places365,0,airfield,places365-category:0,strict,VERIFIED_DEPICTED_TYPE,False,True,SOURCE_TYPED_MAPPING,CONNECTED,7,True,False,True,False,False,False,False,False,False
places365,1,airplane_cabin,places365-category:1,strict,NATIVE_LABEL_ONLY,False,False,NATIVE_LABEL_ONLY,NOT_ADMITTED,,True,False,False,False,False,False,False,False,False
places365,2,airport_terminal,places365-category:2,strict,VERIFIED_DEPICTED_TYPE,False,True,SOURCE_TYPED_MAPPING,CONNECTED,9,True,False,True,False,False,False,False,False,False
places365,3,alcove,places365-category:3,strict,VERIFIED_DEPICTED_TYPE,False,True,SOURCE_TYPED_MAPPING,CONNECTED,10,True,False,True,False,False,False,False,False,False
places365,4,alley,places365-category:4,strict,NATIVE_LABEL_ONLY,False,False,NATIVE_LABEL_ONLY,NOT_ADMITTED,,True,False,False,False,False,False,False,False,False
places365,5,amphitheater,places365-category:5,strict,NATIVE_LABEL_ONLY,False,False,NATIVE_LABEL_ONLY,NOT_ADMITTED,,True,False,False,False,False,False,False,False,False
places365,6,amusement_arcade,places365-category:6,strict,VERIFIED_DEPICTED_TYPE,False,True,SOURCE_TYPED_MAPPING,CONNECTED,10,True,False,True,False,False,False,False,False,False
places365,7,amusement_park,places365-category:7,strict,VERIFIED_DEPICTED_TYPE,False,True,SOURCE_TYPED_MAPPING,CONNECTED,9,True,False,True,False,False,False,False,False,False
places365,8,apartment_building/outdoor,places365-category:8,strict,VERIFIED_DEPICTED_TYPE,False,True,SOURCE_TYPED_MAPPING,CONNECTED,8,True,False,True,False,False,False,False,False,False
places365,9,aquarium,places365-category:9,strict,VERIFIED_DEPICTED_TYPE,False,True,SOURCE_TYPED_MAPPING,CONNECTED,10,True,False,True,False,False,False,False,False,False
places365,10,aqueduct,places365-category:10,strict,VERIFIED_DEPICTED_TYPE,False,True,SOURCE_TYPED_MAPPING,CONNECTED,9,True,False,True,False,False,False,False,False,False
places365,11,arcade,places365-category:11,strict,NATIVE_LABEL_ONLY,False,False,NATIVE_LABEL_ONLY,NOT_ADMITTED,,True,False,False,False,False,False,False,False,False
places365,12,arch,places365-category:12,strict,NATIVE_LABEL_ONLY,False,False,NATIVE_LABEL_ONLY,NOT_ADMITTED,,True,False,False,False,False,False,False,False,False
places365,13,archaelogical_excavation,places365-category:13,strict,NATIVE_LABEL_ONLY,False,False,NATIVE_LABEL_ONLY,NOT_ADMITTED,,True,False,False,False,False,False,False,False,False
places365,14,archive,places365-category:14,strict,VERIFIED_DEPICTED_TYPE,False,True,SOURCE_TYPED_MAPPING,CONNECTED,8,True,False,True,False,False,False,False,False,False
places365,15,arena/hockey,places365-category:15,strict,NATIVE_LABEL_ONLY,False,False,NATIVE_LABEL_ONLY,NOT_ADMITTED,,True,False,False,False,False,False,False,False,False
places365,16,arena/performance,places365-category:16,strict,NATIVE_LABEL_ONLY,False,False,NATIVE_LABEL_ONLY,NOT_ADMITTED,,True,False,False,False,False,False,False,False,False
places365,17,arena/rodeo,places365-category:17,strict,NATIVE_LABEL_ONLY,False,False,NATIVE_LABEL_ONLY,NOT_ADMITTED,,True,False,False,False,False,False,False,False,False
places365,18,army_base,places365-category:18,strict,VERIFIED_DEPICTED_TYPE,False,True,SOURCE_TYPED_MAPPING,CONNECTED,9,True,False,True,False,False,False,False,False,False
places365,19,art_gallery,places365-category:19,strict,VERIFIED_DEPICTED_TYPE,False,True,SOURCE_TYPED_MAPPING,CONNECTED,9,True,False,True,False,False,False,False,False,False
places365,20,art_school,places365-category:20,strict,VERIFIED_DEPICTED_TYPE,False,True,SOURCE_TYPED_MAPPING,CONNECTED,10,True,False,True,False,False,False,False,False,False
places365,21,art_studio,places365-category:21,strict,NATIVE_LABEL_ONLY,False,False,NATIVE_LABEL_ONLY,NOT_ADMITTED,,True,False,False,False,False,False,False,False,False
places365,22,artists_loft,places365-category:22,strict,NATIVE_LABEL_ONLY,False,False,NATIVE_LABEL_ONLY,NOT_ADMITTED,,True,False,False,False,False,False,False,False,False
places365,23,assembly_line,places365-category:23,strict,VERIFIED_DEPICTED_TYPE,False,True,SOURCE_TYPED_MAPPING,CONNECTED,9,True,False,True,False,False,False,False,False,False
places365,24,athletic_field/outdoor,places365-category:24,strict,VERIFIED_DEPICTED_TYPE,False,True,SOURCE_TYPED_MAPPING,CONNECTED,8,True,False,True,False,False,False,False,False,False
places365,25,atrium/public,places365-category:25,strict,NATIVE_LABEL_ONLY,False,False,NATIVE_LABEL_ONLY,NOT_ADMITTED,,True,False,False,False,False,False,False,False,False
places365,26,attic,places365-category:26,strict,NATIVE_LABEL_ONLY,False,False,NATIVE_LABEL_ONLY,NOT_ADMITTED,,True,False,False,False,False,False,False,False,False
places365,27,auditorium,places365-category:27,strict,VERIFIED_DEPICTED_TYPE,False,True,SOURCE_TYPED_MAPPING,CONNECTED,8,True,False,True,False,False,False,False,False,False
places365,28,auto_factory,places365-category:28,strict,VERIFIED_DEPICTED_TYPE,False,True,SOURCE_TYPED_MAPPING,CONNECTED,10,True,False,True,False,False,False,False,False,False
places365,29,auto_showroom,places365-category:29,strict,NATIVE_LABEL_ONLY,False,False,NATIVE_LABEL_ONLY,NOT_ADMITTED,,True,False,False,False,False,False,False,False,False
places365,30,badlands,places365-category:30,strict,VERIFIED_DEPICTED_TYPE,False,True,SOURCE_TYPED_MAPPING,CONNECTED,5,True,False,True,False,False,False,False,False,False
places365,31,bakery/shop,places365-category:31,strict,VERIFIED_DEPICTED_TYPE,False,True,SOURCE_TYPED_MAPPING,CONNECTED,8,True,False,True,False,False,False,False,False,False
places365,32,balcony/exterior,places365-category:32,strict,NATIVE_LABEL_ONLY,False,False,NATIVE_LABEL_ONLY,NOT_ADMITTED,,True,False,False,False,False,False,False,False,False
places365,33,balcony/interior,places365-category:33,strict,NATIVE_LABEL_ONLY,False,False,NATIVE_LABEL_ONLY,NOT_ADMITTED,,True,False,False,False,False,False,False,False,False
places365,34,ball_pit,places365-category:34,strict,NATIVE_LABEL_ONLY,False,False,NATIVE_LABEL_ONLY,NOT_ADMITTED,,True,False,False,False,False,False,False,False,False
places365,35,ballroom,places365-category:35,strict,VERIFIED_DEPICTED_TYPE,False,True,SOURCE_TYPED_MAPPING,CONNECTED,9,True,False,True,False,False,False,False,False,False
places365,36,bamboo_forest,places365-category:36,strict,NATIVE_LABEL_ONLY,False,False,NATIVE_LABEL_ONLY,NOT_ADMITTED,,True,False,False,False,False,False,False,False,False
places365,37,bank_vault,places365-category:37,strict,VERIFIED_DEPICTED_TYPE,False,True,SOURCE_TYPED_MAPPING,CONNECTED,11,True,False,True,False,False,False,False,False,False
places365,38,banquet_hall,places365-category:38,strict,NATIVE_LABEL_ONLY,False,False,NATIVE_LABEL_ONLY,NOT_ADMITTED,,True,False,False,False,False,False,False,False,False
places365,39,bar,places365-category:39,strict,NATIVE_LABEL_ONLY,False,False,NATIVE_LABEL_ONLY,NOT_ADMITTED,,True,False,False,False,False,False,False,False,False
places365,40,barn,places365-category:40,strict,VERIFIED_DEPICTED_TYPE,False,True,SOURCE_TYPED_MAPPING,CONNECTED,9,True,False,True,False,False,False,False,False,False
places365,41,barndoor,places365-category:41,strict,VERIFIED_DEPICTED_TYPE,False,True,SOURCE_TYPED_MAPPING,CONNECTED,8,True,False,True,False,False,False,False,False,False
places365,42,baseball_field,places365-category:42,strict,VERIFIED_DEPICTED_TYPE,False,True,SOURCE_TYPED_MAPPING,CONNECTED,9,True,False,True,False,False,False,False,False,False
places365,43,basement,places365-category:43,strict,NATIVE_LABEL_ONLY,False,False,NATIVE_LABEL_ONLY,NOT_ADMITTED,,True,False,False,False,False,False,False,False,False
places365,44,basketball_court/indoor,places365-category:44,strict,VERIFIED_DEPICTED_TYPE,False,True,SOURCE_TYPED_MAPPING,CONNECTED,10,True,False,True,False,False,False,False,False,False
places365,45,bathroom,places365-category:45,strict,NATIVE_LABEL_ONLY,False,False,NATIVE_LABEL_ONLY,NOT_ADMITTED,,True,False,False,False,False,False,False,False,False
places365,46,bazaar/indoor,places365-category:46,strict,NATIVE_LABEL_ONLY,False,False,NATIVE_LABEL_ONLY,NOT_ADMITTED,,True,False,False,False,False,False,False,False,False
places365,47,bazaar/outdoor,places365-category:47,strict,NATIVE_LABEL_ONLY,False,False,NATIVE_LABEL_ONLY,NOT_ADMITTED,,True,False,False,False,False,False,False,False,False
places365,48,beach,places365-category:48,strict,VERIFIED_DEPICTED_TYPE,False,True,SOURCE_TYPED_MAPPING,CONNECTED,5,True,False,True,False,False,False,False,False,False
places365,49,beach_house,places365-category:49,strict,VERIFIED_DEPICTED_TYPE,False,True,SOURCE_TYPED_MAPPING,CONNECTED,9,True,False,True,False,False,False,False,False,False
places365,50,beauty_salon,places365-category:50,strict,VERIFIED_DEPICTED_TYPE,False,True,SOURCE_TYPED_MAPPING,CONNECTED,11,True,False,True,False,False,False,False,False,False
places365,51,bedchamber,places365-category:51,strict,VERIFIED_DEPICTED_TYPE,False,True,SOURCE_TYPED_MAPPING,CONNECTED,9,True,False,True,False,False,False,False,False,False
places365,52,bedroom,places365-category:52,strict,VERIFIED_DEPICTED_TYPE,False,True,SOURCE_TYPED_MAPPING,CONNECTED,9,True,False,True,False,False,False,False,False,False
places365,53,beer_garden,places365-category:53,strict,VERIFIED_DEPICTED_TYPE,False,True,SOURCE_TYPED_MAPPING,CONNECTED,9,True,False,True,False,False,False,False,False,False
places365,54,beer_hall,places365-category:54,strict,VERIFIED_DEPICTED_TYPE,False,True,SOURCE_TYPED_MAPPING,CONNECTED,10,True,False,True,False,False,False,False,False,False
places365,55,berth,places365-category:55,strict,NATIVE_LABEL_ONLY,False,False,NATIVE_LABEL_ONLY,NOT_ADMITTED,,True,False,False,False,False,False,False,False,False
places365,56,biology_laboratory,places365-category:56,strict,VERIFIED_DEPICTED_TYPE,False,True,SOURCE_TYPED_MAPPING,CONNECTED,9,True,False,True,False,False,False,False,False,False
places365,57,boardwalk,places365-category:57,strict,VERIFIED_DEPICTED_TYPE,False,True,SOURCE_TYPED_MAPPING,CONNECTED,9,True,False,True,False,False,False,False,False,False
places365,58,boat_deck,places365-category:58,strict,VERIFIED_DEPICTED_TYPE,False,True,SOURCE_TYPED_MAPPING,CONNECTED,11,True,False,True,False,False,False,False,False,False
places365,59,boathouse,places365-category:59,strict,VERIFIED_DEPICTED_TYPE,False,True,SOURCE_TYPED_MAPPING,CONNECTED,10,True,False,True,False,False,False,False,False,False
places365,60,bookstore,places365-category:60,strict,VERIFIED_DEPICTED_TYPE,False,True,SOURCE_TYPED_MAPPING,CONNECTED,11,True,False,True,False,False,False,False,False,False
places365,61,booth/indoor,places365-category:61,strict,NATIVE_LABEL_ONLY,False,False,NATIVE_LABEL_ONLY,NOT_ADMITTED,,True,False,False,False,False,False,False,False,False
places365,62,botanical_garden,places365-category:62,strict,VERIFIED_DEPICTED_TYPE,False,True,SOURCE_TYPED_MAPPING,CONNECTED,7,True,False,True,False,False,False,False,False,False
places365,63,bow_window/indoor,places365-category:63,strict,VERIFIED_DEPICTED_TYPE,False,True,SOURCE_TYPED_MAPPING,CONNECTED,10,True,False,True,False,False,False,False,False,False
places365,64,bowling_alley,places365-category:64,strict,NATIVE_LABEL_ONLY,False,False,NATIVE_LABEL_ONLY,NOT_ADMITTED,,True,False,False,False,False,False,False,False,False
places365,65,boxing_ring,places365-category:65,strict,VERIFIED_DEPICTED_TYPE,False,True,SOURCE_TYPED_MAPPING,CONNECTED,10,True,False,True,False,False,False,False,False,False
places365,66,bridge,places365-category:66,strict,NATIVE_LABEL_ONLY,False,False,NATIVE_LABEL_ONLY,NOT_ADMITTED,,True,False,False,False,False,False,False,False,False
places365,67,building_facade,places365-category:67,strict,NATIVE_LABEL_ONLY,False,False,NATIVE_LABEL_ONLY,NOT_ADMITTED,,True,False,False,False,False,False,False,False,False
places365,68,bullring,places365-category:68,strict,VERIFIED_DEPICTED_TYPE,False,True,SOURCE_TYPED_MAPPING,CONNECTED,8,True,False,True,False,False,False,False,False,False
places365,69,burial_chamber,places365-category:69,strict,VERIFIED_DEPICTED_TYPE,False,True,SOURCE_TYPED_MAPPING,CONNECTED,8,True,False,True,False,False,False,False,False,False
places365,70,bus_interior,places365-category:70,strict,NATIVE_LABEL_ONLY,False,False,NATIVE_LABEL_ONLY,NOT_ADMITTED,,True,False,False,False,False,False,False,False,False
places365,71,bus_station/indoor,places365-category:71,strict,VERIFIED_DEPICTED_TYPE,False,True,SOURCE_TYPED_MAPPING,CONNECTED,9,True,False,True,False,False,False,False,False,False
places365,72,butchers_shop,places365-category:72,strict,NATIVE_LABEL_ONLY,False,False,NATIVE_LABEL_ONLY,NOT_ADMITTED,,True,False,False,False,False,False,False,False,False
places365,73,butte,places365-category:73,strict,VERIFIED_DEPICTED_TYPE,False,True,SOURCE_TYPED_MAPPING,CONNECTED,7,True,False,True,False,False,False,False,False,False
places365,74,cabin/outdoor,places365-category:74,strict,NATIVE_LABEL_ONLY,False,False,NATIVE_LABEL_ONLY,NOT_ADMITTED,,True,False,False,False,False,False,False,False,False
places365,75,cafeteria,places365-category:75,strict,VERIFIED_DEPICTED_TYPE,False,True,SOURCE_TYPED_MAPPING,CONNECTED,9,True,False,True,False,False,False,False,False,False
places365,76,campsite,places365-category:76,strict,VERIFIED_DEPICTED_TYPE,False,True,SOURCE_TYPED_MAPPING,CONNECTED,9,True,False,True,False,False,False,False,False,False
places365,77,campus,places365-category:77,strict,VERIFIED_DEPICTED_TYPE,False,True,SOURCE_TYPED_MAPPING,CONNECTED,9,True,False,True,False,False,False,False,False,False
places365,78,canal/natural,places365-category:78,strict,NATIVE_LABEL_ONLY,False,False,NATIVE_LABEL_ONLY,NOT_ADMITTED,,True,False,False,False,False,False,False,False,False
places365,79,canal/urban,places365-category:79,strict,NATIVE_LABEL_ONLY,False,False,NATIVE_LABEL_ONLY,NOT_ADMITTED,,True,False,False,False,False,False,False,False,False
places365,80,candy_store,places365-category:80,strict,VERIFIED_DEPICTED_TYPE,False,True,SOURCE_TYPED_MAPPING,CONNECTED,11,True,False,True,False,False,False,False,False,False
places365,81,canyon,places365-category:81,strict,VERIFIED_DEPICTED_TYPE,False,True,SOURCE_TYPED_MAPPING,CONNECTED,8,True,False,True,False,False,False,False,False,False
places365,82,car_interior,places365-category:82,strict,NATIVE_LABEL_ONLY,False,False,NATIVE_LABEL_ONLY,NOT_ADMITTED,,True,False,False,False,False,False,False,False,False
places365,83,carrousel,places365-category:83,strict,VERIFIED_DEPICTED_TYPE,False,True,SOURCE_TYPED_MAPPING,CONNECTED,11,True,False,True,False,False,False,False,False,False
places365,84,castle,places365-category:84,strict,NATIVE_LABEL_ONLY,False,False,NATIVE_LABEL_ONLY,NOT_ADMITTED,,True,False,False,False,False,False,False,False,False
places365,85,catacomb,places365-category:85,strict,VERIFIED_DEPICTED_TYPE,False,True,SOURCE_TYPED_MAPPING,CONNECTED,10,True,False,True,False,False,False,False,False,False
places365,86,cemetery,places365-category:86,strict,VERIFIED_DEPICTED_TYPE,False,True,SOURCE_TYPED_MAPPING,CONNECTED,9,True,False,True,False,False,False,False,False,False
places365,87,chalet,places365-category:87,strict,VERIFIED_DEPICTED_TYPE,False,True,SOURCE_TYPED_MAPPING,CONNECTED,9,True,False,True,False,False,False,False,False,False
places365,88,chemistry_lab,places365-category:88,strict,VERIFIED_DEPICTED_TYPE,False,True,SOURCE_TYPED_MAPPING,CONNECTED,9,True,False,True,False,False,False,False,False,False
places365,89,childs_room,places365-category:89,strict,NATIVE_LABEL_ONLY,False,False,NATIVE_LABEL_ONLY,NOT_ADMITTED,,True,False,False,False,False,False,False,False,False
places365,90,church/indoor,places365-category:90,strict,VERIFIED_DEPICTED_TYPE,False,True,SOURCE_TYPED_MAPPING,CONNECTED,9,True,False,True,False,False,False,False,False,False
places365,91,church/outdoor,places365-category:91,strict,VERIFIED_DEPICTED_TYPE,False,True,SOURCE_TYPED_MAPPING,CONNECTED,9,True,False,True,False,False,False,False,False,False
places365,92,classroom,places365-category:92,strict,VERIFIED_DEPICTED_TYPE,False,True,SOURCE_TYPED_MAPPING,CONNECTED,9,True,False,True,False,False,False,False,False,False
places365,93,clean_room,places365-category:93,strict,VERIFIED_DEPICTED_TYPE,False,True,SOURCE_TYPED_MAPPING,CONNECTED,9,True,False,True,False,False,False,False,False,False
places365,94,cliff,places365-category:94,strict,VERIFIED_DEPICTED_TYPE,False,True,SOURCE_TYPED_MAPPING,CONNECTED,5,True,False,True,False,False,False,False,False,False
places365,95,closet,places365-category:95,strict,NATIVE_LABEL_ONLY,False,False,NATIVE_LABEL_ONLY,NOT_ADMITTED,,True,False,False,False,False,False,False,False,False
places365,96,clothing_store,places365-category:96,strict,VERIFIED_DEPICTED_TYPE,False,True,SOURCE_TYPED_MAPPING,CONNECTED,11,True,False,True,False,False,False,False,False,False
places365,97,coast,places365-category:97,strict,NATIVE_LABEL_ONLY,False,False,NATIVE_LABEL_ONLY,NOT_ADMITTED,,True,False,False,False,False,False,False,False,False
places365,98,cockpit,places365-category:98,strict,NATIVE_LABEL_ONLY,False,False,NATIVE_LABEL_ONLY,NOT_ADMITTED,,True,False,False,False,False,False,False,False,False
places365,99,coffee_shop,places365-category:99,strict,VERIFIED_DEPICTED_TYPE,False,True,SOURCE_TYPED_MAPPING,CONNECTED,9,True,False,True,False,False,False,False,False,False
places365,100,computer_room,places365-category:100,strict,NATIVE_LABEL_ONLY,False,False,NATIVE_LABEL_ONLY,NOT_ADMITTED,,True,False,False,False,False,False,False,False,False
places365,101,conference_center,places365-category:101,strict,VERIFIED_DEPICTED_TYPE,False,True,SOURCE_TYPED_MAPPING,CONNECTED,9,True,False,True,False,False,False,False,False,False
places365,102,conference_room,places365-category:102,strict,VERIFIED_DEPICTED_TYPE,False,True,SOURCE_TYPED_MAPPING,CONNECTED,9,True,False,True,False,False,False,False,False,False
places365,103,construction_site,places365-category:103,strict,NATIVE_LABEL_ONLY,False,False,NATIVE_LABEL_ONLY,NOT_ADMITTED,,True,False,False,False,False,False,False,False,False
places365,104,corn_field,places365-category:104,strict,VERIFIED_DEPICTED_TYPE,False,True,SOURCE_TYPED_MAPPING,CONNECTED,10,True,False,True,False,False,False,False,False,False
places365,105,corral,places365-category:105,strict,VERIFIED_DEPICTED_TYPE,False,True,SOURCE_TYPED_MAPPING,CONNECTED,10,True,False,True,False,False,False,False,False,False
places365,106,corridor,places365-category:106,strict,VERIFIED_DEPICTED_TYPE,False,True,SOURCE_TYPED_MAPPING,CONNECTED,9,True,False,True,False,False,False,False,False,False
places365,107,cottage,places365-category:107,strict,VERIFIED_DEPICTED_TYPE,False,True,SOURCE_TYPED_MAPPING,CONNECTED,9,True,False,True,False,False,False,False,False,False
places365,108,courthouse,places365-category:108,strict,NATIVE_LABEL_ONLY,False,False,NATIVE_LABEL_ONLY,NOT_ADMITTED,,True,False,False,False,False,False,False,False,False
places365,109,courtyard,places365-category:109,strict,VERIFIED_DEPICTED_TYPE,False,True,SOURCE_TYPED_MAPPING,CONNECTED,8,True,False,True,False,False,False,False,False,False
places365,110,creek,places365-category:110,strict,NATIVE_LABEL_ONLY,False,False,NATIVE_LABEL_ONLY,NOT_ADMITTED,,True,False,False,False,False,False,False,False,False
places365,111,crevasse,places365-category:111,strict,VERIFIED_DEPICTED_TYPE,False,True,SOURCE_TYPED_MAPPING,CONNECTED,8,True,False,True,False,False,False,False,False,False
places365,112,crosswalk,places365-category:112,strict,VERIFIED_DEPICTED_TYPE,False,True,SOURCE_TYPED_MAPPING,CONNECTED,8,True,False,True,False,False,False,False,False,False
places365,113,dam,places365-category:113,strict,NATIVE_LABEL_ONLY,False,False,NATIVE_LABEL_ONLY,NOT_ADMITTED,,True,False,False,False,False,False,False,False,False
places365,114,delicatessen,places365-category:114,strict,NATIVE_LABEL_ONLY,False,False,NATIVE_LABEL_ONLY,NOT_ADMITTED,,True,False,False,False,False,False,False,False,False
places365,115,department_store,places365-category:115,strict,VERIFIED_DEPICTED_TYPE,False,True,SOURCE_TYPED_MAPPING,CONNECTED,10,True,False,True,False,False,False,False,False,False
places365,116,desert/sand,places365-category:116,strict,VERIFIED_DEPICTED_TYPE,False,True,SOURCE_TYPED_MAPPING,CONNECTED,6,True,False,True,False,False,False,False,False,False
places365,117,desert/vegetation,places365-category:117,strict,VERIFIED_DEPICTED_TYPE,False,True,SOURCE_TYPED_MAPPING,CONNECTED,6,True,False,True,False,False,False,False,False,False
places365,118,desert_road,places365-category:118,strict,NATIVE_LABEL_ONLY,False,False,NATIVE_LABEL_ONLY,NOT_ADMITTED,,True,False,False,False,False,False,False,False,False
places365,119,diner/outdoor,places365-category:119,strict,NATIVE_LABEL_ONLY,False,False,NATIVE_LABEL_ONLY,NOT_ADMITTED,,True,False,False,False,False,False,False,False,False
places365,120,dining_hall,places365-category:120,strict,VERIFIED_DEPICTED_TYPE,False,True,SOURCE_TYPED_MAPPING,CONNECTED,10,True,False,True,False,False,False,False,False,False
places365,121,dining_room,places365-category:121,strict,VERIFIED_DEPICTED_TYPE,False,True,SOURCE_TYPED_MAPPING,CONNECTED,9,True,False,True,False,False,False,False,False,False
places365,122,discotheque,places365-category:122,strict,VERIFIED_DEPICTED_TYPE,False,True,SOURCE_TYPED_MAPPING,CONNECTED,10,True,False,True,False,False,False,False,False,False
places365,123,doorway/outdoor,places365-category:123,strict,VERIFIED_DEPICTED_TYPE,False,True,SOURCE_TYPED_MAPPING,CONNECTED,9,True,False,True,False,False,False,False,False,False
places365,124,dorm_room,places365-category:124,strict,VERIFIED_DEPICTED_TYPE,False,True,SOURCE_TYPED_MAPPING,CONNECTED,10,True,False,True,False,False,False,False,False,False
places365,125,downtown,places365-category:125,strict,VERIFIED_DEPICTED_TYPE,False,True,SOURCE_TYPED_MAPPING,CONNECTED,8,True,False,True,False,False,False,False,False,False
places365,126,dressing_room,places365-category:126,strict,VERIFIED_DEPICTED_TYPE,False,True,SOURCE_TYPED_MAPPING,CONNECTED,9,True,False,True,False,False,False,False,False,False
places365,127,driveway,places365-category:127,strict,VERIFIED_DEPICTED_TYPE,False,True,SOURCE_TYPED_MAPPING,CONNECTED,8,True,False,True,False,False,False,False,False,False
places365,128,drugstore,places365-category:128,strict,VERIFIED_DEPICTED_TYPE,False,True,SOURCE_TYPED_MAPPING,CONNECTED,11,True,False,True,False,False,False,False,False,False
places365,129,elevator/door,places365-category:129,strict,NATIVE_LABEL_ONLY,False,False,NATIVE_LABEL_ONLY,NOT_ADMITTED,,True,False,False,False,False,False,False,False,False
places365,130,elevator_lobby,places365-category:130,strict,NATIVE_LABEL_ONLY,False,False,NATIVE_LABEL_ONLY,NOT_ADMITTED,,True,False,False,False,False,False,False,False,False
places365,131,elevator_shaft,places365-category:131,strict,VERIFIED_DEPICTED_TYPE,False,True,SOURCE_TYPED_MAPPING,CONNECTED,10,True,False,True,False,False,False,False,False,False
places365,132,embassy,places365-category:132,strict,VERIFIED_DEPICTED_TYPE,False,True,SOURCE_TYPED_MAPPING,CONNECTED,10,True,False,True,False,False,False,False,False,False
places365,133,engine_room,places365-category:133,strict,VERIFIED_DEPICTED_TYPE,False,True,SOURCE_TYPED_MAPPING,CONNECTED,9,True,False,True,False,False,False,False,False,False
places365,134,entrance_hall,places365-category:134,strict,VERIFIED_DEPICTED_TYPE,False,True,SOURCE_TYPED_MAPPING,CONNECTED,9,True,False,True,False,False,False,False,False,False
places365,135,escalator/indoor,places365-category:135,strict,VERIFIED_DEPICTED_TYPE,False,True,SOURCE_TYPED_MAPPING,CONNECTED,8,True,False,True,False,False,False,False,False,False
places365,136,excavation,places365-category:136,strict,NATIVE_LABEL_ONLY,False,False,NATIVE_LABEL_ONLY,NOT_ADMITTED,,True,False,False,False,False,False,False,False,False
places365,137,fabric_store,places365-category:137,strict,NATIVE_LABEL_ONLY,False,False,NATIVE_LABEL_ONLY,NOT_ADMITTED,,True,False,False,False,False,False,False,False,False
places365,138,farm,places365-category:138,strict,VERIFIED_DEPICTED_TYPE,False,True,SOURCE_TYPED_MAPPING,CONNECTED,8,True,False,True,False,False,False,False,False,False
places365,139,fastfood_restaurant,places365-category:139,strict,NATIVE_LABEL_ONLY,False,False,NATIVE_LABEL_ONLY,NOT_ADMITTED,,True,False,False,False,False,False,False,False,False
places365,140,field/cultivated,places365-category:140,strict,NATIVE_LABEL_ONLY,False,False,NATIVE_LABEL_ONLY,NOT_ADMITTED,,True,False,False,False,False,False,False,False,False
places365,141,field/wild,places365-category:141,strict,NATIVE_LABEL_ONLY,False,False,NATIVE_LABEL_ONLY,NOT_ADMITTED,,True,False,False,False,False,False,False,False,False
places365,142,field_road,places365-category:142,strict,NATIVE_LABEL_ONLY,False,False,NATIVE_LABEL_ONLY,NOT_ADMITTED,,True,False,False,False,False,False,False,False,False
places365,143,fire_escape,places365-category:143,strict,VERIFIED_DEPICTED_TYPE,False,True,SOURCE_TYPED_MAPPING,CONNECTED,8,True,False,True,False,False,False,False,False,False
places365,144,fire_station,places365-category:144,strict,VERIFIED_DEPICTED_TYPE,False,True,SOURCE_TYPED_MAPPING,CONNECTED,8,True,False,True,False,False,False,False,False,False
places365,145,fishpond,places365-category:145,strict,VERIFIED_DEPICTED_TYPE,False,True,SOURCE_TYPED_MAPPING,CONNECTED,7,True,False,True,False,False,False,False,False,False
places365,146,flea_market/indoor,places365-category:146,strict,VERIFIED_DEPICTED_TYPE,False,True,SOURCE_TYPED_MAPPING,CONNECTED,12,True,False,True,False,False,False,False,False,False
places365,147,florist_shop/indoor,places365-category:147,strict,VERIFIED_DEPICTED_TYPE,False,True,SOURCE_TYPED_MAPPING,CONNECTED,11,True,False,True,False,False,False,False,False,False
places365,148,food_court,places365-category:148,strict,VERIFIED_DEPICTED_TYPE,False,True,SOURCE_TYPED_MAPPING,CONNECTED,9,True,False,True,False,False,False,False,False,False
places365,149,football_field,places365-category:149,strict,VERIFIED_DEPICTED_TYPE,False,True,SOURCE_TYPED_MAPPING,CONNECTED,9,True,False,True,False,False,False,False,False,False
places365,150,forest/broadleaf,places365-category:150,strict,VERIFIED_DEPICTED_TYPE,False,True,SOURCE_TYPED_MAPPING,CONNECTED,5,True,False,True,False,False,False,False,False,False
places365,151,forest_path,places365-category:151,strict,NATIVE_LABEL_ONLY,False,False,NATIVE_LABEL_ONLY,NOT_ADMITTED,,True,False,False,False,False,False,False,False,False
places365,152,forest_road,places365-category:152,strict,NATIVE_LABEL_ONLY,False,False,NATIVE_LABEL_ONLY,NOT_ADMITTED,,True,False,False,False,False,False,False,False,False
places365,153,formal_garden,places365-category:153,strict,VERIFIED_DEPICTED_TYPE,False,True,SOURCE_TYPED_MAPPING,CONNECTED,10,True,False,True,False,False,False,False,False,False
places365,154,fountain,places365-category:154,strict,NATIVE_LABEL_ONLY,False,False,NATIVE_LABEL_ONLY,NOT_ADMITTED,,True,False,False,False,False,False,False,False,False
places365,155,galley,places365-category:155,strict,NATIVE_LABEL_ONLY,False,False,NATIVE_LABEL_ONLY,NOT_ADMITTED,,True,False,False,False,False,False,False,False,False
places365,156,garage/indoor,places365-category:156,strict,NATIVE_LABEL_ONLY,False,False,NATIVE_LABEL_ONLY,NOT_ADMITTED,,True,False,False,False,False,False,False,False,False
places365,157,garage/outdoor,places365-category:157,strict,NATIVE_LABEL_ONLY,False,False,NATIVE_LABEL_ONLY,NOT_ADMITTED,,True,False,False,False,False,False,False,False,False
places365,158,gas_station,places365-category:158,strict,VERIFIED_DEPICTED_TYPE,False,True,SOURCE_TYPED_MAPPING,CONNECTED,9,True,False,True,False,False,False,False,False,False
places365,159,gazebo/exterior,places365-category:159,strict,VERIFIED_DEPICTED_TYPE,False,True,SOURCE_TYPED_MAPPING,CONNECTED,8,True,False,True,False,False,False,False,False,False
places365,160,general_store/indoor,places365-category:160,strict,VERIFIED_DEPICTED_TYPE,False,True,SOURCE_TYPED_MAPPING,CONNECTED,10,True,False,True,False,False,False,False,False,False
places365,161,general_store/outdoor,places365-category:161,strict,VERIFIED_DEPICTED_TYPE,False,True,SOURCE_TYPED_MAPPING,CONNECTED,10,True,False,True,False,False,False,False,False,False
places365,162,gift_shop,places365-category:162,strict,VERIFIED_DEPICTED_TYPE,False,True,SOURCE_TYPED_MAPPING,CONNECTED,11,True,False,True,False,False,False,False,False,False
places365,163,glacier,places365-category:163,strict,VERIFIED_DEPICTED_TYPE,False,True,SOURCE_TYPED_MAPPING,CONNECTED,6,True,False,True,False,False,False,False,False,False
places365,164,golf_course,places365-category:164,strict,VERIFIED_DEPICTED_TYPE,False,True,SOURCE_TYPED_MAPPING,CONNECTED,8,True,False,True,False,False,False,False,False,False
places365,165,greenhouse/indoor,places365-category:165,strict,VERIFIED_DEPICTED_TYPE,False,True,SOURCE_TYPED_MAPPING,CONNECTED,8,True,False,True,False,False,False,False,False,False
places365,166,greenhouse/outdoor,places365-category:166,strict,VERIFIED_DEPICTED_TYPE,False,True,SOURCE_TYPED_MAPPING,CONNECTED,8,True,False,True,False,False,False,False,False,False
places365,167,grotto,places365-category:167,strict,VERIFIED_DEPICTED_TYPE,False,True,SOURCE_TYPED_MAPPING,CONNECTED,6,True,False,True,False,False,False,False,False,False
places365,168,gymnasium/indoor,places365-category:168,strict,VERIFIED_DEPICTED_TYPE,False,True,SOURCE_TYPED_MAPPING,CONNECTED,8,True,False,True,False,False,False,False,False,False
places365,169,hangar/indoor,places365-category:169,strict,VERIFIED_DEPICTED_TYPE,False,True,SOURCE_TYPED_MAPPING,CONNECTED,7,True,False,True,False,False,False,False,False,False
places365,170,hangar/outdoor,places365-category:170,strict,VERIFIED_DEPICTED_TYPE,False,True,SOURCE_TYPED_MAPPING,CONNECTED,7,True,False,True,False,False,False,False,False,False
places365,171,harbor,places365-category:171,strict,NATIVE_LABEL_ONLY,False,False,NATIVE_LABEL_ONLY,NOT_ADMITTED,,True,False,False,False,False,False,False,False,False
places365,172,hardware_store,places365-category:172,strict,VERIFIED_DEPICTED_TYPE,False,True,SOURCE_TYPED_MAPPING,CONNECTED,11,True,False,True,False,False,False,False,False,False
places365,173,hayfield,places365-category:173,strict,VERIFIED_DEPICTED_TYPE,False,True,SOURCE_TYPED_MAPPING,CONNECTED,7,True,False,True,False,False,False,False,False,False
places365,174,heliport,places365-category:174,strict,VERIFIED_DEPICTED_TYPE,False,True,SOURCE_TYPED_MAPPING,CONNECTED,9,True,False,True,False,False,False,False,False,False
places365,175,highway,places365-category:175,strict,VERIFIED_DEPICTED_TYPE,False,True,SOURCE_TYPED_MAPPING,CONNECTED,8,True,False,True,False,False,False,False,False,False
places365,176,home_office,places365-category:176,strict,VERIFIED_DEPICTED_TYPE,False,True,SOURCE_TYPED_MAPPING,CONNECTED,10,True,False,True,False,False,False,False,False,False
places365,177,home_theater,places365-category:177,strict,VERIFIED_DEPICTED_TYPE,False,True,SOURCE_TYPED_MAPPING,CONNECTED,9,True,False,True,False,False,False,False,False,False
places365,178,hospital,places365-category:178,strict,VERIFIED_DEPICTED_TYPE,False,True,SOURCE_TYPED_MAPPING,CONNECTED,9,True,False,True,False,False,False,False,False,False
places365,179,hospital_room,places365-category:179,strict,VERIFIED_DEPICTED_TYPE,False,True,SOURCE_TYPED_MAPPING,CONNECTED,9,True,False,True,False,False,False,False,False,False
places365,180,hot_spring,places365-category:180,strict,VERIFIED_DEPICTED_TYPE,False,True,SOURCE_TYPED_MAPPING,CONNECTED,6,True,False,True,False,False,False,False,False,False
places365,181,hotel/outdoor,places365-category:181,strict,VERIFIED_DEPICTED_TYPE,False,True,SOURCE_TYPED_MAPPING,CONNECTED,8,True,False,True,False,False,False,False,False,False
places365,182,hotel_room,places365-category:182,strict,VERIFIED_DEPICTED_TYPE,False,True,SOURCE_TYPED_MAPPING,CONNECTED,10,True,False,True,False,False,False,False,False,False
places365,183,house,places365-category:183,strict,NATIVE_LABEL_ONLY,False,False,NATIVE_LABEL_ONLY,NOT_ADMITTED,,True,False,False,False,False,False,False,False,False
places365,184,hunting_lodge/outdoor,places365-category:184,strict,VERIFIED_DEPICTED_TYPE,False,True,SOURCE_TYPED_MAPPING,CONNECTED,9,True,False,True,False,False,False,False,False,False
places365,185,ice_cream_parlor,places365-category:185,strict,NATIVE_LABEL_ONLY,False,False,NATIVE_LABEL_ONLY,NOT_ADMITTED,,True,False,False,False,False,False,False,False,False
places365,186,ice_floe,places365-category:186,strict,VERIFIED_DEPICTED_TYPE,False,True,SOURCE_TYPED_MAPPING,CONNECTED,6,True,False,True,False,False,False,False,False,False
places365,187,ice_shelf,places365-category:187,strict,VERIFIED_DEPICTED_TYPE,False,True,SOURCE_TYPED_MAPPING,CONNECTED,5,True,False,True,False,False,False,False,False,False
places365,188,ice_skating_rink/indoor,places365-category:188,strict,VERIFIED_DEPICTED_TYPE,False,True,SOURCE_TYPED_MAPPING,CONNECTED,9,True,False,True,False,False,False,False,False,False
places365,189,ice_skating_rink/outdoor,places365-category:189,strict,VERIFIED_DEPICTED_TYPE,False,True,SOURCE_TYPED_MAPPING,CONNECTED,9,True,False,True,False,False,False,False,False,False
places365,190,iceberg,places365-category:190,strict,NATIVE_LABEL_ONLY,False,False,NATIVE_LABEL_ONLY,NOT_ADMITTED,,True,False,False,False,False,False,False,False,False
places365,191,igloo,places365-category:191,strict,VERIFIED_DEPICTED_TYPE,False,True,SOURCE_TYPED_MAPPING,CONNECTED,9,True,False,True,False,False,False,False,False,False
places365,192,industrial_area,places365-category:192,strict,VERIFIED_DEPICTED_TYPE,False,True,SOURCE_TYPED_MAPPING,CONNECTED,8,True,False,True,False,False,False,False,False,False
places365,193,inn/outdoor,places365-category:193,strict,VERIFIED_DEPICTED_TYPE,False,True,SOURCE_TYPED_MAPPING,CONNECTED,9,True,False,True,False,False,False,False,False,False
places365,194,islet,places365-category:194,strict,VERIFIED_DEPICTED_TYPE,False,True,SOURCE_TYPED_MAPPING,CONNECTED,6,True,False,True,False,False,False,False,False,False
places365,195,jacuzzi/indoor,places365-category:195,strict,NATIVE_LABEL_ONLY,False,False,NATIVE_LABEL_ONLY,NOT_ADMITTED,,True,False,False,False,False,False,False,False,False
places365,196,jail_cell,places365-category:196,strict,VERIFIED_DEPICTED_TYPE,False,True,SOURCE_TYPED_MAPPING,CONNECTED,9,True,False,True,False,False,False,False,False,False
places365,197,japanese_garden,places365-category:197,strict,NATIVE_LABEL_ONLY,False,False,NATIVE_LABEL_ONLY,NOT_ADMITTED,,True,False,False,False,False,False,False,False,False
places365,198,jewelry_shop,places365-category:198,strict,NATIVE_LABEL_ONLY,False,False,NATIVE_LABEL_ONLY,NOT_ADMITTED,,True,False,False,False,False,False,False,False,False
places365,199,junkyard,places365-category:199,strict,VERIFIED_DEPICTED_TYPE,False,True,SOURCE_TYPED_MAPPING,CONNECTED,9,True,False,True,False,False,False,False,False,False
places365,200,kasbah,places365-category:200,strict,VERIFIED_DEPICTED_TYPE,False,True,SOURCE_TYPED_MAPPING,CONNECTED,9,True,False,True,False,False,False,False,False,False
places365,201,kennel/outdoor,places365-category:201,strict,VERIFIED_DEPICTED_TYPE,False,True,SOURCE_TYPED_MAPPING,CONNECTED,9,True,False,True,False,False,False,False,False,False
places365,202,kindergarden_classroom,places365-category:202,strict,NATIVE_LABEL_ONLY,False,False,NATIVE_LABEL_ONLY,NOT_ADMITTED,,True,False,False,False,False,False,False,False,False
places365,203,kitchen,places365-category:203,strict,VERIFIED_DEPICTED_TYPE,False,True,SOURCE_TYPED_MAPPING,CONNECTED,9,True,False,True,False,False,False,False,False,False
places365,204,lagoon,places365-category:204,strict,VERIFIED_DEPICTED_TYPE,False,True,SOURCE_TYPED_MAPPING,CONNECTED,6,True,False,True,False,False,False,False,False,False
places365,205,lake/natural,places365-category:205,strict,NATIVE_LABEL_ONLY,False,False,NATIVE_LABEL_ONLY,NOT_ADMITTED,,True,False,False,False,False,False,False,False,False
places365,206,landfill,places365-category:206,strict,VERIFIED_DEPICTED_TYPE,False,True,SOURCE_TYPED_MAPPING,CONNECTED,7,True,False,True,False,False,False,False,False,False
places365,207,landing_deck,places365-category:207,strict,VERIFIED_DEPICTED_TYPE,False,True,SOURCE_TYPED_MAPPING,CONNECTED,10,True,False,True,False,False,False,False,False,False
places365,208,laundromat,places365-category:208,strict,VERIFIED_DEPICTED_TYPE,False,True,SOURCE_TYPED_MAPPING,CONNECTED,9,True,False,True,False,False,False,False,False,False
places365,209,lawn,places365-category:209,strict,VERIFIED_DEPICTED_TYPE,False,True,SOURCE_TYPED_MAPPING,CONNECTED,9,True,False,True,False,False,False,False,False,False
places365,210,lecture_room,places365-category:210,strict,VERIFIED_DEPICTED_TYPE,False,True,SOURCE_TYPED_MAPPING,CONNECTED,10,True,False,True,False,False,False,False,False,False
places365,211,legislative_chamber,places365-category:211,strict,NATIVE_LABEL_ONLY,False,False,NATIVE_LABEL_ONLY,NOT_ADMITTED,,True,False,False,False,False,False,False,False,False
places365,212,library/indoor,places365-category:212,strict,NATIVE_LABEL_ONLY,False,False,NATIVE_LABEL_ONLY,NOT_ADMITTED,,True,False,False,False,False,False,False,False,False
places365,213,library/outdoor,places365-category:213,strict,NATIVE_LABEL_ONLY,False,False,NATIVE_LABEL_ONLY,NOT_ADMITTED,,True,False,False,False,False,False,False,False,False
places365,214,lighthouse,places365-category:214,strict,VERIFIED_DEPICTED_TYPE,False,True,SOURCE_TYPED_MAPPING,CONNECTED,8,True,False,True,False,False,False,False,False,False
places365,215,living_room,places365-category:215,strict,VERIFIED_DEPICTED_TYPE,False,True,SOURCE_TYPED_MAPPING,CONNECTED,9,True,False,True,False,False,False,False,False,False
places365,216,loading_dock,places365-category:216,strict,VERIFIED_DEPICTED_TYPE,False,True,SOURCE_TYPED_MAPPING,CONNECTED,9,True,False,True,False,False,False,False,False,False
places365,217,lobby,places365-category:217,strict,VERIFIED_DEPICTED_TYPE,False,True,SOURCE_TYPED_MAPPING,CONNECTED,9,True,False,True,False,False,False,False,False,False
places365,218,lock_chamber,places365-category:218,strict,VERIFIED_DEPICTED_TYPE,False,True,SOURCE_TYPED_MAPPING,CONNECTED,9,True,False,True,False,False,False,False,False,False
places365,219,locker_room,places365-category:219,strict,VERIFIED_DEPICTED_TYPE,False,True,SOURCE_TYPED_MAPPING,CONNECTED,9,True,False,True,False,False,False,False,False,False
places365,220,mansion,places365-category:220,strict,NATIVE_LABEL_ONLY,False,False,NATIVE_LABEL_ONLY,NOT_ADMITTED,,True,False,False,False,False,False,False,False,False
places365,221,manufactured_home,places365-category:221,strict,VERIFIED_DEPICTED_TYPE,False,True,SOURCE_TYPED_MAPPING,CONNECTED,8,True,False,True,False,False,False,False,False,False
places365,222,market/indoor,places365-category:222,strict,NATIVE_LABEL_ONLY,False,False,NATIVE_LABEL_ONLY,NOT_ADMITTED,,True,False,False,False,False,False,False,False,False
places365,223,market/outdoor,places365-category:223,strict,NATIVE_LABEL_ONLY,False,False,NATIVE_LABEL_ONLY,NOT_ADMITTED,,True,False,False,False,False,False,False,False,False
places365,224,marsh,places365-category:224,strict,VERIFIED_DEPICTED_TYPE,False,True,SOURCE_TYPED_MAPPING,CONNECTED,6,True,False,True,False,False,False,False,False,False
places365,225,martial_arts_gym,places365-category:225,strict,NATIVE_LABEL_ONLY,False,False,NATIVE_LABEL_ONLY,NOT_ADMITTED,,True,False,False,False,False,False,False,False,False
places365,226,mausoleum,places365-category:226,strict,VERIFIED_DEPICTED_TYPE,False,True,SOURCE_TYPED_MAPPING,CONNECTED,9,True,False,True,False,False,False,False,False,False
places365,227,medina,places365-category:227,strict,VERIFIED_DEPICTED_TYPE,False,True,SOURCE_TYPED_MAPPING,CONNECTED,9,True,False,True,False,False,False,False,False,False
places365,228,mezzanine,places365-category:228,strict,NATIVE_LABEL_ONLY,False,False,NATIVE_LABEL_ONLY,NOT_ADMITTED,,True,False,False,False,False,False,False,False,False
places365,229,moat/water,places365-category:229,strict,VERIFIED_DEPICTED_TYPE,False,True,SOURCE_TYPED_MAPPING,CONNECTED,9,True,False,True,False,False,False,False,False,False
places365,230,mosque/outdoor,places365-category:230,strict,VERIFIED_DEPICTED_TYPE,False,True,SOURCE_TYPED_MAPPING,CONNECTED,9,True,False,True,False,False,False,False,False,False
places365,231,motel,places365-category:231,strict,VERIFIED_DEPICTED_TYPE,False,True,SOURCE_TYPED_MAPPING,CONNECTED,10,True,False,True,False,False,False,False,False,False
places365,232,mountain,places365-category:232,strict,VERIFIED_DEPICTED_TYPE,False,True,SOURCE_TYPED_MAPPING,CONNECTED,6,True,False,True,False,False,False,False,False,False
places365,233,mountain_path,places365-category:233,strict,NATIVE_LABEL_ONLY,False,False,NATIVE_LABEL_ONLY,NOT_ADMITTED,,True,False,False,False,False,False,False,False,False
places365,234,mountain_snowy,places365-category:234,strict,NATIVE_LABEL_ONLY,False,False,NATIVE_LABEL_ONLY,NOT_ADMITTED,,True,False,False,False,False,False,False,False,False
places365,235,movie_theater/indoor,places365-category:235,strict,VERIFIED_DEPICTED_TYPE,False,True,SOURCE_TYPED_MAPPING,CONNECTED,9,True,False,True,False,False,False,False,False,False
places365,236,museum/indoor,places365-category:236,strict,VERIFIED_DEPICTED_TYPE,False,True,SOURCE_TYPED_MAPPING,CONNECTED,8,True,False,True,False,False,False,False,False,False
places365,237,museum/outdoor,places365-category:237,strict,VERIFIED_DEPICTED_TYPE,False,True,SOURCE_TYPED_MAPPING,CONNECTED,8,True,False,True,False,False,False,False,False,False
places365,238,music_studio,places365-category:238,strict,NATIVE_LABEL_ONLY,False,False,NATIVE_LABEL_ONLY,NOT_ADMITTED,,True,False,False,False,False,False,False,False,False
places365,239,natural_history_museum,places365-category:239,strict,NATIVE_LABEL_ONLY,False,False,NATIVE_LABEL_ONLY,NOT_ADMITTED,,True,False,False,False,False,False,False,False,False
places365,240,nursery,places365-category:240,strict,VERIFIED_DEPICTED_TYPE,False,True,SOURCE_TYPED_MAPPING,CONNECTED,11,True,False,True,False,False,False,False,False,False
places365,241,nursing_home,places365-category:241,strict,VERIFIED_DEPICTED_TYPE,False,True,SOURCE_TYPED_MAPPING,CONNECTED,9,True,False,True,False,False,False,False,False,False
places365,242,oast_house,places365-category:242,strict,VERIFIED_DEPICTED_TYPE,False,True,SOURCE_TYPED_MAPPING,CONNECTED,9,True,False,True,False,False,False,False,False,False
places365,243,ocean,places365-category:243,strict,VERIFIED_DEPICTED_TYPE,False,True,SOURCE_TYPED_MAPPING,CONNECTED,5,True,False,True,False,False,False,False,False,False
places365,244,office,places365-category:244,strict,VERIFIED_DEPICTED_TYPE,False,True,SOURCE_TYPED_MAPPING,CONNECTED,9,True,False,True,False,False,False,False,False,False
places365,245,office_building,places365-category:245,strict,VERIFIED_DEPICTED_TYPE,False,True,SOURCE_TYPED_MAPPING,CONNECTED,8,True,False,True,False,False,False,False,False,False
places365,246,office_cubicles,places365-category:246,strict,NATIVE_LABEL_ONLY,False,False,NATIVE_LABEL_ONLY,NOT_ADMITTED,,True,False,False,False,False,False,False,False,False
places365,247,oilrig,places365-category:247,strict,VERIFIED_DEPICTED_TYPE,False,True,SOURCE_TYPED_MAPPING,CONNECTED,10,True,False,True,False,False,False,False,False,False
places365,248,operating_room,places365-category:248,strict,VERIFIED_DEPICTED_TYPE,False,True,SOURCE_TYPED_MAPPING,CONNECTED,10,True,False,True,False,False,False,False,False,False
places365,249,orchard,places365-category:249,strict,VERIFIED_DEPICTED_TYPE,False,True,SOURCE_TYPED_MAPPING,CONNECTED,10,True,False,True,False,False,False,False,False,False
places365,250,orchestra_pit,places365-category:250,strict,VERIFIED_DEPICTED_TYPE,False,True,SOURCE_TYPED_MAPPING,CONNECTED,8,True,False,True,False,False,False,False,False,False
places365,251,pagoda,places365-category:251,strict,VERIFIED_DEPICTED_TYPE,False,True,SOURCE_TYPED_MAPPING,CONNECTED,10,True,False,True,False,False,False,False,False,False
places365,252,palace,places365-category:252,strict,NATIVE_LABEL_ONLY,False,False,NATIVE_LABEL_ONLY,NOT_ADMITTED,,True,False,False,False,False,False,False,False,False
places365,253,pantry,places365-category:253,strict,VERIFIED_DEPICTED_TYPE,False,True,SOURCE_TYPED_MAPPING,CONNECTED,10,True,False,True,False,False,False,False,False,False
places365,254,park,places365-category:254,strict,NATIVE_LABEL_ONLY,False,False,NATIVE_LABEL_ONLY,NOT_ADMITTED,,True,False,False,False,False,False,False,False,False
places365,255,parking_garage/indoor,places365-category:255,strict,NATIVE_LABEL_ONLY,False,False,NATIVE_LABEL_ONLY,NOT_ADMITTED,,True,False,False,False,False,False,False,False,False
places365,256,parking_garage/outdoor,places365-category:256,strict,NATIVE_LABEL_ONLY,False,False,NATIVE_LABEL_ONLY,NOT_ADMITTED,,True,False,False,False,False,False,False,False,False
places365,257,parking_lot,places365-category:257,strict,VERIFIED_DEPICTED_TYPE,False,True,SOURCE_TYPED_MAPPING,CONNECTED,9,True,False,True,False,False,False,False,False,False
places365,258,pasture,places365-category:258,strict,NATIVE_LABEL_ONLY,False,False,NATIVE_LABEL_ONLY,NOT_ADMITTED,,True,False,False,False,False,False,False,False,False
places365,259,patio,places365-category:259,strict,VERIFIED_DEPICTED_TYPE,False,True,SOURCE_TYPED_MAPPING,CONNECTED,8,True,False,True,False,False,False,False,False,False
places365,260,pavilion,places365-category:260,strict,VERIFIED_DEPICTED_TYPE,False,True,SOURCE_TYPED_MAPPING,CONNECTED,9,True,False,True,False,False,False,False,False,False
places365,261,pet_shop,places365-category:261,strict,VERIFIED_DEPICTED_TYPE,False,True,SOURCE_TYPED_MAPPING,CONNECTED,11,True,False,True,False,False,False,False,False,False
places365,262,pharmacy,places365-category:262,strict,VERIFIED_DEPICTED_TYPE,False,True,SOURCE_TYPED_MAPPING,CONNECTED,11,True,False,True,False,False,False,False,False,False
places365,263,phone_booth,places365-category:263,strict,VERIFIED_DEPICTED_TYPE,False,True,SOURCE_TYPED_MAPPING,CONNECTED,11,True,False,True,False,False,False,False,False,False
places365,264,physics_laboratory,places365-category:264,strict,VERIFIED_DEPICTED_TYPE,False,True,SOURCE_TYPED_MAPPING,CONNECTED,9,True,False,True,False,False,False,False,False,False
places365,265,picnic_area,places365-category:265,strict,VERIFIED_DEPICTED_TYPE,False,True,SOURCE_TYPED_MAPPING,CONNECTED,8,True,False,True,False,False,False,False,False,False
places365,266,pier,places365-category:266,strict,NATIVE_LABEL_ONLY,False,False,NATIVE_LABEL_ONLY,NOT_ADMITTED,,True,False,False,False,False,False,False,False,False
places365,267,pizzeria,places365-category:267,strict,VERIFIED_DEPICTED_TYPE,False,True,SOURCE_TYPED_MAPPING,CONNECTED,11,True,False,True,False,False,False,False,False,False
places365,268,playground,places365-category:268,strict,NATIVE_LABEL_ONLY,False,False,NATIVE_LABEL_ONLY,NOT_ADMITTED,,True,False,False,False,False,False,False,False,False
places365,269,playroom,places365-category:269,strict,VERIFIED_DEPICTED_TYPE,False,True,SOURCE_TYPED_MAPPING,CONNECTED,10,True,False,True,False,False,False,False,False,False
places365,270,plaza,places365-category:270,strict,NATIVE_LABEL_ONLY,False,False,NATIVE_LABEL_ONLY,NOT_ADMITTED,,True,False,False,False,False,False,False,False,False
places365,271,pond,places365-category:271,strict,VERIFIED_DEPICTED_TYPE,False,True,SOURCE_TYPED_MAPPING,CONNECTED,6,True,False,True,False,False,False,False,False,False
places365,272,porch,places365-category:272,strict,VERIFIED_DEPICTED_TYPE,False,True,SOURCE_TYPED_MAPPING,CONNECTED,7,True,False,True,False,False,False,False,False,False
places365,273,promenade,places365-category:273,strict,VERIFIED_DEPICTED_TYPE,False,True,SOURCE_TYPED_MAPPING,CONNECTED,9,True,False,True,False,False,False,False,False,False
places365,274,pub/indoor,places365-category:274,strict,VERIFIED_DEPICTED_TYPE,False,True,SOURCE_TYPED_MAPPING,CONNECTED,9,True,False,True,False,False,False,False,False,False
places365,275,racecourse,places365-category:275,strict,VERIFIED_DEPICTED_TYPE,False,True,SOURCE_TYPED_MAPPING,CONNECTED,8,True,False,True,False,False,False,False,False,False
places365,276,raceway,places365-category:276,strict,NATIVE_LABEL_ONLY,False,False,NATIVE_LABEL_ONLY,NOT_ADMITTED,,True,False,False,False,False,False,False,False,False
places365,277,raft,places365-category:277,strict,NATIVE_LABEL_ONLY,False,False,NATIVE_LABEL_ONLY,NOT_ADMITTED,,True,False,False,False,False,False,False,False,False
places365,278,railroad_track,places365-category:278,strict,VERIFIED_DEPICTED_TYPE,False,True,SOURCE_TYPED_MAPPING,CONNECTED,7,True,False,True,False,False,False,False,False,False
places365,279,rainforest,places365-category:279,strict,NATIVE_LABEL_ONLY,False,False,NATIVE_LABEL_ONLY,NOT_ADMITTED,,True,False,False,False,False,False,False,False,False
places365,280,reception,places365-category:280,strict,VERIFIED_DEPICTED_TYPE,False,True,SOURCE_TYPED_MAPPING,CONNECTED,10,True,False,True,False,False,False,False,False,False
places365,281,recreation_room,places365-category:281,strict,VERIFIED_DEPICTED_TYPE,False,True,SOURCE_TYPED_MAPPING,CONNECTED,9,True,False,True,False,False,False,False,False,False
places365,282,repair_shop,places365-category:282,strict,VERIFIED_DEPICTED_TYPE,False,True,SOURCE_TYPED_MAPPING,CONNECTED,11,True,False,True,False,False,False,False,False,False
places365,283,residential_neighborhood,places365-category:283,strict,NATIVE_LABEL_ONLY,False,False,NATIVE_LABEL_ONLY,NOT_ADMITTED,,True,False,False,False,False,False,False,False,False
places365,284,restaurant,places365-category:284,strict,VERIFIED_DEPICTED_TYPE,False,True,SOURCE_TYPED_MAPPING,CONNECTED,8,True,False,True,False,False,False,False,False,False
places365,285,restaurant_kitchen,places365-category:285,strict,NATIVE_LABEL_ONLY,False,False,NATIVE_LABEL_ONLY,NOT_ADMITTED,,True,False,False,False,False,False,False,False,False
places365,286,restaurant_patio,places365-category:286,strict,NATIVE_LABEL_ONLY,False,False,NATIVE_LABEL_ONLY,NOT_ADMITTED,,True,False,False,False,False,False,False,False,False
places365,287,rice_paddy,places365-category:287,strict,VERIFIED_DEPICTED_TYPE,False,True,SOURCE_TYPED_MAPPING,CONNECTED,9,True,False,True,False,False,False,False,False,False
places365,288,river,places365-category:288,strict,VERIFIED_DEPICTED_TYPE,False,True,SOURCE_TYPED_MAPPING,CONNECTED,6,True,False,True,False,False,False,False,False,False
places365,289,rock_arch,places365-category:289,strict,NATIVE_LABEL_ONLY,False,False,NATIVE_LABEL_ONLY,NOT_ADMITTED,,True,False,False,False,False,False,False,False,False
places365,290,roof_garden,places365-category:290,strict,VERIFIED_DEPICTED_TYPE,False,True,SOURCE_TYPED_MAPPING,CONNECTED,10,True,False,True,False,False,False,False,False,False
places365,291,rope_bridge,places365-category:291,strict,VERIFIED_DEPICTED_TYPE,False,True,SOURCE_TYPED_MAPPING,CONNECTED,8,True,False,True,False,False,False,False,False,False
places365,292,ruin,places365-category:292,strict,NATIVE_LABEL_ONLY,False,False,NATIVE_LABEL_ONLY,NOT_ADMITTED,,True,False,False,False,False,False,False,False,False
places365,293,runway,places365-category:293,strict,NATIVE_LABEL_ONLY,False,False,NATIVE_LABEL_ONLY,NOT_ADMITTED,,True,False,False,False,False,False,False,False,False
places365,294,sandbox,places365-category:294,strict,NATIVE_LABEL_ONLY,False,False,NATIVE_LABEL_ONLY,NOT_ADMITTED,,True,False,False,False,False,False,False,False,False
places365,295,sauna,places365-category:295,strict,VERIFIED_DEPICTED_TYPE,False,True,SOURCE_TYPED_MAPPING,CONNECTED,10,True,False,True,False,False,False,False,False,False
places365,296,schoolhouse,places365-category:296,strict,VERIFIED_DEPICTED_TYPE,False,True,SOURCE_TYPED_MAPPING,CONNECTED,8,True,False,True,False,False,False,False,False,False
places365,297,science_museum,places365-category:297,strict,VERIFIED_DEPICTED_TYPE,False,True,SOURCE_TYPED_MAPPING,CONNECTED,9,True,False,True,False,False,False,False,False,False
places365,298,server_room,places365-category:298,strict,NATIVE_LABEL_ONLY,False,False,NATIVE_LABEL_ONLY,NOT_ADMITTED,,True,False,False,False,False,False,False,False,False
places365,299,shed,places365-category:299,strict,VERIFIED_DEPICTED_TYPE,False,True,SOURCE_TYPED_MAPPING,CONNECTED,9,True,False,True,False,False,False,False,False,False
places365,300,shoe_shop,places365-category:300,strict,VERIFIED_DEPICTED_TYPE,False,True,SOURCE_TYPED_MAPPING,CONNECTED,11,True,False,True,False,False,False,False,False,False
places365,301,shopfront,places365-category:301,strict,VERIFIED_DEPICTED_TYPE,False,True,SOURCE_TYPED_MAPPING,CONNECTED,9,True,False,True,False,False,False,False,False,False
places365,302,shopping_mall/indoor,places365-category:302,strict,VERIFIED_DEPICTED_TYPE,False,True,SOURCE_TYPED_MAPPING,CONNECTED,10,True,False,True,False,False,False,False,False,False
places365,303,shower,places365-category:303,strict,NATIVE_LABEL_ONLY,False,False,NATIVE_LABEL_ONLY,NOT_ADMITTED,,True,False,False,False,False,False,False,False,False
places365,304,ski_resort,places365-category:304,strict,VERIFIED_DEPICTED_TYPE,False,True,SOURCE_TYPED_MAPPING,CONNECTED,10,True,False,True,False,False,False,False,False,False
places365,305,ski_slope,places365-category:305,strict,VERIFIED_DEPICTED_TYPE,False,True,SOURCE_TYPED_MAPPING,CONNECTED,6,True,False,True,False,False,False,False,False,False
places365,306,sky,places365-category:306,strict,VERIFIED_DEPICTED_TYPE,False,True,SOURCE_TYPED_MAPPING,CONNECTED,7,True,False,True,False,False,False,False,False,False
places365,307,skyscraper,places365-category:307,strict,VERIFIED_DEPICTED_TYPE,False,True,SOURCE_TYPED_MAPPING,CONNECTED,8,True,False,True,False,False,False,False,False,False
places365,308,slum,places365-category:308,strict,VERIFIED_DEPICTED_TYPE,False,True,SOURCE_TYPED_MAPPING,CONNECTED,8,True,False,True,False,False,False,False,False,False
places365,309,snowfield,places365-category:309,strict,VERIFIED_DEPICTED_TYPE,False,True,SOURCE_TYPED_MAPPING,CONNECTED,6,True,False,True,False,False,False,False,False,False
places365,310,soccer_field,places365-category:310,strict,VERIFIED_DEPICTED_TYPE,False,True,SOURCE_TYPED_MAPPING,CONNECTED,9,True,False,True,False,False,False,False,False,False
places365,311,stable,places365-category:311,strict,VERIFIED_DEPICTED_TYPE,False,True,SOURCE_TYPED_MAPPING,CONNECTED,9,True,False,True,False,False,False,False,False,False
places365,312,stadium/baseball,places365-category:312,strict,VERIFIED_DEPICTED_TYPE,False,True,SOURCE_TYPED_MAPPING,CONNECTED,7,True,False,True,False,False,False,False,False,False
places365,313,stadium/football,places365-category:313,strict,VERIFIED_DEPICTED_TYPE,False,True,SOURCE_TYPED_MAPPING,CONNECTED,7,True,False,True,False,False,False,False,False,False
places365,314,stadium/soccer,places365-category:314,strict,VERIFIED_DEPICTED_TYPE,False,True,SOURCE_TYPED_MAPPING,CONNECTED,7,True,False,True,False,False,False,False,False,False
places365,315,stage/indoor,places365-category:315,strict,NATIVE_LABEL_ONLY,False,False,NATIVE_LABEL_ONLY,NOT_ADMITTED,,True,False,False,False,False,False,False,False,False
places365,316,stage/outdoor,places365-category:316,strict,NATIVE_LABEL_ONLY,False,False,NATIVE_LABEL_ONLY,NOT_ADMITTED,,True,False,False,False,False,False,False,False,False
places365,317,staircase,places365-category:317,strict,VERIFIED_DEPICTED_TYPE,False,True,SOURCE_TYPED_MAPPING,CONNECTED,7,True,False,True,False,False,False,False,False,False
places365,318,storage_room,places365-category:318,strict,VERIFIED_DEPICTED_TYPE,False,True,SOURCE_TYPED_MAPPING,CONNECTED,9,True,False,True,False,False,False,False,False,False
places365,319,street,places365-category:319,strict,NATIVE_LABEL_ONLY,False,False,NATIVE_LABEL_ONLY,NOT_ADMITTED,,True,False,False,False,False,False,False,False,False
places365,320,subway_station/platform,places365-category:320,strict,VERIFIED_DEPICTED_TYPE,False,True,SOURCE_TYPED_MAPPING,CONNECTED,9,True,False,True,False,False,False,False,False,False
places365,321,supermarket,places365-category:321,strict,VERIFIED_DEPICTED_TYPE,False,True,SOURCE_TYPED_MAPPING,CONNECTED,12,True,False,True,False,False,False,False,False,False
places365,322,sushi_bar,places365-category:322,strict,VERIFIED_DEPICTED_TYPE,False,True,SOURCE_TYPED_MAPPING,CONNECTED,12,True,False,True,False,False,False,False,False,False
places365,323,swamp,places365-category:323,strict,VERIFIED_DEPICTED_TYPE,False,True,SOURCE_TYPED_MAPPING,CONNECTED,6,True,False,True,False,False,False,False,False,False
places365,324,swimming_hole,places365-category:324,strict,VERIFIED_DEPICTED_TYPE,False,True,SOURCE_TYPED_MAPPING,CONNECTED,7,True,False,True,False,False,False,False,False,False
places365,325,swimming_pool/indoor,places365-category:325,strict,VERIFIED_DEPICTED_TYPE,False,True,SOURCE_TYPED_MAPPING,CONNECTED,8,True,False,True,False,False,False,False,False,False
places365,326,swimming_pool/outdoor,places365-category:326,strict,VERIFIED_DEPICTED_TYPE,False,True,SOURCE_TYPED_MAPPING,CONNECTED,8,True,False,True,False,False,False,False,False,False
places365,327,synagogue/outdoor,places365-category:327,strict,VERIFIED_DEPICTED_TYPE,False,True,SOURCE_TYPED_MAPPING,CONNECTED,9,True,False,True,False,False,False,False,False,False
places365,328,television_room,places365-category:328,strict,VERIFIED_DEPICTED_TYPE,False,True,SOURCE_TYPED_MAPPING,CONNECTED,9,True,False,True,False,False,False,False,False,False
places365,329,television_studio,places365-category:329,strict,NATIVE_LABEL_ONLY,False,False,NATIVE_LABEL_ONLY,NOT_ADMITTED,,True,False,False,False,False,False,False,False,False
places365,330,temple/asia,places365-category:330,strict,NATIVE_LABEL_ONLY,False,False,NATIVE_LABEL_ONLY,NOT_ADMITTED,,True,False,False,False,False,False,False,False,False
places365,331,throne_room,places365-category:331,strict,NATIVE_LABEL_ONLY,False,False,NATIVE_LABEL_ONLY,NOT_ADMITTED,,True,False,False,False,False,False,False,False,False
places365,332,ticket_booth,places365-category:332,strict,VERIFIED_DEPICTED_TYPE,False,True,SOURCE_TYPED_MAPPING,CONNECTED,10,True,False,True,False,False,False,False,False,False
places365,333,topiary_garden,places365-category:333,strict,NATIVE_LABEL_ONLY,False,False,NATIVE_LABEL_ONLY,NOT_ADMITTED,,True,False,False,False,False,False,False,False,False
places365,334,tower,places365-category:334,strict,NATIVE_LABEL_ONLY,False,False,NATIVE_LABEL_ONLY,NOT_ADMITTED,,True,False,False,False,False,False,False,False,False
places365,335,toyshop,places365-category:335,strict,VERIFIED_DEPICTED_TYPE,False,True,SOURCE_TYPED_MAPPING,CONNECTED,11,True,False,True,False,False,False,False,False,False
places365,336,train_interior,places365-category:336,strict,NATIVE_LABEL_ONLY,False,False,NATIVE_LABEL_ONLY,NOT_ADMITTED,,True,False,False,False,False,False,False,False,False
places365,337,train_station/platform,places365-category:337,strict,VERIFIED_DEPICTED_TYPE,False,True,SOURCE_TYPED_MAPPING,CONNECTED,9,True,False,True,False,False,False,False,False,False
places365,338,tree_farm,places365-category:338,strict,VERIFIED_DEPICTED_TYPE,False,True,SOURCE_TYPED_MAPPING,CONNECTED,6,True,False,True,False,False,False,False,False,False
places365,339,tree_house,places365-category:339,strict,VERIFIED_DEPICTED_TYPE,False,True,SOURCE_TYPED_MAPPING,CONNECTED,8,True,False,True,False,False,False,False,False,False
places365,340,trench,places365-category:340,strict,NATIVE_LABEL_ONLY,False,False,NATIVE_LABEL_ONLY,NOT_ADMITTED,,True,False,False,False,False,False,False,False,False
places365,341,tundra,places365-category:341,strict,VERIFIED_DEPICTED_TYPE,False,True,SOURCE_TYPED_MAPPING,CONNECTED,6,True,False,True,False,False,False,False,False,False
places365,342,underwater/ocean_deep,places365-category:342,strict,NATIVE_LABEL_ONLY,False,False,NATIVE_LABEL_ONLY,NOT_ADMITTED,,True,False,False,False,False,False,False,False,False
places365,343,utility_room,places365-category:343,strict,NATIVE_LABEL_ONLY,False,False,NATIVE_LABEL_ONLY,NOT_ADMITTED,,True,False,False,False,False,False,False,False,False
places365,344,valley,places365-category:344,strict,VERIFIED_DEPICTED_TYPE,False,True,SOURCE_TYPED_MAPPING,CONNECTED,6,True,False,True,False,False,False,False,False,False
places365,345,vegetable_garden,places365-category:345,strict,VERIFIED_DEPICTED_TYPE,False,True,SOURCE_TYPED_MAPPING,CONNECTED,10,True,False,True,False,False,False,False,False,False
places365,346,veterinarians_office,places365-category:346,strict,NATIVE_LABEL_ONLY,False,False,NATIVE_LABEL_ONLY,NOT_ADMITTED,,True,False,False,False,False,False,False,False,False
places365,347,viaduct,places365-category:347,strict,VERIFIED_DEPICTED_TYPE,False,True,SOURCE_TYPED_MAPPING,CONNECTED,8,True,False,True,False,False,False,False,False,False
places365,348,village,places365-category:348,strict,VERIFIED_DEPICTED_TYPE,False,True,SOURCE_TYPED_MAPPING,CONNECTED,8,True,False,True,False,False,False,False,False,False
places365,349,vineyard,places365-category:349,strict,VERIFIED_DEPICTED_TYPE,False,True,SOURCE_TYPED_MAPPING,CONNECTED,9,True,False,True,False,False,False,False,False,False
places365,350,volcano,places365-category:350,strict,NATIVE_LABEL_ONLY,False,False,NATIVE_LABEL_ONLY,NOT_ADMITTED,,True,False,False,False,False,False,False,False,False
places365,351,volleyball_court/outdoor,places365-category:351,strict,VERIFIED_DEPICTED_TYPE,False,True,SOURCE_TYPED_MAPPING,CONNECTED,10,True,False,True,False,False,False,False,False,False
places365,352,waiting_room,places365-category:352,strict,VERIFIED_DEPICTED_TYPE,False,True,SOURCE_TYPED_MAPPING,CONNECTED,9,True,False,True,False,False,False,False,False,False
places365,353,water_park,places365-category:353,strict,NATIVE_LABEL_ONLY,False,False,NATIVE_LABEL_ONLY,NOT_ADMITTED,,True,False,False,False,False,False,False,False,False
places365,354,water_tower,places365-category:354,strict,VERIFIED_DEPICTED_TYPE,False,True,SOURCE_TYPED_MAPPING,CONNECTED,11,True,False,True,False,False,False,False,False,False
places365,355,waterfall,places365-category:355,strict,VERIFIED_DEPICTED_TYPE,False,True,SOURCE_TYPED_MAPPING,CONNECTED,5,True,False,True,False,False,False,False,False,False
places365,356,watering_hole,places365-category:356,strict,VERIFIED_DEPICTED_TYPE,False,True,SOURCE_TYPED_MAPPING,CONNECTED,8,True,False,True,False,False,False,False,False,False
places365,357,wave,places365-category:357,strict,NATIVE_LABEL_ONLY,False,False,NATIVE_LABEL_ONLY,NOT_ADMITTED,,True,False,False,False,False,False,False,False,False
places365,358,wet_bar,places365-category:358,strict,VERIFIED_DEPICTED_TYPE,False,True,SOURCE_TYPED_MAPPING,CONNECTED,12,True,False,True,False,False,False,False,False,False
places365,359,wheat_field,places365-category:359,strict,VERIFIED_DEPICTED_TYPE,False,True,SOURCE_TYPED_MAPPING,CONNECTED,10,True,False,True,False,False,False,False,False,False
places365,360,wind_farm,places365-category:360,strict,VERIFIED_DEPICTED_TYPE,False,True,SOURCE_TYPED_MAPPING,CONNECTED,9,True,False,True,False,False,False,False,False,False
places365,361,windmill,places365-category:361,strict,NATIVE_LABEL_ONLY,False,False,NATIVE_LABEL_ONLY,NOT_ADMITTED,,True,False,False,False,False,False,False,False,False
places365,362,yard,places365-category:362,strict,NATIVE_LABEL_ONLY,False,False,NATIVE_LABEL_ONLY,NOT_ADMITTED,,True,False,False,False,False,False,False,False,False
places365,363,youth_hostel,places365-category:363,strict,VERIFIED_DEPICTED_TYPE,False,True,SOURCE_TYPED_MAPPING,CONNECTED,8,True,False,True,False,False,False,False,False,False
places365,364,zen_garden,places365-category:364,strict,NATIVE_LABEL_ONLY,False,False,NATIVE_LABEL_ONLY,NOT_ADMITTED,,True,False,False,False,False,False,False,False,False
resisc45,0,airplane,resisc45-category:0,strict,VERIFIED_DEPICTED_TYPE,False,True,SOURCE_TYPED_MAPPING,CONNECTED,12,True,False,True,False,False,False,False,False,False
resisc45,1,airport,resisc45-category:1,strict,VERIFIED_DEPICTED_TYPE,False,True,SOURCE_TYPED_MAPPING,CONNECTED,8,True,False,True,False,False,False,False,False,False
resisc45,2,baseball_diamond,resisc45-category:2,strict,VERIFIED_DEPICTED_TYPE,False,True,SOURCE_TYPED_MAPPING,CONNECTED,9,True,False,True,False,False,False,False,False,False
resisc45,3,basketball_court,resisc45-category:3,strict,VERIFIED_DEPICTED_TYPE,False,True,SOURCE_TYPED_MAPPING,CONNECTED,10,True,False,True,False,False,False,False,False,False
resisc45,4,beach,resisc45-category:4,strict,VERIFIED_DEPICTED_TYPE,False,True,SOURCE_TYPED_MAPPING,CONNECTED,5,True,False,True,False,False,False,False,False,False
resisc45,5,bridge,resisc45-category:5,strict,NATIVE_LABEL_ONLY,False,False,NATIVE_LABEL_ONLY,NOT_ADMITTED,,True,False,False,False,False,False,False,False,False
resisc45,6,chaparral,resisc45-category:6,strict,NATIVE_LABEL_ONLY,False,False,NATIVE_LABEL_ONLY,NOT_ADMITTED,,True,False,False,False,False,False,False,False,False
resisc45,7,church,resisc45-category:7,strict,VERIFIED_DEPICTED_TYPE,False,True,SOURCE_TYPED_MAPPING,CONNECTED,9,True,False,True,False,False,False,False,False,False
resisc45,8,circular_farmland,resisc45-category:8,strict,NATIVE_LABEL_ONLY,False,False,NATIVE_LABEL_ONLY,NOT_ADMITTED,,True,False,False,False,False,False,False,False,False
resisc45,9,cloud,resisc45-category:9,strict,NATIVE_LABEL_ONLY,False,False,NATIVE_LABEL_ONLY,NOT_ADMITTED,,True,False,False,False,False,False,False,False,False
resisc45,10,commercial_area,resisc45-category:10,strict,VERIFIED_DEPICTED_TYPE,False,True,SOURCE_TYPED_MAPPING,CONNECTED,8,True,False,True,False,False,False,False,False,False
resisc45,11,dense_residential,resisc45-category:11,strict,VERIFIED_DEPICTED_TYPE,False,True,SOURCE_TYPED_MAPPING,CONNECTED,7,True,False,True,False,False,False,False,False,False
resisc45,12,desert,resisc45-category:12,strict,VERIFIED_DEPICTED_TYPE,False,True,SOURCE_TYPED_MAPPING,CONNECTED,6,True,False,True,False,False,False,False,False,False
resisc45,13,forest,resisc45-category:13,strict,VERIFIED_DEPICTED_TYPE,False,True,SOURCE_TYPED_MAPPING,CONNECTED,5,True,False,True,False,False,False,False,False,False
resisc45,14,freeway,resisc45-category:14,strict,VERIFIED_DEPICTED_TYPE,False,True,SOURCE_TYPED_MAPPING,CONNECTED,9,True,False,True,False,False,False,False,False,False
resisc45,15,golf_course,resisc45-category:15,strict,VERIFIED_DEPICTED_TYPE,False,True,SOURCE_TYPED_MAPPING,CONNECTED,8,True,False,True,False,False,False,False,False,False
resisc45,16,ground_track_field,resisc45-category:16,strict,VERIFIED_DEPICTED_TYPE,False,True,SOURCE_TYPED_MAPPING,CONNECTED,8,True,False,True,False,False,False,False,False,False
resisc45,17,harbor,resisc45-category:17,strict,NATIVE_LABEL_ONLY,False,False,NATIVE_LABEL_ONLY,NOT_ADMITTED,,True,False,False,False,False,False,False,False,False
resisc45,18,industrial_area,resisc45-category:18,strict,VERIFIED_DEPICTED_TYPE,False,True,SOURCE_TYPED_MAPPING,CONNECTED,8,True,False,True,False,False,False,False,False,False
resisc45,19,intersection,resisc45-category:19,strict,VERIFIED_DEPICTED_TYPE,False,True,SOURCE_TYPED_MAPPING,CONNECTED,8,True,False,True,False,False,False,False,False,False
resisc45,20,island,resisc45-category:20,strict,NATIVE_LABEL_ONLY,False,False,NATIVE_LABEL_ONLY,NOT_ADMITTED,,True,False,False,False,False,False,False,False,False
resisc45,21,lake,resisc45-category:21,strict,NATIVE_LABEL_ONLY,False,False,NATIVE_LABEL_ONLY,NOT_ADMITTED,,True,False,False,False,False,False,False,False,False
resisc45,22,meadow,resisc45-category:22,strict,VERIFIED_DEPICTED_TYPE,False,True,SOURCE_TYPED_MAPPING,CONNECTED,7,True,False,True,False,False,False,False,False,False
resisc45,23,medium_residential,resisc45-category:23,strict,VERIFIED_DEPICTED_TYPE,False,True,SOURCE_TYPED_MAPPING,CONNECTED,7,True,False,True,False,False,False,False,False,False
resisc45,24,mobile_home_park,resisc45-category:24,strict,NATIVE_LABEL_ONLY,False,False,NATIVE_LABEL_ONLY,NOT_ADMITTED,,True,False,False,False,False,False,False,False,False
resisc45,25,mountain,resisc45-category:25,strict,VERIFIED_DEPICTED_TYPE,False,True,SOURCE_TYPED_MAPPING,CONNECTED,6,True,False,True,False,False,False,False,False,False
resisc45,26,overpass,resisc45-category:26,strict,VERIFIED_DEPICTED_TYPE,False,True,SOURCE_TYPED_MAPPING,CONNECTED,8,True,False,True,False,False,False,False,False,False
resisc45,27,palace,resisc45-category:27,strict,NATIVE_LABEL_ONLY,False,False,NATIVE_LABEL_ONLY,NOT_ADMITTED,,True,False,False,False,False,False,False,False,False
resisc45,28,parking_lot,resisc45-category:28,strict,VERIFIED_DEPICTED_TYPE,False,True,SOURCE_TYPED_MAPPING,CONNECTED,9,True,False,True,False,False,False,False,False,False
resisc45,29,railway,resisc45-category:29,strict,VERIFIED_DEPICTED_TYPE,False,True,SOURCE_TYPED_MAPPING,CONNECTED,7,True,False,True,False,False,False,False,False,False
resisc45,30,railway_station,resisc45-category:30,strict,VERIFIED_DEPICTED_TYPE,False,True,SOURCE_TYPED_MAPPING,CONNECTED,9,True,False,True,False,False,False,False,False,False
resisc45,31,rectangular_farmland,resisc45-category:31,strict,NATIVE_LABEL_ONLY,False,False,NATIVE_LABEL_ONLY,NOT_ADMITTED,,True,False,False,False,False,False,False,False,False
resisc45,32,river,resisc45-category:32,strict,VERIFIED_DEPICTED_TYPE,False,True,SOURCE_TYPED_MAPPING,CONNECTED,6,True,False,True,False,False,False,False,False,False
resisc45,33,roundabout,resisc45-category:33,strict,NATIVE_LABEL_ONLY,False,False,NATIVE_LABEL_ONLY,NOT_ADMITTED,,True,False,False,False,False,False,False,False,False
resisc45,34,runway,resisc45-category:34,strict,NATIVE_LABEL_ONLY,False,False,NATIVE_LABEL_ONLY,NOT_ADMITTED,,True,False,False,False,False,False,False,False,False
resisc45,35,sea_ice,resisc45-category:35,strict,NATIVE_LABEL_ONLY,False,False,NATIVE_LABEL_ONLY,NOT_ADMITTED,,True,False,False,False,False,False,False,False,False
resisc45,36,ship,resisc45-category:36,strict,VERIFIED_DEPICTED_TYPE,False,True,SOURCE_TYPED_MAPPING,CONNECTED,11,True,False,True,False,False,False,False,False,False
resisc45,37,snowberg,resisc45-category:37,strict,NATIVE_LABEL_ONLY,False,False,NATIVE_LABEL_ONLY,NOT_ADMITTED,,True,False,False,False,False,False,False,False,False
resisc45,38,sparse_residential,resisc45-category:38,strict,VERIFIED_DEPICTED_TYPE,False,True,SOURCE_TYPED_MAPPING,CONNECTED,7,True,False,True,False,False,False,False,False,False
resisc45,39,stadium,resisc45-category:39,strict,VERIFIED_DEPICTED_TYPE,False,True,SOURCE_TYPED_MAPPING,CONNECTED,7,True,False,True,False,False,False,False,False,False
resisc45,40,storage_tank,resisc45-category:40,strict,VERIFIED_DEPICTED_TYPE,False,True,SOURCE_TYPED_MAPPING,CONNECTED,9,True,False,True,False,False,False,False,False,False
resisc45,41,tennis_court,resisc45-category:41,strict,VERIFIED_DEPICTED_TYPE,False,True,SOURCE_TYPED_MAPPING,CONNECTED,10,True,False,True,False,False,False,False,False,False
resisc45,42,terrace,resisc45-category:42,strict,NATIVE_LABEL_ONLY,False,False,NATIVE_LABEL_ONLY,NOT_ADMITTED,,True,False,False,False,False,False,False,False,False
resisc45,43,thermal_power_station,resisc45-category:43,strict,VERIFIED_DEPICTED_TYPE,False,True,SOURCE_TYPED_MAPPING,CONNECTED,8,True,False,True,False,False,False,False,False,False
resisc45,44,wetland,resisc45-category:44,strict,VERIFIED_DEPICTED_TYPE,False,True,SOURCE_TYPED_MAPPING,CONNECTED,5,True,False,True,False,False,False,False,False,False
stanford_cars,1,AM General Hummer SUV 2000,v26-car:9f68263aa2797f355941bfa9dd0833a1,strict,VERIFIED,True,True,EXACT_IDENTITY,CONNECTED,12,True,True,True,False,False,False,False,True,False
stanford_cars,2,Acura RL Sedan 2012,epa:32066,strict,VERIFIED,True,True,EXACT_IDENTITY,CONNECTED,12,True,True,True,False,False,False,False,True,False
stanford_cars,3,Acura TL Sedan 2012,v26-car:6eb94c4335ef3ca22ffb76de87e74f49,strict,VERIFIED,True,True,EXACT_IDENTITY,CONNECTED,12,True,True,True,False,False,False,False,True,False
stanford_cars,4,Acura TL Type-S 2008,v26-car:9339eb2c53d9776691601e6758f83e8e,strict,VERIFIED,True,True,EXACT_IDENTITY,CONNECTED,12,True,True,True,False,False,False,False,True,False
stanford_cars,5,Acura TSX Sedan 2012,v26-car:ffb8fdc4fdb3019c03c850a2e83a830a,strict,VERIFIED,True,True,EXACT_IDENTITY,CONNECTED,9,True,True,True,False,False,False,False,True,False
stanford_cars,6,Acura Integra Type R 2001,v26-car:fcb8ab77e9d9e3a78b2282b7dc18cba9,strict,VERIFIED,True,True,EXACT_IDENTITY,CONNECTED,12,True,True,True,False,False,False,False,True,False
stanford_cars,7,Acura ZDX Hatchback 2012,v26-car:7169c5459767781fe16b200d312cfeaf,strict,VERIFIED,True,True,EXACT_IDENTITY,CONNECTED,12,True,True,True,False,False,False,False,True,False
stanford_cars,8,Aston Martin V8 Vantage Convertible 2012,v26-car:0458a07d5ad05c0f6fbca341fcc7c6ca,strict,VERIFIED,True,True,EXACT_IDENTITY,CONNECTED,12,True,True,True,False,False,False,False,True,False
stanford_cars,9,Aston Martin V8 Vantage Coupe 2012,v26-car:de50a3ec4af2c4886a6870a625c1fc9f,strict,VERIFIED,True,True,EXACT_IDENTITY,CONNECTED,12,True,True,True,False,False,False,False,True,False
stanford_cars,10,Aston Martin Virage Convertible 2012,vehicle-configuration:2c84c8d0b2817e5f636938fd4bf7c3f6,strict,VERIFIED,True,True,EXACT_IDENTITY,CONNECTED,10,True,True,True,True,False,False,False,True,False
stanford_cars,11,Aston Martin Virage Coupe 2012,vehicle-configuration:820278f969fce647260e365ad02fab76,strict,VERIFIED,True,True,EXACT_IDENTITY,CONNECTED,10,True,True,True,True,False,False,False,True,False
stanford_cars,12,Audi RS 4 Convertible 2008,v26-car:78107acfa137a9c677b88fa4dbb1e4cc,strict,VERIFIED,True,True,EXACT_IDENTITY,CONNECTED,9,True,True,True,False,False,False,False,True,False
stanford_cars,13,Audi A5 Coupe 2012,v26-car:99541d47ecfd76665ed2c081b133bb48,strict,VERIFIED,True,True,EXACT_IDENTITY,CONNECTED,12,True,True,True,False,False,False,False,True,False
stanford_cars,14,Audi TTS Coupe 2012,v26-car:172307e18a60e4148ed1251ddfe41c36,strict,VERIFIED,True,True,EXACT_IDENTITY,CONNECTED,12,True,True,True,False,False,False,False,True,False
stanford_cars,15,Audi R8 Coupe 2012,v26-car:7357bbd71ffb09fa6ff54c4826ea1390,strict,VERIFIED,True,True,EXACT_IDENTITY,CONNECTED,9,True,True,True,False,False,False,False,True,False
stanford_cars,16,Audi V8 Sedan 1994,epa:10852,strict,VERIFIED,True,True,EXACT_IDENTITY,CONNECTED,12,True,True,True,False,False,False,False,True,False
stanford_cars,17,Audi 100 Sedan 1994,v26-car:0c43225ae19f3ea02af395b8f6691db0,strict,VERIFIED,True,True,EXACT_IDENTITY,CONNECTED,12,True,True,True,False,False,False,False,True,False
stanford_cars,18,Audi 100 Wagon 1994,v26-car:e861385eef8a92b75de9193a7ba12349,strict,VERIFIED,True,True,EXACT_IDENTITY,CONNECTED,12,True,True,True,False,False,False,False,True,False
stanford_cars,19,Audi TT Hatchback 2011,v26-car:e67b0efe556ce2872ad4b458e7bd573c,strict,VERIFIED,True,True,EXACT_IDENTITY,CONNECTED,12,True,True,True,False,False,False,False,True,False
stanford_cars,20,Audi S6 Sedan 2011,epa:30357,strict,VERIFIED,True,True,EXACT_IDENTITY,CONNECTED,12,True,True,True,False,False,False,False,True,False
stanford_cars,21,Audi S5 Convertible 2012,v26-car:86e5b8d4487f57f27e80dbca69d3edce,strict,VERIFIED,True,True,EXACT_IDENTITY,CONNECTED,12,True,True,True,False,False,False,False,True,False
stanford_cars,22,Audi S5 Coupe 2012,v26-car:e27b64ebce9e7bd7bac6828d2cc03eef,strict,VERIFIED,True,True,EXACT_IDENTITY,CONNECTED,12,True,True,True,False,False,False,False,True,False
stanford_cars,23,Audi S4 Sedan 2012,v26-car:269b6fe53c91d4e5cbb70fd1848f4c3a,strict,VERIFIED,True,True,EXACT_IDENTITY,CONNECTED,12,True,True,True,False,False,False,False,True,False
stanford_cars,24,Audi S4 Sedan 2007,v26-car:6ce20ad3cabb7acc80f08e4705a0af8b,strict,VERIFIED,True,True,EXACT_IDENTITY,CONNECTED,12,True,True,True,False,False,False,False,True,False
stanford_cars,25,Audi TT RS Coupe 2012,epa:31567,strict,VERIFIED,True,True,EXACT_IDENTITY,CONNECTED,12,True,True,True,False,False,False,False,True,False
stanford_cars,26,BMW ActiveHybrid 5 Sedan 2012,epa:33363,strict,VERIFIED,True,True,EXACT_IDENTITY,CONNECTED,12,True,True,True,False,False,False,False,True,False
stanford_cars,27,BMW 1 Series Convertible 2012,v26-car:39aca576ed30a21d47637fdfed31eb34,strict,VERIFIED,True,True,EXACT_IDENTITY,CONNECTED,12,True,True,True,False,False,False,False,True,False
stanford_cars,28,BMW 1 Series Coupe 2012,v26-car:dc09ccac75917cff03a03b2e86c3dccf,strict,VERIFIED,True,True,EXACT_IDENTITY,CONNECTED,12,True,True,True,False,False,False,False,True,False
stanford_cars,29,BMW 3 Series Sedan 2012,v26-car:cd5cfd3fc37471a95e2bc4f97e78e0b4,strict,VERIFIED,True,True,EXACT_IDENTITY,CONNECTED,12,True,True,True,False,False,False,False,True,False
stanford_cars,30,BMW 3 Series Wagon 2012,v26-car:a7abae57b574b3bf56906b8058bfdc4a,strict,VERIFIED,True,True,EXACT_IDENTITY,CONNECTED,12,True,True,True,False,False,False,False,True,False
stanford_cars,31,BMW 6 Series Convertible 2007,v26-car:7cd979723703dba5612904ac4a4474a0,strict,VERIFIED,True,True,EXACT_IDENTITY,CONNECTED,12,True,True,True,False,False,False,False,True,False
stanford_cars,32,BMW X5 SUV 2007,v26-car:f1a6559c9590907b2c8f6fc523ea2224,strict,VERIFIED,True,True,EXACT_IDENTITY,CONNECTED,12,True,True,True,False,False,False,False,True,False
stanford_cars,33,BMW X6 SUV 2012,v26-car:eb4430ca15cf42bd3f2124baa88e0d12,strict,VERIFIED,True,True,EXACT_IDENTITY,CONNECTED,12,True,True,True,False,False,False,False,True,False
stanford_cars,34,BMW M3 Coupe 2012,v26-car:d1a987fd70deddeff1ff248c5e5cf0a5,strict,VERIFIED,True,True,EXACT_IDENTITY,CONNECTED,12,True,True,True,False,False,False,False,True,False
stanford_cars,35,BMW M5 Sedan 2010,v26-car:45b5b84b63f5a17bcd376aca233aba5d,strict,VERIFIED,True,True,EXACT_IDENTITY,CONNECTED,12,True,True,True,False,False,False,False,True,False
stanford_cars,36,BMW M6 Convertible 2010,v26-car:5fc64e03f76d458f97b628d3478d7480,strict,VERIFIED,True,True,EXACT_IDENTITY,CONNECTED,12,True,True,True,False,False,False,False,True,False
stanford_cars,37,BMW X3 SUV 2012,v26-car:e5c52517be9b228d08df83148d08acf3,strict,VERIFIED,True,True,EXACT_IDENTITY,CONNECTED,12,True,True,True,False,False,False,False,True,False
stanford_cars,38,BMW Z4 Convertible 2012,v26-car:221dcfea2c541b6ed1dacfe79513a41b,strict,VERIFIED,True,True,EXACT_IDENTITY,CONNECTED,12,True,True,True,False,False,False,False,True,False
stanford_cars,39,Bentley Continental Supersports Conv. Convertible 2012,v26-car:ce0e2122ef5934845a6affce1f124789,strict,VERIFIED,True,True,EXACT_IDENTITY,CONNECTED,12,True,True,True,False,False,False,False,True,False
stanford_cars,40,Bentley Arnage Sedan 2009,epa:25267,strict,VERIFIED,True,True,EXACT_IDENTITY,CONNECTED,9,True,True,True,False,False,False,False,True,False
stanford_cars,41,Bentley Mulsanne Sedan 2011,epa:31007,strict,VERIFIED,True,True,EXACT_IDENTITY,CONNECTED,9,True,True,True,False,False,False,False,True,False
stanford_cars,42,Bentley Continental GT Coupe 2012,epa:31181,strict,VERIFIED,True,True,EXACT_IDENTITY,CONNECTED,12,True,True,True,False,False,False,False,True,False
stanford_cars,43,Bentley Continental GT Coupe 2007,epa:23172,strict,VERIFIED,True,True,EXACT_IDENTITY,CONNECTED,12,True,True,True,False,False,False,False,True,False
stanford_cars,44,Bentley Continental Flying Spur Sedan 2007,epa:23239,strict,VERIFIED,True,True,EXACT_IDENTITY,CONNECTED,12,True,True,True,False,False,False,False,True,False
stanford_cars,45,Bugatti Veyron 16.4 Convertible 2009,v26-car:f0fa65bbae967b00e069e832b2775042,strict,VERIFIED,True,True,EXACT_IDENTITY,CONNECTED,12,True,True,True,False,False,False,False,True,False
stanford_cars,46,Bugatti Veyron 16.4 Coupe 2009,v26-car:ae49940a0fb83893f192d05fa3097898,strict,VERIFIED,True,True,EXACT_IDENTITY,CONNECTED,12,True,True,True,False,False,False,False,True,False
stanford_cars,47,Buick Regal GS 2012,v26-car:853400578726d74578bacc9c6e5db42b,strict,VERIFIED,True,True,EXACT_IDENTITY,CONNECTED,12,True,True,True,False,False,False,False,True,False
stanford_cars,48,Buick Rainier SUV 2007,v26-car:c38787aa512709138ce05978e2753481,strict,VERIFIED,True,True,EXACT_IDENTITY,CONNECTED,9,True,True,True,False,False,False,False,True,False
stanford_cars,49,Buick Verano Sedan 2012,epa:32160,strict,VERIFIED,True,True,EXACT_IDENTITY,CONNECTED,12,True,True,True,False,False,False,False,True,False
stanford_cars,50,Buick Enclave SUV 2012,v26-car:3224ad9dfdee412fe2084a060b6263bf,strict,VERIFIED,True,True,EXACT_IDENTITY,CONNECTED,12,True,True,True,False,False,False,False,True,False
stanford_cars,51,Cadillac CTS-V Sedan 2012,v26-car:600809234c0642124ffc0725c737244a,strict,VERIFIED,True,True,EXACT_IDENTITY,CONNECTED,12,True,True,True,False,False,False,False,True,False
stanford_cars,52,Cadillac SRX SUV 2012,v26-car:594dbf16867afe0b525a947585738218,strict,VERIFIED,True,True,EXACT_IDENTITY,CONNECTED,9,True,True,True,False,False,False,False,True,False
stanford_cars,53,Cadillac Escalade EXT Crew Cab 2007,v26-car:cffaf308246862ee9997d40097afb011,strict,VERIFIED,True,True,EXACT_IDENTITY,CONNECTED,12,True,True,True,False,False,False,False,True,False
stanford_cars,54,Chevrolet Silverado 1500 Hybrid Crew Cab 2012,v26-car:776386917223d97436a271b7bfb5f7b3,strict,VERIFIED,True,True,EXACT_IDENTITY,CONNECTED,12,True,True,True,False,False,False,False,True,False
stanford_cars,55,Chevrolet Corvette Convertible 2012,v26-car:d848d2f704a1a9dae824017e84438ef5,strict,VERIFIED,True,True,EXACT_IDENTITY,CONNECTED,9,True,True,True,False,False,False,False,True,False
stanford_cars,56,Chevrolet Corvette ZR1 2012,v26-car:a5282ffb380a20288218adad2a63170d,strict,VERIFIED,True,True,EXACT_IDENTITY,CONNECTED,12,True,True,True,False,False,False,False,True,False
stanford_cars,57,Chevrolet Corvette Ron Fellows Edition Z06 2007,v26-car:e86b979a5c6bb0b82129a9af86d01a23,strict,VERIFIED,True,True,EXACT_IDENTITY,CONNECTED,12,True,True,True,False,False,False,False,True,False
stanford_cars,58,Chevrolet Traverse SUV 2012,v26-car:afaf907e4d14b681f5e72f46e5e4be5b,strict,VERIFIED,True,True,EXACT_IDENTITY,CONNECTED,9,True,True,True,False,False,False,False,True,False
stanford_cars,59,Chevrolet Camaro Convertible 2012,v26-car:a4b6b4bc75bd4e357e1036bf3ff1bbb5,strict,VERIFIED,True,True,EXACT_IDENTITY,CONNECTED,9,True,True,True,False,False,False,False,True,False
stanford_cars,60,Chevrolet HHR SS 2010,v26-car:1da04044dc54b9faf1f2be43df689a3c,strict,VERIFIED,True,True,EXACT_IDENTITY,CONNECTED,12,True,True,True,False,False,False,False,True,False
stanford_cars,61,Chevrolet Impala Sedan 2007,v26-car:62ae749ac59501c4107546028b04c430,strict,VERIFIED,True,True,EXACT_IDENTITY,CONNECTED,12,True,True,True,False,False,False,False,True,False
stanford_cars,62,Chevrolet Tahoe Hybrid SUV 2012,v26-car:21bece7e8ef06032e72cd8b39e59fbac,strict,VERIFIED,True,True,EXACT_IDENTITY,CONNECTED,9,True,True,True,False,False,False,False,True,False
stanford_cars,63,Chevrolet Sonic Sedan 2012,v26-car:760d8db381519d27c28358b333254367,strict,VERIFIED,True,True,EXACT_IDENTITY,CONNECTED,9,True,True,True,False,False,False,False,True,False
stanford_cars,64,Chevrolet Express Cargo Van 2007,v26-car:c88df0601baf6390ab5c05a5b03e2ed6,strict,VERIFIED,True,True,EXACT_IDENTITY,CONNECTED,12,True,True,True,False,False,False,False,True,False
stanford_cars,65,Chevrolet Avalanche Crew Cab 2012,v26-car:84e32ca13138ab4c75b03ac009d99c6a,strict,VERIFIED,True,True,EXACT_IDENTITY,CONNECTED,12,True,True,True,False,False,False,False,True,False
stanford_cars,66,Chevrolet Cobalt SS 2010,v26-car:bbfed5d978feeeceb195101708fe844f,strict,VERIFIED,True,True,EXACT_IDENTITY,CONNECTED,12,True,True,True,False,False,False,False,True,False
stanford_cars,67,Chevrolet Malibu Hybrid Sedan 2010,v26-car:160adc27944baeb4e7d6ef9e03392d9b,strict,VERIFIED,True,True,EXACT_IDENTITY,CONNECTED,9,True,True,True,False,False,False,False,True,False
stanford_cars,68,Chevrolet TrailBlazer SS 2009,v26-car:63fa5c96bde5f2c473c91b11fbda380d,strict,VERIFIED,True,True,EXACT_IDENTITY,CONNECTED,12,True,True,True,False,False,False,False,True,False
stanford_cars,69,Chevrolet Silverado 2500HD Regular Cab 2012,v26-car:3dc101f15b58e583be64dbab0a47c557,strict,VERIFIED,True,True,EXACT_IDENTITY,CONNECTED,12,True,True,True,False,False,False,False,True,False
stanford_cars,70,Chevrolet Silverado 1500 Classic Extended Cab 2007,v26-car:f99c82ab08b78ee298a6f16229a50c0a,strict,VERIFIED,True,True,EXACT_IDENTITY,CONNECTED,12,True,True,True,False,False,False,False,True,False
stanford_cars,71,Chevrolet Express Van 2007,v26-car:098b82acabcbb52be355a34c09627290,strict,VERIFIED,True,True,EXACT_IDENTITY,CONNECTED,12,True,True,True,False,False,False,False,True,False
stanford_cars,72,Chevrolet Monte Carlo Coupe 2007,v26-car:b0542799b2276e8f8f580f1dcd6e6d8a,strict,VERIFIED,True,True,EXACT_IDENTITY,CONNECTED,9,True,True,True,False,False,False,False,True,False
stanford_cars,73,Chevrolet Malibu Sedan 2007,v26-car:86b2becac8feb27dec208168a356e731,strict,VERIFIED,True,True,EXACT_IDENTITY,CONNECTED,9,True,True,True,False,False,False,False,True,False
stanford_cars,74,Chevrolet Silverado 1500 Extended Cab 2012,v26-car:88a5959e64dd7077d1d28052b2ab89d4,strict,VERIFIED,True,True,EXACT_IDENTITY,CONNECTED,12,True,True,True,False,False,False,False,True,False
stanford_cars,75,Chevrolet Silverado 1500 Regular Cab 2012,v26-car:1f51ac8969ce4e47453e4c85101d99b9,strict,VERIFIED,True,True,EXACT_IDENTITY,CONNECTED,12,True,True,True,False,False,False,False,True,False
stanford_cars,76,Chrysler Aspen SUV 2009,v26-car:7307b3190a435e367eb4a216e203fc87,strict,VERIFIED,True,True,EXACT_IDENTITY,CONNECTED,9,True,True,True,False,False,False,False,True,False
stanford_cars,77,Chrysler Sebring Convertible 2010,v26-car:f94681984f71d81662ac7b85a0e46c10,strict,VERIFIED,True,True,EXACT_IDENTITY,CONNECTED,9,True,True,True,False,False,False,False,True,False
stanford_cars,78,Chrysler Town and Country Minivan 2012,epa:31461,strict,VERIFIED,True,True,EXACT_IDENTITY,CONNECTED,9,True,True,True,False,False,False,False,True,False
stanford_cars,79,Chrysler 300 SRT-8 2010,v26-car:18f27f04afd45659e57ec52f99e758df,strict,VERIFIED,True,True,EXACT_IDENTITY,CONNECTED,12,True,True,True,False,False,False,False,True,False
stanford_cars,80,Chrysler Crossfire Convertible 2008,v26-car:5baa3cd910d1300a42958ec3cd5b25c2,strict,VERIFIED,True,True,EXACT_IDENTITY,CONNECTED,12,True,True,True,False,False,False,False,True,False
stanford_cars,81,Chrysler PT Cruiser Convertible 2008,v26-car:1d86ad9aa5e66ea7829c080fd54e199f,strict,VERIFIED,True,True,EXACT_IDENTITY,CONNECTED,9,True,True,True,False,False,False,False,True,False
stanford_cars,82,Daewoo Nubira Wagon 2002,v26-car:b8c597634c9f2164a7edc2e3e9ae8d23,strict,VERIFIED,True,True,EXACT_IDENTITY,CONNECTED,12,True,True,True,False,False,False,False,True,False
stanford_cars,83,Dodge Caliber Wagon 2012,v26-car:5620ae81d0e97fa9fe9e53ccba6f3ecf,strict,VERIFIED,True,True,EXACT_IDENTITY,CONNECTED,12,True,True,True,False,False,False,False,True,False
stanford_cars,84,Dodge Caliber Wagon 2007,v26-car:fda411e3ec490a41c783531facb59166,strict,VERIFIED,True,True,EXACT_IDENTITY,CONNECTED,12,True,True,True,False,False,False,False,True,False
stanford_cars,85,Dodge Caravan Minivan 1997,v26-car:2d80f63799f7fa1821834ef35e3711cb,strict,VERIFIED,True,True,EXACT_IDENTITY,CONNECTED,12,True,True,True,False,False,False,False,True,False
stanford_cars,86,Dodge Ram Pickup 3500 Crew Cab 2010,v26-car:6eedbcc6dc0c302aafc139d821e9f0c0,strict,VERIFIED,True,True,EXACT_IDENTITY,CONNECTED,12,True,True,True,False,False,False,False,True,False
stanford_cars,87,Dodge Ram Pickup 3500 Quad Cab 2009,v26-car:c8c37418b9ffa07281b898e46d70666b,strict,VERIFIED,True,True,EXACT_IDENTITY,CONNECTED,12,True,True,True,False,False,False,False,True,False
stanford_cars,88,Dodge Sprinter Cargo Van 2009,v26-car:7024ef0c0339307f2e3a7c75524c04a0,strict,VERIFIED,True,True,EXACT_IDENTITY,CONNECTED,12,True,True,True,False,False,False,False,True,False
stanford_cars,89,Dodge Journey SUV 2012,v26-car:b7cfe4e94b6f6869d83978574ecae879,strict,VERIFIED,True,True,EXACT_IDENTITY,CONNECTED,12,True,True,True,False,False,False,False,True,False
stanford_cars,90,Dodge Dakota Crew Cab 2010,v26-car:01c33d5a16aaa2c77b5fd3863d5f7813,strict,VERIFIED,True,True,EXACT_IDENTITY,CONNECTED,12,True,True,True,False,False,False,False,True,False
stanford_cars,91,Dodge Dakota Club Cab 2007,v26-car:212bc6857060f73e7e684088c1a87cad,strict,VERIFIED,True,True,EXACT_IDENTITY,CONNECTED,12,True,True,True,False,False,False,False,True,False
stanford_cars,92,Dodge Magnum Wagon 2008,v26-car:f7c9bdafe145ebee4c9967047b584306,strict,VERIFIED,True,True,EXACT_IDENTITY,CONNECTED,12,True,True,True,False,False,False,False,True,False
stanford_cars,93,Dodge Challenger SRT8 2011,v26-car:904204c3d602d7d45ca4bdc520b3df55,strict,VERIFIED,True,True,EXACT_IDENTITY,CONNECTED,9,True,True,True,False,False,False,False,True,False
stanford_cars,94,Dodge Durango SUV 2012,v26-car:b86c05981a898627883c07e24ca1fd00,strict,VERIFIED,True,True,EXACT_IDENTITY,CONNECTED,12,True,True,True,False,False,False,False,True,False
stanford_cars,95,Dodge Durango SUV 2007,v26-car:bf39dc45b392aae8aa7282a15c4a15c0,strict,VERIFIED,True,True,EXACT_IDENTITY,CONNECTED,12,True,True,True,False,False,False,False,True,False
stanford_cars,96,Dodge Charger Sedan 2012,v26-car:2745158617df35a6696a78f88b5c87cd,strict,VERIFIED,True,True,EXACT_IDENTITY,CONNECTED,12,True,True,True,False,False,False,False,True,False
stanford_cars,97,Dodge Charger SRT-8 2009,v26-car:d09c6fa95d806d4f28283f55a3f8c9ee,strict,VERIFIED,True,True,EXACT_IDENTITY,CONNECTED,12,True,True,True,False,False,False,False,True,False
stanford_cars,98,Eagle Talon Hatchback 1998,v26-car:e614e160a05d5c2b4bca77e696719cc7,strict,VERIFIED,True,True,EXACT_IDENTITY,CONNECTED,12,True,True,True,False,False,False,False,True,False
stanford_cars,99,FIAT 500 Abarth 2012,v26-car:38e77701220320c83ba284908e9f9eae,strict,VERIFIED,True,True,EXACT_IDENTITY,CONNECTED,9,True,True,True,False,False,False,False,True,False
stanford_cars,100,FIAT 500 Convertible 2012,v26-car:ed9a64db887c160873e52bb83e7c158c,strict,VERIFIED,True,True,EXACT_IDENTITY,CONNECTED,9,True,True,True,False,False,False,False,True,False
stanford_cars,101,Ferrari FF Coupe 2012,v26-car:7683808395d814c695c1609bddfbea31,strict,VERIFIED,True,True,EXACT_IDENTITY,CONNECTED,9,True,True,True,False,False,False,False,True,False
stanford_cars,102,Ferrari California Convertible 2012,v26-car:86bfd9c0b31999988a9529bdad1e3fd6,strict,VERIFIED,True,True,EXACT_IDENTITY,CONNECTED,9,True,True,True,False,False,False,False,True,False
stanford_cars,103,Ferrari 458 Italia Convertible 2012,v26-car:97fdd4532bd7966227e89cc1e4e9e38d,strict,VERIFIED,True,True,EXACT_IDENTITY,CONNECTED,12,True,True,True,False,False,False,False,True,False
stanford_cars,104,Ferrari 458 Italia Coupe 2012,v26-car:16a9d00b2c96999ce857cc62fd77db46,strict,VERIFIED,True,True,EXACT_IDENTITY,CONNECTED,12,True,True,True,False,False,False,False,True,False
stanford_cars,105,Fisker Karma Sedan 2012,epa:32516,strict,VERIFIED,True,True,EXACT_IDENTITY,CONNECTED,9,True,True,True,False,False,False,False,True,False
stanford_cars,106,Ford F-450 Super Duty Crew Cab 2012,v26-car:1827d72d6314c492100a6288548cab8d,strict,VERIFIED,True,True,EXACT_IDENTITY,CONNECTED,12,True,True,True,False,False,False,False,True,False
stanford_cars,107,Ford Mustang Convertible 2007,v26-car:9564195f0bd940214ad96a16becf5c72,strict,VERIFIED,True,True,EXACT_IDENTITY,CONNECTED,12,True,True,True,False,False,False,False,True,False
stanford_cars,108,Ford Freestar Minivan 2007,v26-car:8c180984fc1e3049f84d31c9272b6682,strict,VERIFIED,True,True,EXACT_IDENTITY,CONNECTED,12,True,True,True,False,False,False,False,True,False
stanford_cars,109,Ford Expedition EL SUV 2009,v26-car:4e05e746f14d7af7873481b9547406a9,strict,VERIFIED,True,True,EXACT_IDENTITY,CONNECTED,12,True,True,True,False,False,False,False,True,False
stanford_cars,110,Ford Edge SUV 2012,v26-car:1b18c8712b8eca62a8def8131cbe5224,strict,VERIFIED,True,True,EXACT_IDENTITY,CONNECTED,9,True,True,True,False,False,False,False,True,False
stanford_cars,111,Ford Ranger SuperCab 2011,v26-car:a42ce2a5c0c774d31111f3acc06956d7,strict,VERIFIED,True,True,EXACT_IDENTITY,CONNECTED,12,True,True,True,False,False,False,False,True,False
stanford_cars,112,Ford GT Coupe 2006,v26-car:758c0020bfbca4b9c146596cc0d33899,strict,VERIFIED,True,True,EXACT_IDENTITY,CONNECTED,9,True,True,True,False,False,False,False,True,False
stanford_cars,113,Ford F-150 Regular Cab 2012,v26-car:61992490402348434957ada4f4094bff,strict,VERIFIED,True,True,EXACT_IDENTITY,CONNECTED,12,True,True,True,False,False,False,False,True,False
stanford_cars,114,Ford F-150 Regular Cab 2007,v26-car:d0e64dd2c95e7620e9b440c7752aed54,strict,VERIFIED,True,True,EXACT_IDENTITY,CONNECTED,12,True,True,True,False,False,False,False,True,False
stanford_cars,115,Ford Focus Sedan 2007,v26-car:297a168f4599d9b3a494bbdde54603ab,strict,VERIFIED,True,True,EXACT_IDENTITY,CONNECTED,12,True,True,True,False,False,False,False,True,False
stanford_cars,116,Ford E-Series Wagon Van 2012,v26-car:0e9414c5e4be4cb254f7d7774e574af5,strict,VERIFIED,True,True,EXACT_IDENTITY,CONNECTED,12,True,True,True,False,False,False,False,True,False
stanford_cars,117,Ford Fiesta Sedan 2012,v26-car:f0f33d284ad66d4f7b9e33c025f7e735,strict,VERIFIED,True,True,EXACT_IDENTITY,CONNECTED,9,True,True,True,False,False,False,False,True,False
stanford_cars,118,GMC Terrain SUV 2012,v26-car:98a1b1f5c6085a979531adf5b7fe0347,strict,VERIFIED,True,True,EXACT_IDENTITY,CONNECTED,9,True,True,True,False,False,False,False,True,False
stanford_cars,119,GMC Savana Van 2012,v26-car:000660014e4d80251239ea777bae6666,strict,VERIFIED,True,True,EXACT_IDENTITY,CONNECTED,12,True,True,True,False,False,False,False,True,False
stanford_cars,120,GMC Yukon Hybrid SUV 2012,v26-car:664daf621e87c63f2c05c99638476197,strict,VERIFIED,True,True,EXACT_IDENTITY,CONNECTED,12,True,True,True,False,False,False,False,True,False
stanford_cars,121,GMC Acadia SUV 2012,v26-car:807a38dd1ffd2d68e6606740cb57031c,strict,VERIFIED,True,True,EXACT_IDENTITY,CONNECTED,12,True,True,True,False,False,False,False,True,False
stanford_cars,122,GMC Canyon Extended Cab 2012,v26-car:460abd7a49662fb48d898366d732a3ff,strict,VERIFIED,True,True,EXACT_IDENTITY,CONNECTED,12,True,True,True,False,False,False,False,True,False
stanford_cars,123,Geo Metro Convertible 1993,v26-car:573089bdeaa49ef1b9fa2c58bc815814,strict,VERIFIED,True,True,EXACT_IDENTITY,CONNECTED,12,True,True,True,False,False,False,False,True,False
stanford_cars,124,HUMMER H3T Crew Cab 2010,v26-car:7bef180ba8119a403855f8b10b11edb4,strict,VERIFIED,True,True,EXACT_IDENTITY,CONNECTED,12,True,True,True,False,False,False,False,True,False
stanford_cars,125,HUMMER H2 SUT Crew Cab 2009,v26-car:70a4168826431f97ba5b16042d990fa4,strict,VERIFIED,True,True,EXACT_IDENTITY,CONNECTED,9,True,True,True,False,False,False,False,True,False
stanford_cars,126,Honda Odyssey Minivan 2012,v26-car:fcc15d897e1573adb5fdd1b10905bc8d,strict,VERIFIED,True,True,EXACT_IDENTITY,CONNECTED,9,True,True,True,False,False,False,False,True,False
stanford_cars,127,Honda Odyssey Minivan 2007,v26-car:640ddc2e6eb56b9c48f52a2a43f9fc74,strict,VERIFIED,True,True,EXACT_IDENTITY,CONNECTED,9,True,True,True,False,False,False,False,True,False
stanford_cars,128,Honda Accord Coupe 2012,v26-car:c59886d919a2fb1bdff3f322e0d26310,strict,VERIFIED,True,True,EXACT_IDENTITY,CONNECTED,9,True,True,True,False,False,False,False,True,False
stanford_cars,129,Honda Accord Sedan 2012,v26-car:45d07ec1da258cac45286b3d650a5a5c,strict,VERIFIED,True,True,EXACT_IDENTITY,CONNECTED,9,True,True,True,False,False,False,False,True,False
stanford_cars,130,Hyundai Veloster Hatchback 2012,v26-car:621e6e534edc86141ab1ec980db59801,strict,VERIFIED,True,True,EXACT_IDENTITY,CONNECTED,9,True,True,True,False,False,False,False,True,False
stanford_cars,131,Hyundai Santa Fe SUV 2012,v26-car:a0f9fae55c575ff05b9986497d316958,strict,VERIFIED,True,True,EXACT_IDENTITY,CONNECTED,12,True,True,True,False,False,False,False,True,False
stanford_cars,132,Hyundai Tucson SUV 2012,v26-car:3801b560649ef22130cd72e27cca5b96,strict,VERIFIED,True,True,EXACT_IDENTITY,CONNECTED,9,True,True,True,False,False,False,False,True,False
stanford_cars,133,Hyundai Veracruz SUV 2012,v26-car:db8759065d8f18fb0337b05fba297a58,strict,VERIFIED,True,True,EXACT_IDENTITY,CONNECTED,9,True,True,True,False,False,False,False,True,False
stanford_cars,134,Hyundai Sonata Hybrid Sedan 2012,v26-car:ee1618d392dfff28271f3507a4f840a1,strict,VERIFIED,True,True,EXACT_IDENTITY,CONNECTED,12,True,True,True,False,False,False,False,True,False
stanford_cars,135,Hyundai Elantra Sedan 2007,v26-car:ece671ecfb086b81765e54b4a6998254,strict,VERIFIED,True,True,EXACT_IDENTITY,CONNECTED,9,True,True,True,False,False,False,False,True,False
stanford_cars,136,Hyundai Accent Sedan 2012,v26-car:deac91dacbc3eed81c2341b2560509df,strict,VERIFIED,True,True,EXACT_IDENTITY,CONNECTED,9,True,True,True,False,False,False,False,True,False
stanford_cars,137,Hyundai Genesis Sedan 2012,v26-car:26bb6d08fbc815d295c26ecca4bfbdc1,strict,VERIFIED,True,True,EXACT_IDENTITY,CONNECTED,9,True,True,True,False,False,False,False,True,False
stanford_cars,138,Hyundai Sonata Sedan 2012,v26-car:5ce3ae1ca5ccd78dad6b2f2d2a3c88f4,strict,VERIFIED,True,True,EXACT_IDENTITY,CONNECTED,12,True,True,True,False,False,False,False,True,False
stanford_cars,139,Hyundai Elantra Touring Hatchback 2012,v26-car:3a383e252a90866115fbdf57819c0ed3,strict,VERIFIED,True,True,EXACT_IDENTITY,CONNECTED,9,True,True,True,False,False,False,False,True,False
stanford_cars,140,Hyundai Azera Sedan 2012,epa:32188,strict,VERIFIED,True,True,EXACT_IDENTITY,CONNECTED,9,True,True,True,False,False,False,False,True,False
stanford_cars,141,Infiniti G Coupe IPL 2012,v26-car:8182a61449e24e433e0d1bb1104d2446,strict,VERIFIED,True,True,EXACT_IDENTITY,CONNECTED,12,True,True,True,False,False,False,False,True,False
stanford_cars,142,Infiniti QX56 SUV 2011,v26-car:961d6c639ab16793122f923888f57c65,strict,VERIFIED,True,True,EXACT_IDENTITY,CONNECTED,12,True,True,True,False,False,False,False,True,False
stanford_cars,143,Isuzu Ascender SUV 2008,v26-car:ed0ebeca5be3b7803c915c4cca43630b,strict,VERIFIED,True,True,EXACT_IDENTITY,CONNECTED,12,True,True,True,False,False,False,False,True,False
stanford_cars,144,Jaguar XK XKR 2012,v26-car:4c4b638d1f3f066bf563a313ed6a3b62,strict,VERIFIED,True,True,EXACT_IDENTITY,CONNECTED,12,True,True,True,False,False,False,False,True,False
stanford_cars,145,Jeep Patriot SUV 2012,v26-car:b36080bdba02ac1633ecdb7e86b366d3,strict,VERIFIED,True,True,EXACT_IDENTITY,CONNECTED,9,True,True,True,False,False,False,False,True,False
stanford_cars,146,Jeep Wrangler SUV 2012,v26-car:5076a817ea04284fe453ac39fcb342f8,strict,VERIFIED,True,True,EXACT_IDENTITY,CONNECTED,9,True,True,True,False,False,False,False,True,False
stanford_cars,147,Jeep Liberty SUV 2012,v26-car:1e701057e5da54e0123bdfa2a1e3c49b,strict,VERIFIED,True,True,EXACT_IDENTITY,CONNECTED,12,True,True,True,False,False,False,False,True,False
stanford_cars,148,Jeep Grand Cherokee SUV 2012,v26-car:6d403280e9b9a9f98b3d809c49a551d5,strict,VERIFIED,True,True,EXACT_IDENTITY,CONNECTED,9,True,True,True,False,False,False,False,True,False
stanford_cars,149,Jeep Compass SUV 2012,v26-car:79504647da7f0d75a07e828c0f9a40e3,strict,VERIFIED,True,True,EXACT_IDENTITY,CONNECTED,9,True,True,True,False,False,False,False,True,False
stanford_cars,150,Lamborghini Reventon Coupe 2008,v26-car:2a436916d2fcd17e0acb8f7606de5c84,strict,VERIFIED,True,True,EXACT_IDENTITY,CONNECTED,12,True,True,True,False,False,False,False,True,False
stanford_cars,151,Lamborghini Aventador Coupe 2012,epa:31087,strict,VERIFIED,True,True,EXACT_IDENTITY,CONNECTED,12,True,True,True,False,False,False,False,True,False
stanford_cars,152,Lamborghini Gallardo LP 570-4 Superleggera 2012,v26-car:4d1189d45d5aaf6dcc065b6d014fe264,strict,VERIFIED,True,True,EXACT_IDENTITY,CONNECTED,12,True,True,True,False,False,False,False,True,False
stanford_cars,153,Lamborghini Diablo Coupe 2001,v26-car:3884510a5a27b0ceee8573885a088c45,strict,VERIFIED,True,True,EXACT_IDENTITY,CONNECTED,9,True,True,True,False,False,False,False,True,False
stanford_cars,154,Land Rover Range Rover SUV 2012,v26-car:86391921906a6b3d30f0abef45f5e138,strict,VERIFIED,True,True,EXACT_IDENTITY,CONNECTED,9,True,True,True,False,False,False,False,True,False
stanford_cars,155,Land Rover LR2 SUV 2012,epa:32141,strict,VERIFIED,True,True,EXACT_IDENTITY,CONNECTED,12,True,True,True,False,False,False,False,True,False
stanford_cars,156,Lincoln Town Car Sedan 2011,v26-car:4ca2e7ac6440f3e84c5dd3fcb3c39e0a,strict,VERIFIED,True,True,EXACT_IDENTITY,CONNECTED,12,True,True,True,False,False,False,False,True,False
stanford_cars,157,MINI Cooper Roadster Convertible 2012,v26-car:1f39a5c1bc0e3fd9d0770d75d8ef3bf0,strict,VERIFIED,True,True,EXACT_IDENTITY,CONNECTED,9,True,True,True,False,False,False,False,True,False
stanford_cars,158,Maybach Landaulet Convertible 2012,epa:32320,strict,VERIFIED,True,True,EXACT_IDENTITY,CONNECTED,12,True,True,True,False,False,False,False,True,False
stanford_cars,159,Mazda Tribute SUV 2011,v26-car:cfcc0057423f86644616d81f5e8769eb,strict,VERIFIED,True,True,EXACT_IDENTITY,CONNECTED,12,True,True,True,False,False,False,False,True,False
stanford_cars,160,McLaren MP4-12C Coupe 2012,v26-car:6f732a70612e4ffa8773dafc25112084,strict,VERIFIED,True,True,EXACT_IDENTITY,CONNECTED,9,True,True,True,False,False,False,False,True,False
stanford_cars,161,Mercedes-Benz 300-Class Convertible 1993,v26-car:2c16b48b4b21409966a760bfad19662d,strict,VERIFIED,True,True,EXACT_IDENTITY,CONNECTED,12,True,True,True,False,False,False,False,True,False
stanford_cars,162,Mercedes-Benz C-Class Sedan 2012,v26-car:542052ddd27031f481753325a9cc349c,strict,VERIFIED,True,True,EXACT_IDENTITY,CONNECTED,9,True,True,True,False,False,False,False,True,False
stanford_cars,163,Mercedes-Benz SL-Class Coupe 2009,v26-car:cacd15943d5499a9262fe62199d5e8c8,strict,VERIFIED,True,True,EXACT_IDENTITY,CONNECTED,9,True,True,True,False,False,False,False,True,False
stanford_cars,164,Mercedes-Benz E-Class Sedan 2012,v26-car:c24b49c0e29aabb6c6b454662b4ba12a,strict,VERIFIED,True,True,EXACT_IDENTITY,CONNECTED,9,True,True,True,False,False,False,False,True,False
stanford_cars,165,Mercedes-Benz S-Class Sedan 2012,v26-car:e84c9e7c1f54f3bcd60fbc12b86d5add,strict,VERIFIED,True,True,EXACT_IDENTITY,CONNECTED,9,True,True,True,False,False,False,False,True,False
stanford_cars,166,Mercedes-Benz Sprinter Van 2012,v26-car:77e4e3201da676a757d0a7e418118955,strict,VERIFIED,True,True,EXACT_IDENTITY,CONNECTED,12,True,True,True,False,False,False,False,True,False
stanford_cars,167,Mitsubishi Lancer Sedan 2012,v26-car:9b403c7938a947651ecdc1ae6e35993e,strict,VERIFIED,True,True,EXACT_IDENTITY,CONNECTED,9,True,True,True,False,False,False,False,True,False
stanford_cars,168,Nissan Leaf Hatchback 2012,epa:32154,strict,VERIFIED,True,True,EXACT_IDENTITY,CONNECTED,9,True,True,True,False,False,False,False,True,False
stanford_cars,169,Nissan NV Passenger Van 2012,v26-car:8e6c9b0d4d0ce8928d79084e8473fb3d,strict,VERIFIED,True,True,EXACT_IDENTITY,CONNECTED,12,True,True,True,False,False,False,False,True,False
stanford_cars,170,Nissan Juke Hatchback 2012,v26-car:1f776c1615fc9a855ff40571c0c2f153,strict,VERIFIED,True,True,EXACT_IDENTITY,CONNECTED,9,True,True,True,False,False,False,False,True,False
stanford_cars,171,Nissan 240SX Coupe 1998,v26-car:b866227c8ab024ce31df1bfab41e5ee9,strict,VERIFIED,True,True,EXACT_IDENTITY,CONNECTED,12,True,True,True,False,False,False,False,True,False
stanford_cars,172,Plymouth Neon Coupe 1999,v26-car:7113aefa1bf219e4ef3829dbf851534e,strict,VERIFIED,True,True,EXACT_IDENTITY,CONNECTED,9,True,True,True,False,False,False,False,True,False
stanford_cars,173,Porsche Panamera Sedan 2012,epa:31805,strict,VERIFIED,True,True,EXACT_IDENTITY,CONNECTED,12,True,True,True,False,False,False,False,True,False
stanford_cars,174,Ram C/V Cargo Van Minivan 2012,epa:32228,strict,VERIFIED,True,True,EXACT_IDENTITY,CONNECTED,12,True,True,True,False,False,False,False,True,False
stanford_cars,175,Rolls-Royce Phantom Drophead Coupe Convertible 2012,v26-car:2ed42f9056e9582e5a6886445e3e479b,strict,VERIFIED,True,True,EXACT_IDENTITY,CONNECTED,9,True,True,True,False,False,False,False,True,False
stanford_cars,176,Rolls-Royce Ghost Sedan 2012,epa:32100,strict,VERIFIED,True,True,EXACT_IDENTITY,CONNECTED,9,True,True,True,False,False,False,False,True,False
stanford_cars,177,Rolls-Royce Phantom Sedan 2012,epa:31413,strict,VERIFIED,True,True,EXACT_IDENTITY,CONNECTED,9,True,True,True,False,False,False,False,True,False
stanford_cars,178,Scion xD Hatchback 2012,v26-car:36156529e0cf423c34b687ad08d8b15c,strict,VERIFIED,True,True,EXACT_IDENTITY,CONNECTED,12,True,True,True,False,False,False,False,True,False
stanford_cars,179,Spyker C8 Convertible 2009,vehicle-configuration:6e4a7d438b1894977e353fa9b8d23dc5,strict,VERIFIED,True,True,EXACT_IDENTITY,CONNECTED,10,True,True,True,True,False,False,False,True,False
stanford_cars,180,Spyker C8 Coupe 2009,vehicle-configuration:6bde90924ea65b056a3caec28897591a,strict,VERIFIED,True,True,EXACT_IDENTITY,CONNECTED,10,True,True,True,True,False,False,False,True,False
stanford_cars,181,Suzuki Aerio Sedan 2007,v26-car:5f68ce1fe49e8b68c6df2ca83373e718,strict,VERIFIED,True,True,EXACT_IDENTITY,CONNECTED,12,True,True,True,False,False,False,False,True,False
stanford_cars,182,Suzuki Kizashi Sedan 2012,v26-car:e9fed259f908bb1e814e60d2db7dbe07,strict,VERIFIED,True,True,EXACT_IDENTITY,CONNECTED,12,True,True,True,False,False,False,False,True,False
stanford_cars,183,Suzuki SX4 Hatchback 2012,v26-car:84f6c8aa869b442dcc1c5630ec20d0e6,strict,VERIFIED,True,True,EXACT_IDENTITY,CONNECTED,9,True,True,True,False,False,False,False,True,False
stanford_cars,184,Suzuki SX4 Sedan 2012,v26-car:88ab5c8072f3e1507ad8ba997442b03f,strict,VERIFIED,True,True,EXACT_IDENTITY,CONNECTED,9,True,True,True,False,False,False,False,True,False
stanford_cars,185,Tesla Model S Sedan 2012,epa:32557,strict,VERIFIED,True,True,EXACT_IDENTITY,CONNECTED,12,True,True,True,False,False,False,False,True,False
stanford_cars,186,Toyota Sequoia SUV 2012,v26-car:143a9ca5a2245714942a0d8b4bc5b4f2,strict,VERIFIED,True,True,EXACT_IDENTITY,CONNECTED,12,True,True,True,False,False,False,False,True,False
stanford_cars,187,Toyota Camry Sedan 2012,v26-car:2bd97e03d13d2b8b41db217722af6fbd,strict,VERIFIED,True,True,EXACT_IDENTITY,CONNECTED,12,True,True,True,False,False,False,False,True,False
stanford_cars,188,Toyota Corolla Sedan 2012,v26-car:62a2cfb20ee9f5f946803a324e7baaba,strict,VERIFIED,True,True,EXACT_IDENTITY,CONNECTED,12,True,True,True,False,False,False,False,True,False
stanford_cars,189,Toyota 4Runner SUV 2012,v26-car:175b252e4c14e44b7d5dd0e274119132,strict,VERIFIED,True,True,EXACT_IDENTITY,CONNECTED,12,True,True,True,False,False,False,False,True,False
stanford_cars,190,Volkswagen Golf Hatchback 2012,v26-car:6dfb3d7aec6fd5a6501d64ba9ef69d85,strict,VERIFIED,True,True,EXACT_IDENTITY,CONNECTED,12,True,True,True,False,False,False,False,True,False
stanford_cars,191,Volkswagen Golf Hatchback 1991,v26-car:c07d0cab0e31efec4ea52df21222da2e,strict,VERIFIED,True,True,EXACT_IDENTITY,CONNECTED,12,True,True,True,False,False,False,False,True,False
stanford_cars,192,Volkswagen Beetle Hatchback 2012,v26-car:9a8860fe1db8e3507bde7c72f3e83e14,strict,VERIFIED,True,True,EXACT_IDENTITY,CONNECTED,9,True,True,True,False,False,False,False,True,False
stanford_cars,193,Volvo C30 Hatchback 2012,v26-car:447ef06a2a3e1d4de7187e66bbcb3591,strict,VERIFIED,True,True,EXACT_IDENTITY,CONNECTED,9,True,True,True,False,False,False,False,True,False
stanford_cars,194,Volvo 240 Sedan 1993,v26-car:61e9675f338f619e2c13cc279e57fcb7,strict,VERIFIED,True,True,EXACT_IDENTITY,CONNECTED,12,True,True,True,False,False,False,False,True,False
stanford_cars,195,Volvo XC90 SUV 2007,v26-car:9f209cd93d7cc5aba855ff1897ded183,strict,VERIFIED,True,True,EXACT_IDENTITY,CONNECTED,9,True,True,True,False,False,False,False,True,False
stanford_cars,196,smart fortwo Convertible 2012,v26-car:81decb3fe20f6a2c83ddbd6e241094b8,strict,VERIFIED,True,True,EXACT_IDENTITY,CONNECTED,9,True,True,True,False,False,False,False,True,False
stanford_dogs,1,Chihuahua,wikidata-v4:Q653,strict,VERIFIED,True,True,EXACT_IDENTITY,CONNECTED,9,True,True,True,True,False,False,False,False,False
stanford_dogs,2,Japanese spaniel,wikidata-v4:Q38146,strict,VERIFIED,True,True,EXACT_IDENTITY,CONNECTED,9,True,True,True,True,False,False,False,False,False
stanford_dogs,3,Maltese dog,wikidata-v4:Q38751,strict,VERIFIED,True,True,EXACT_IDENTITY,CONNECTED,9,True,True,True,True,False,False,False,False,False
stanford_dogs,4,Pekinese,wikidata-v4:Q38959,strict,VERIFIED,True,True,EXACT_IDENTITY,CONNECTED,9,True,True,True,True,False,False,False,False,False
stanford_dogs,5,Shih Tzu,wikidata-v4:Q39357,strict,VERIFIED,True,True,EXACT_IDENTITY,CONNECTED,9,True,True,True,True,False,False,False,False,False
stanford_dogs,6,Blenheim spaniel,wordnet31:02089298-n,strict,VERIFIED,True,True,EXACT_IDENTITY,CONNECTED,12,True,True,True,True,False,False,False,False,False
stanford_dogs,7,papillon,wikidata-v4:Q38115,strict,VERIFIED,True,True,EXACT_IDENTITY,CONNECTED,9,True,True,True,True,False,False,False,False,False
stanford_dogs,8,toy terrier,wordnet31:02089698-n,strict,VERIFIED,True,True,EXACT_IDENTITY,CONNECTED,10,True,True,True,True,False,False,False,False,False
stanford_dogs,9,Rhodesian ridgeback,wikidata-v4:Q39026,strict,VERIFIED,True,True,EXACT_IDENTITY,CONNECTED,9,True,True,True,True,False,False,False,False,False
stanford_dogs,10,Afghan hound,wikidata-v4:Q21080,strict,VERIFIED,True,True,EXACT_IDENTITY,CONNECTED,9,True,True,True,True,False,False,False,False,False
stanford_dogs,11,basset,wordnet31:02090890-n,strict,VERIFIED,True,True,EXACT_IDENTITY,CONNECTED,11,True,True,True,True,False,False,False,False,False
stanford_dogs,12,beagle,wikidata-v4:Q21102,strict,VERIFIED,True,True,EXACT_IDENTITY,CONNECTED,9,True,True,True,True,False,False,False,False,False
stanford_dogs,13,bloodhound,wikidata-v4:Q21098,strict,VERIFIED,True,True,EXACT_IDENTITY,CONNECTED,9,True,True,True,True,False,False,False,False,False
stanford_dogs,14,bluetick,wordnet31:02091284-n,strict,VERIFIED,True,True,EXACT_IDENTITY,CONNECTED,11,True,True,True,True,False,False,False,False,False
stanford_dogs,15,black and tan coonhound,wikidata-v4:Q37537,strict,VERIFIED,True,True,EXACT_IDENTITY,CONNECTED,9,True,True,True,True,False,False,False,False,False
stanford_dogs,16,Walker hound,wikidata-v4:Q39244,strict,VERIFIED,True,True,EXACT_IDENTITY,CONNECTED,9,True,True,True,True,False,False,False,False,False
stanford_dogs,17,English foxhound,wikidata-v4:Q37789,strict,VERIFIED,True,True,EXACT_IDENTITY,CONNECTED,9,True,True,True,True,False,False,False,False,False
stanford_dogs,18,redbone,wordnet31:02093031-n,strict,VERIFIED,True,True,EXACT_IDENTITY,CONNECTED,11,True,True,True,True,False,False,False,False,False
stanford_dogs,19,borzoi,wikidata-v4:Q37866,strict,VERIFIED,True,True,EXACT_IDENTITY,CONNECTED,9,True,True,True,True,False,False,False,False,False
stanford_dogs,20,Irish wolfhound,wikidata-v4:Q38668,strict,VERIFIED,True,True,EXACT_IDENTITY,CONNECTED,9,True,True,True,True,False,False,False,False,False
stanford_dogs,21,Italian greyhound,wikidata-v4:Q38503,strict,VERIFIED,True,True,EXACT_IDENTITY,CONNECTED,9,True,True,True,True,False,False,False,False,False
stanford_dogs,22,whippet,wikidata-v4:Q39122,strict,VERIFIED,True,True,EXACT_IDENTITY,CONNECTED,9,True,True,True,True,False,False,False,False,False
stanford_dogs,23,Ibizan hound,wikidata-v4:Q37755,strict,VERIFIED,True,True,EXACT_IDENTITY,CONNECTED,9,True,True,True,True,False,False,False,False,False
stanford_dogs,24,Norwegian elkhound,wikidata-v4:Q38803,strict,VERIFIED,True,True,EXACT_IDENTITY,CONNECTED,9,True,True,True,True,False,False,False,False,False
stanford_dogs,25,otterhound,wikidata-v4:Q38922,strict,VERIFIED,True,True,EXACT_IDENTITY,CONNECTED,9,True,True,True,True,False,False,False,False,False
stanford_dogs,26,Saluki,wikidata-v4:Q39108,strict,VERIFIED,True,True,EXACT_IDENTITY,CONNECTED,9,True,True,True,True,False,False,False,False,False
stanford_dogs,27,Scottish deerhound,wikidata-v4:Q37929,strict,VERIFIED,True,True,EXACT_IDENTITY,CONNECTED,9,True,True,True,True,False,False,False,False,False
stanford_dogs,28,Weimaraner,wikidata-v4:Q38965,strict,VERIFIED,True,True,EXACT_IDENTITY,CONNECTED,9,True,True,True,True,False,False,False,False,False
stanford_dogs,29,Staffordshire bullterrier,wordnet31:02095908-n,strict,VERIFIED,True,True,EXACT_IDENTITY,CONNECTED,12,True,True,True,True,False,False,False,False,False
stanford_dogs,30,American Staffordshire terrier,wikidata-v4:Q37688,strict,VERIFIED,True,True,EXACT_IDENTITY,CONNECTED,9,True,True,True,True,False,False,False,False,False
stanford_dogs,31,Bedlington terrier,wikidata-v4:Q37582,strict,VERIFIED,True,True,EXACT_IDENTITY,CONNECTED,9,True,True,True,True,False,False,False,False,False
stanford_dogs,32,Border terrier,wikidata-v4:Q37558,strict,VERIFIED,True,True,EXACT_IDENTITY,CONNECTED,9,True,True,True,True,False,False,False,False,False
stanford_dogs,33,Kerry blue terrier,wikidata-v4:Q38025,strict,VERIFIED,True,True,EXACT_IDENTITY,CONNECTED,9,True,True,True,True,False,False,False,False,False
stanford_dogs,34,Irish terrier,wikidata-v4:Q38644,strict,VERIFIED,True,True,EXACT_IDENTITY,CONNECTED,9,True,True,True,True,False,False,False,False,False
stanford_dogs,35,Norfolk terrier,wikidata-v4:Q38940,strict,VERIFIED,True,True,EXACT_IDENTITY,CONNECTED,9,True,True,True,True,False,False,False,False,False
stanford_dogs,36,Norwich terrier,wikidata-v4:Q38934,strict,VERIFIED,True,True,EXACT_IDENTITY,CONNECTED,9,True,True,True,True,False,False,False,False,False
stanford_dogs,37,Yorkshire terrier,wikidata-v4:Q39330,strict,VERIFIED,True,True,EXACT_IDENTITY,CONNECTED,9,True,True,True,True,False,False,False,False,False
stanford_dogs,38,wire haired fox terrier,wordnet31:02097966-n,strict,VERIFIED,True,True,EXACT_IDENTITY,CONNECTED,12,True,True,True,True,False,False,False,False,False
stanford_dogs,39,Lakeland terrier,wikidata-v4:Q38110,strict,VERIFIED,True,True,EXACT_IDENTITY,CONNECTED,9,True,True,True,True,False,False,False,False,False
stanford_dogs,40,Sealyham terrier,wikidata-v4:Q39068,strict,VERIFIED,True,True,EXACT_IDENTITY,CONNECTED,9,True,True,True,True,False,False,False,False,False
stanford_dogs,41,Airedale,wordnet31:02098703-n,strict,VERIFIED,True,True,EXACT_IDENTITY,CONNECTED,11,True,True,True,True,False,False,False,False,False
stanford_dogs,42,cairn,wordnet31:02098829-n,strict,VERIFIED,True,True,EXACT_IDENTITY,CONNECTED,11,True,True,True,True,False,False,False,False,False
stanford_dogs,43,Australian terrier,wikidata-v4:Q37530,strict,VERIFIED,True,True,EXACT_IDENTITY,CONNECTED,9,True,True,True,True,False,False,False,False,False
stanford_dogs,44,Dandie Dinmont,wordnet31:02099089-n,strict,VERIFIED,True,True,EXACT_IDENTITY,CONNECTED,11,True,True,True,True,False,False,False,False,False
stanford_dogs,45,Boston bull,wordnet31:02099237-n,strict,VERIFIED,True,True,EXACT_IDENTITY,CONNECTED,11,True,True,True,True,False,False,False,False,False
stanford_dogs,46,miniature schnauzer,wikidata-v4:Q38999,strict,VERIFIED,True,True,EXACT_IDENTITY,CONNECTED,9,True,True,True,True,False,False,False,False,False
stanford_dogs,47,giant schnauzer,wikidata-v4:Q38688,strict,VERIFIED,True,True,EXACT_IDENTITY,CONNECTED,9,True,True,True,True,False,False,False,False,False
stanford_dogs,48,standard schnauzer,wikidata-v4:Q39605,strict,VERIFIED,True,True,EXACT_IDENTITY,CONNECTED,9,True,True,True,True,False,False,False,False,False
stanford_dogs,49,Scotch terrier,wordnet31:02099950-n,strict,VERIFIED,True,True,EXACT_IDENTITY,CONNECTED,11,True,True,True,True,False,False,False,False,False
stanford_dogs,50,Tibetan terrier,wikidata-v4:Q38796,strict,VERIFIED,True,True,EXACT_IDENTITY,CONNECTED,9,True,True,True,True,False,False,False,False,False
stanford_dogs,51,silky terrier,wordnet31:02100310-n,strict,VERIFIED,True,True,EXACT_IDENTITY,CONNECTED,11,True,True,True,True,False,False,False,False,False
stanford_dogs,52,soft coated wheaten terrier,wikidata-v4:Q38047,strict,VERIFIED,True,True,EXACT_IDENTITY,CONNECTED,9,True,True,True,True,False,False,False,False,False
stanford_dogs,53,West Highland white terrier,wikidata-v4:Q17510,strict,VERIFIED,True,True,EXACT_IDENTITY,CONNECTED,9,True,True,True,True,False,False,False,False,False
stanford_dogs,54,Lhasa,wordnet31:02101065-n,strict,VERIFIED,True,True,EXACT_IDENTITY,CONNECTED,11,True,True,True,True,False,False,False,False,False
stanford_dogs,55,flat coated retriever,wikidata-v4:Q29200,strict,VERIFIED,True,True,EXACT_IDENTITY,CONNECTED,9,True,True,True,True,False,False,False,False,False
stanford_dogs,56,curly coated retriever,wikidata-v4:Q38375,strict,VERIFIED,True,True,EXACT_IDENTITY,CONNECTED,9,True,True,True,True,False,False,False,False,False
stanford_dogs,57,golden retriever,wikidata-v4:Q38686,strict,VERIFIED,True,True,EXACT_IDENTITY,CONNECTED,9,True,True,True,True,False,False,False,False,False
stanford_dogs,58,Labrador retriever,wikidata-v4:Q38726,strict,VERIFIED,True,True,EXACT_IDENTITY,CONNECTED,9,True,True,True,True,False,False,False,False,False
stanford_dogs,59,Chesapeake Bay retriever,wikidata-v4:Q29084,strict,VERIFIED,True,True,EXACT_IDENTITY,CONNECTED,9,True,True,True,True,False,False,False,False,False
stanford_dogs,60,German short haired pointer,wordnet31:02102888-n,strict,VERIFIED,True,True,EXACT_IDENTITY,CONNECTED,12,True,True,True,True,False,False,False,False,False
stanford_dogs,61,vizsla,wordnet31:02103235-n,strict,VERIFIED,True,True,EXACT_IDENTITY,CONNECTED,12,True,True,True,True,False,False,False,False,False
stanford_dogs,62,English setter,wikidata-v4:Q38309,strict,VERIFIED,True,True,EXACT_IDENTITY,CONNECTED,9,True,True,True,True,False,False,False,False,False
stanford_dogs,63,Irish setter,wordnet31:02103529-n,strict,VERIFIED,True,True,EXACT_IDENTITY,CONNECTED,12,True,True,True,True,False,False,False,False,False
stanford_dogs,64,Gordon setter,wikidata-v4:Q38301,strict,VERIFIED,True,True,EXACT_IDENTITY,CONNECTED,9,True,True,True,True,False,False,False,False,False
stanford_dogs,65,Brittany spaniel,wordnet31:02104040-n,strict,VERIFIED,True,True,EXACT_IDENTITY,CONNECTED,12,True,True,True,True,False,False,False,False,False
stanford_dogs,66,clumber,wordnet31:02104208-n,strict,VERIFIED,True,True,EXACT_IDENTITY,CONNECTED,12,True,True,True,True,False,False,False,False,False
stanford_dogs,67,English springer,wordnet31:02104692-n,strict,VERIFIED,True,True,EXACT_IDENTITY,CONNECTED,13,True,True,True,True,False,False,False,False,False
stanford_dogs,68,Welsh springer spaniel,wikidata-v4:Q39047,strict,VERIFIED,True,True,EXACT_IDENTITY,CONNECTED,9,True,True,True,True,False,False,False,False,False
stanford_dogs,69,cocker spaniel,wordnet31:02104970-n,strict,VERIFIED,True,True,EXACT_IDENTITY,CONNECTED,12,True,True,True,True,False,False,False,False,False
stanford_dogs,70,Sussex spaniel,wikidata-v4:Q39138,strict,VERIFIED,True,True,EXACT_IDENTITY,CONNECTED,9,True,True,True,True,False,False,False,False,False
stanford_dogs,71,Irish water spaniel,wikidata-v4:Q38162,strict,VERIFIED,True,True,EXACT_IDENTITY,CONNECTED,9,True,True,True,True,False,False,False,False,False
stanford_dogs,72,kuvasz,wikidata-v4:Q38467,strict,VERIFIED,True,True,EXACT_IDENTITY,CONNECTED,9,True,True,True,True,False,False,False,False,False
stanford_dogs,73,schipperke,wikidata-v4:Q39010,strict,VERIFIED,True,True,EXACT_IDENTITY,CONNECTED,9,True,True,True,True,False,False,False,False,False
stanford_dogs,74,groenendael,wikidata-v4:Q38399,strict,VERIFIED,True,True,EXACT_IDENTITY,CONNECTED,10,True,True,True,True,False,False,False,False,False
stanford_dogs,75,malinois,wikidata-v4:Q38494,strict,VERIFIED,True,True,EXACT_IDENTITY,CONNECTED,10,True,True,True,True,False,False,False,False,False
stanford_dogs,76,briard,wikidata-v4:Q37821,strict,VERIFIED,True,True,EXACT_IDENTITY,CONNECTED,9,True,True,True,True,False,False,False,False,False
stanford_dogs,77,kelpie,wordnet31:02108064-n,strict,VERIFIED,True,True,EXACT_IDENTITY,CONNECTED,11,True,True,True,True,False,False,False,False,False
stanford_dogs,78,komondor,wikidata-v4:Q38675,strict,VERIFIED,True,True,EXACT_IDENTITY,CONNECTED,9,True,True,True,True,False,False,False,False,False
stanford_dogs,79,Old English sheepdog,wikidata-v4:Q37704,strict,VERIFIED,True,True,EXACT_IDENTITY,CONNECTED,9,True,True,True,True,False,False,False,False,False
stanford_dogs,80,Shetland sheepdog,wikidata-v4:Q39058,strict,VERIFIED,True,True,EXACT_IDENTITY,CONNECTED,9,True,True,True,True,False,False,False,False,False
stanford_dogs,81,collie,wordnet31:02108682-n,strict,VERIFIED,True,True,EXACT_IDENTITY,CONNECTED,11,True,True,True,True,False,False,False,False,False
stanford_dogs,82,Border collie,wikidata-v4:Q37710,strict,VERIFIED,True,True,EXACT_IDENTITY,CONNECTED,9,True,True,True,True,False,False,False,False,False
stanford_dogs,83,Bouvier des Flandres,wikidata-v4:Q37896,strict,VERIFIED,True,True,EXACT_IDENTITY,CONNECTED,9,True,True,True,True,False,False,False,False,False
stanford_dogs,84,Rottweiler,wikidata-v4:Q39093,strict,VERIFIED,True,True,EXACT_IDENTITY,CONNECTED,9,True,True,True,True,False,False,False,False,False
stanford_dogs,85,German shepherd,wikidata-v4:Q38280,strict,VERIFIED,True,True,EXACT_IDENTITY,CONNECTED,9,True,True,True,True,False,False,False,False,False
stanford_dogs,86,Doberman,wikidata-v4:Q38358,strict,VERIFIED,True,True,EXACT_IDENTITY,CONNECTED,9,True,True,True,True,False,False,False,False,False
stanford_dogs,87,miniature pinscher,wikidata-v4:Q38990,strict,VERIFIED,True,True,EXACT_IDENTITY,CONNECTED,9,True,True,True,True,False,False,False,False,False
stanford_dogs,88,Greater Swiss Mountain dog,wikidata-v4:Q38121,strict,VERIFIED,True,True,EXACT_IDENTITY,CONNECTED,9,True,True,True,True,False,False,False,False,False
stanford_dogs,89,Bernese mountain dog,wikidata-v4:Q37608,strict,VERIFIED,True,True,EXACT_IDENTITY,CONNECTED,9,True,True,True,True,False,False,False,False,False
stanford_dogs,90,Appenzeller,wordnet31:02110560-n,strict,VERIFIED,True,True,EXACT_IDENTITY,CONNECTED,11,True,True,True,True,False,False,False,False,False
stanford_dogs,91,EntleBucher,wordnet31:02110652-n,strict,VERIFIED,True,True,EXACT_IDENTITY,CONNECTED,11,True,True,True,True,False,False,False,False,False
stanford_dogs,92,boxer,wikidata-v4:Q38496,strict,VERIFIED,True,True,EXACT_IDENTITY,CONNECTED,9,True,True,True,True,False,False,False,False,False
stanford_dogs,93,bull mastiff,wordnet31:02111074-n,strict,VERIFIED,True,True,EXACT_IDENTITY,CONNECTED,10,True,True,True,True,False,False,False,False,False
stanford_dogs,94,Tibetan mastiff,wikidata-v4:Q39322,strict,VERIFIED,True,True,EXACT_IDENTITY,CONNECTED,9,True,True,True,True,False,False,False,False,False
stanford_dogs,95,French bulldog,wikidata-v4:Q29149,strict,VERIFIED,True,True,EXACT_IDENTITY,CONNECTED,9,True,True,True,True,False,False,False,False,False
stanford_dogs,96,Great Dane,wikidata-v4:Q5414,strict,VERIFIED,True,True,EXACT_IDENTITY,CONNECTED,9,True,True,True,True,False,False,False,False,False
stanford_dogs,97,Saint Bernard,wikidata:Q38090,strict,VERIFIED,True,True,EXACT_IDENTITY,CONNECTED,9,True,True,True,True,False,False,False,False,False
stanford_dogs,98,Eskimo dog,wordnet31:02112613-n,strict,VERIFIED,True,True,EXACT_IDENTITY,CONNECTED,10,True,True,True,True,False,False,False,False,False
stanford_dogs,99,malamute,wikidata-v4:Q21206,strict,VERIFIED,True,True,EXACT_IDENTITY,CONNECTED,9,True,True,True,True,False,False,False,False,False
stanford_dogs,100,Siberian husky,wikidata-v4:Q39295,strict,VERIFIED,True,True,EXACT_IDENTITY,CONNECTED,9,True,True,True,True,False,False,False,False,False
stanford_dogs,101,affenpinscher,wikidata-v4:Q7254,strict,VERIFIED,True,True,EXACT_IDENTITY,CONNECTED,9,True,True,True,True,False,False,False,False,False
stanford_dogs,102,basenji,wikidata-v4:Q37871,strict,VERIFIED,True,True,EXACT_IDENTITY,CONNECTED,9,True,True,True,True,False,False,False,False,False
stanford_dogs,103,pug,wikidata-v4:Q38698,strict,VERIFIED,True,True,EXACT_IDENTITY,CONNECTED,9,True,True,True,True,False,False,False,False,False
stanford_dogs,104,Leonberg,wordnet31:02113781-n,strict,VERIFIED,True,True,EXACT_IDENTITY,CONNECTED,9,True,True,True,True,False,False,False,False,False
stanford_dogs,105,Newfoundland,wordnet31:02113929-n,strict,VERIFIED,True,True,EXACT_IDENTITY,CONNECTED,9,True,True,True,True,False,False,False,False,False
stanford_dogs,106,Great Pyrenees,wordnet31:02114152-n,strict,VERIFIED,True,True,EXACT_IDENTITY,CONNECTED,9,True,True,True,True,False,False,False,False,False
stanford_dogs,107,Samoyed,wikidata-v4:Q39002,strict,VERIFIED,True,True,EXACT_IDENTITY,CONNECTED,9,True,True,True,True,False,False,False,False,False
stanford_dogs,108,Pomeranian,wordnet31:02114670-n,strict,VERIFIED,True,True,EXACT_IDENTITY,CONNECTED,10,True,True,True,True,False,False,False,False,False
stanford_dogs,109,chow,wordnet31:02114789-n,strict,VERIFIED,True,True,EXACT_IDENTITY,CONNECTED,10,True,True,True,True,False,False,False,False,False
stanford_dogs,110,keeshond,wikidata-v4:Q38843,strict,VERIFIED,True,True,EXACT_IDENTITY,CONNECTED,9,True,True,True,True,False,False,False,False,False
stanford_dogs,111,Brabancon griffon,wordnet31:02115358-n,strict,VERIFIED,True,True,EXACT_IDENTITY,CONNECTED,10,True,True,True,True,False,False,False,False,False
stanford_dogs,112,Pembroke,wordnet31:02115675-n,strict,VERIFIED,True,True,EXACT_IDENTITY,CONNECTED,10,True,True,True,True,False,False,False,False,False
stanford_dogs,113,Cardigan,wordnet31:02115838-n,strict,VERIFIED,True,True,EXACT_IDENTITY,CONNECTED,10,True,True,True,True,False,False,False,False,False
stanford_dogs,114,toy poodle,wikidata-v4:Q11831662,strict,VERIFIED,True,True,EXACT_IDENTITY,CONNECTED,9,True,True,True,True,False,False,False,False,False
stanford_dogs,115,miniature poodle,wordnet31:02116364-n,strict,VERIFIED,True,True,EXACT_IDENTITY,CONNECTED,10,True,True,True,True,False,False,False,False,False
stanford_dogs,116,standard poodle,wordnet31:02116451-n,strict,VERIFIED,True,True,EXACT_IDENTITY,CONNECTED,10,True,True,True,True,False,False,False,False,False
stanford_dogs,117,Mexican hairless,wordnet31:02116630-n,strict,VERIFIED,True,True,EXACT_IDENTITY,CONNECTED,9,True,True,True,True,False,False,False,False,False
stanford_dogs,118,dingo,wikidata-v4:Q38584,strict,VERIFIED,True,True,EXACT_IDENTITY,CONNECTED,9,True,True,True,True,False,False,False,False,False
stanford_dogs,119,dhole,wikidata:Q132585,strict,VERIFIED,True,True,EXACT_IDENTITY,UNREACHABLE,,True,True,False,False,False,False,False,False,False
stanford_dogs,120,African hunting dog,v26-gbif:ab4e0be5a06ed7cb46e088e40c2d4a07,strict,VERIFIED,True,True,EXACT_IDENTITY,CONNECTED,14,True,True,True,True,True,False,False,False,False
sun397,0,/a/abbey,sun397-category:0,strict,NATIVE_LABEL_ONLY,False,False,NATIVE_LABEL_ONLY,NOT_ADMITTED,,True,False,False,False,False,False,False,False,False
sun397,1,/a/airplane_cabin,sun397-category:1,strict,NATIVE_LABEL_ONLY,False,False,NATIVE_LABEL_ONLY,NOT_ADMITTED,,True,False,False,False,False,False,False,False,False
sun397,2,/a/airport_terminal,sun397-category:2,strict,VERIFIED_DEPICTED_TYPE,False,True,SOURCE_TYPED_MAPPING,CONNECTED,9,True,False,True,False,False,False,False,False,False
sun397,3,/a/alley,sun397-category:3,strict,NATIVE_LABEL_ONLY,False,False,NATIVE_LABEL_ONLY,NOT_ADMITTED,,True,False,False,False,False,False,False,False,False
sun397,4,/a/amphitheater,sun397-category:4,strict,NATIVE_LABEL_ONLY,False,False,NATIVE_LABEL_ONLY,NOT_ADMITTED,,True,False,False,False,False,False,False,False,False
sun397,5,/a/amusement_arcade,sun397-category:5,strict,VERIFIED_DEPICTED_TYPE,False,True,SOURCE_TYPED_MAPPING,CONNECTED,10,True,False,True,False,False,False,False,False,False
sun397,6,/a/amusement_park,sun397-category:6,strict,VERIFIED_DEPICTED_TYPE,False,True,SOURCE_TYPED_MAPPING,CONNECTED,9,True,False,True,False,False,False,False,False,False
sun397,7,/a/anechoic_chamber,sun397-category:7,strict,VERIFIED_DEPICTED_TYPE,False,True,SOURCE_TYPED_MAPPING,CONNECTED,9,True,False,True,False,False,False,False,False,False
sun397,8,/a/apartment_building/outdoor,sun397-category:8,strict,VERIFIED_DEPICTED_TYPE,False,True,SOURCE_TYPED_MAPPING,CONNECTED,8,True,False,True,False,False,False,False,False,False
sun397,9,/a/apse/indoor,sun397-category:9,strict,VERIFIED_DEPICTED_TYPE,False,True,SOURCE_TYPED_MAPPING,CONNECTED,10,True,False,True,False,False,False,False,False,False
sun397,10,/a/aquarium,sun397-category:10,strict,VERIFIED_DEPICTED_TYPE,False,True,SOURCE_TYPED_MAPPING,CONNECTED,10,True,False,True,False,False,False,False,False,False
sun397,11,/a/aqueduct,sun397-category:11,strict,VERIFIED_DEPICTED_TYPE,False,True,SOURCE_TYPED_MAPPING,CONNECTED,9,True,False,True,False,False,False,False,False,False
sun397,12,/a/arch,sun397-category:12,strict,NATIVE_LABEL_ONLY,False,False,NATIVE_LABEL_ONLY,NOT_ADMITTED,,True,False,False,False,False,False,False,False,False
sun397,13,/a/archive,sun397-category:13,strict,VERIFIED_DEPICTED_TYPE,False,True,SOURCE_TYPED_MAPPING,CONNECTED,8,True,False,True,False,False,False,False,False,False
sun397,14,/a/arrival_gate/outdoor,sun397-category:14,strict,VERIFIED_DEPICTED_TYPE,False,True,SOURCE_TYPED_MAPPING,CONNECTED,10,True,False,True,False,False,False,False,False,False
sun397,15,/a/art_gallery,sun397-category:15,strict,VERIFIED_DEPICTED_TYPE,False,True,SOURCE_TYPED_MAPPING,CONNECTED,9,True,False,True,False,False,False,False,False,False
sun397,16,/a/art_school,sun397-category:16,strict,VERIFIED_DEPICTED_TYPE,False,True,SOURCE_TYPED_MAPPING,CONNECTED,10,True,False,True,False,False,False,False,False,False
sun397,17,/a/art_studio,sun397-category:17,strict,NATIVE_LABEL_ONLY,False,False,NATIVE_LABEL_ONLY,NOT_ADMITTED,,True,False,False,False,False,False,False,False,False
sun397,18,/a/assembly_line,sun397-category:18,strict,VERIFIED_DEPICTED_TYPE,False,True,SOURCE_TYPED_MAPPING,CONNECTED,9,True,False,True,False,False,False,False,False,False
sun397,19,/a/athletic_field/outdoor,sun397-category:19,strict,VERIFIED_DEPICTED_TYPE,False,True,SOURCE_TYPED_MAPPING,CONNECTED,8,True,False,True,False,False,False,False,False,False
sun397,20,/a/atrium/public,sun397-category:20,strict,NATIVE_LABEL_ONLY,False,False,NATIVE_LABEL_ONLY,NOT_ADMITTED,,True,False,False,False,False,False,False,False,False
sun397,21,/a/attic,sun397-category:21,strict,NATIVE_LABEL_ONLY,False,False,NATIVE_LABEL_ONLY,NOT_ADMITTED,,True,False,False,False,False,False,False,False,False
sun397,22,/a/auditorium,sun397-category:22,strict,VERIFIED_DEPICTED_TYPE,False,True,SOURCE_TYPED_MAPPING,CONNECTED,8,True,False,True,False,False,False,False,False,False
sun397,23,/a/auto_factory,sun397-category:23,strict,VERIFIED_DEPICTED_TYPE,False,True,SOURCE_TYPED_MAPPING,CONNECTED,10,True,False,True,False,False,False,False,False,False
sun397,24,/b/badlands,sun397-category:24,strict,VERIFIED_DEPICTED_TYPE,False,True,SOURCE_TYPED_MAPPING,CONNECTED,5,True,False,True,False,False,False,False,False,False
sun397,25,/b/badminton_court/indoor,sun397-category:25,strict,VERIFIED_DEPICTED_TYPE,False,True,SOURCE_TYPED_MAPPING,CONNECTED,10,True,False,True,False,False,False,False,False,False
sun397,26,/b/baggage_claim,sun397-category:26,strict,VERIFIED_DEPICTED_TYPE,False,True,SOURCE_TYPED_MAPPING,CONNECTED,8,True,False,True,False,False,False,False,False,False
sun397,27,/b/bakery/shop,sun397-category:27,strict,VERIFIED_DEPICTED_TYPE,False,True,SOURCE_TYPED_MAPPING,CONNECTED,8,True,False,True,False,False,False,False,False,False
sun397,28,/b/balcony/exterior,sun397-category:28,strict,NATIVE_LABEL_ONLY,False,False,NATIVE_LABEL_ONLY,NOT_ADMITTED,,True,False,False,False,False,False,False,False,False
sun397,29,/b/balcony/interior,sun397-category:29,strict,NATIVE_LABEL_ONLY,False,False,NATIVE_LABEL_ONLY,NOT_ADMITTED,,True,False,False,False,False,False,False,False,False
sun397,30,/b/ball_pit,sun397-category:30,strict,NATIVE_LABEL_ONLY,False,False,NATIVE_LABEL_ONLY,NOT_ADMITTED,,True,False,False,False,False,False,False,False,False
sun397,31,/b/ballroom,sun397-category:31,strict,VERIFIED_DEPICTED_TYPE,False,True,SOURCE_TYPED_MAPPING,CONNECTED,9,True,False,True,False,False,False,False,False,False
sun397,32,/b/bamboo_forest,sun397-category:32,strict,NATIVE_LABEL_ONLY,False,False,NATIVE_LABEL_ONLY,NOT_ADMITTED,,True,False,False,False,False,False,False,False,False
sun397,33,/b/banquet_hall,sun397-category:33,strict,NATIVE_LABEL_ONLY,False,False,NATIVE_LABEL_ONLY,NOT_ADMITTED,,True,False,False,False,False,False,False,False,False
sun397,34,/b/bar,sun397-category:34,strict,NATIVE_LABEL_ONLY,False,False,NATIVE_LABEL_ONLY,NOT_ADMITTED,,True,False,False,False,False,False,False,False,False
sun397,35,/b/barn,sun397-category:35,strict,VERIFIED_DEPICTED_TYPE,False,True,SOURCE_TYPED_MAPPING,CONNECTED,9,True,False,True,False,False,False,False,False,False
sun397,36,/b/barndoor,sun397-category:36,strict,VERIFIED_DEPICTED_TYPE,False,True,SOURCE_TYPED_MAPPING,CONNECTED,8,True,False,True,False,False,False,False,False,False
sun397,37,/b/baseball_field,sun397-category:37,strict,VERIFIED_DEPICTED_TYPE,False,True,SOURCE_TYPED_MAPPING,CONNECTED,9,True,False,True,False,False,False,False,False,False
sun397,38,/b/basement,sun397-category:38,strict,NATIVE_LABEL_ONLY,False,False,NATIVE_LABEL_ONLY,NOT_ADMITTED,,True,False,False,False,False,False,False,False,False
sun397,39,/b/basilica,sun397-category:39,strict,NATIVE_LABEL_ONLY,False,False,NATIVE_LABEL_ONLY,NOT_ADMITTED,,True,False,False,False,False,False,False,False,False
sun397,40,/b/basketball_court/outdoor,sun397-category:40,strict,VERIFIED_DEPICTED_TYPE,False,True,SOURCE_TYPED_MAPPING,CONNECTED,10,True,False,True,False,False,False,False,False,False
sun397,41,/b/bathroom,sun397-category:41,strict,NATIVE_LABEL_ONLY,False,False,NATIVE_LABEL_ONLY,NOT_ADMITTED,,True,False,False,False,False,False,False,False,False
sun397,42,/b/batters_box,sun397-category:42,strict,NATIVE_LABEL_ONLY,False,False,NATIVE_LABEL_ONLY,NOT_ADMITTED,,True,False,False,False,False,False,False,False,False
sun397,43,/b/bayou,sun397-category:43,strict,VERIFIED_DEPICTED_TYPE,False,True,SOURCE_TYPED_MAPPING,CONNECTED,6,True,False,True,False,False,False,False,False,False
sun397,44,/b/bazaar/indoor,sun397-category:44,strict,NATIVE_LABEL_ONLY,False,False,NATIVE_LABEL_ONLY,NOT_ADMITTED,,True,False,False,False,False,False,False,False,False
sun397,45,/b/bazaar/outdoor,sun397-category:45,strict,NATIVE_LABEL_ONLY,False,False,NATIVE_LABEL_ONLY,NOT_ADMITTED,,True,False,False,False,False,False,False,False,False
sun397,46,/b/beach,sun397-category:46,strict,VERIFIED_DEPICTED_TYPE,False,True,SOURCE_TYPED_MAPPING,CONNECTED,5,True,False,True,False,False,False,False,False,False
sun397,47,/b/beauty_salon,sun397-category:47,strict,VERIFIED_DEPICTED_TYPE,False,True,SOURCE_TYPED_MAPPING,CONNECTED,11,True,False,True,False,False,False,False,False,False
sun397,48,/b/bedroom,sun397-category:48,strict,VERIFIED_DEPICTED_TYPE,False,True,SOURCE_TYPED_MAPPING,CONNECTED,9,True,False,True,False,False,False,False,False,False
sun397,49,/b/berth,sun397-category:49,strict,NATIVE_LABEL_ONLY,False,False,NATIVE_LABEL_ONLY,NOT_ADMITTED,,True,False,False,False,False,False,False,False,False
sun397,50,/b/biology_laboratory,sun397-category:50,strict,VERIFIED_DEPICTED_TYPE,False,True,SOURCE_TYPED_MAPPING,CONNECTED,9,True,False,True,False,False,False,False,False,False
sun397,51,/b/bistro/indoor,sun397-category:51,strict,VERIFIED_DEPICTED_TYPE,False,True,SOURCE_TYPED_MAPPING,CONNECTED,9,True,False,True,False,False,False,False,False,False
sun397,52,/b/boardwalk,sun397-category:52,strict,VERIFIED_DEPICTED_TYPE,False,True,SOURCE_TYPED_MAPPING,CONNECTED,9,True,False,True,False,False,False,False,False,False
sun397,53,/b/boat_deck,sun397-category:53,strict,VERIFIED_DEPICTED_TYPE,False,True,SOURCE_TYPED_MAPPING,CONNECTED,11,True,False,True,False,False,False,False,False,False
sun397,54,/b/boathouse,sun397-category:54,strict,VERIFIED_DEPICTED_TYPE,False,True,SOURCE_TYPED_MAPPING,CONNECTED,10,True,False,True,False,False,False,False,False,False
sun397,55,/b/bookstore,sun397-category:55,strict,VERIFIED_DEPICTED_TYPE,False,True,SOURCE_TYPED_MAPPING,CONNECTED,11,True,False,True,False,False,False,False,False,False
sun397,56,/b/booth/indoor,sun397-category:56,strict,NATIVE_LABEL_ONLY,False,False,NATIVE_LABEL_ONLY,NOT_ADMITTED,,True,False,False,False,False,False,False,False,False
sun397,57,/b/botanical_garden,sun397-category:57,strict,VERIFIED_DEPICTED_TYPE,False,True,SOURCE_TYPED_MAPPING,CONNECTED,7,True,False,True,False,False,False,False,False,False
sun397,58,/b/bow_window/indoor,sun397-category:58,strict,VERIFIED_DEPICTED_TYPE,False,True,SOURCE_TYPED_MAPPING,CONNECTED,10,True,False,True,False,False,False,False,False,False
sun397,59,/b/bow_window/outdoor,sun397-category:59,strict,VERIFIED_DEPICTED_TYPE,False,True,SOURCE_TYPED_MAPPING,CONNECTED,10,True,False,True,False,False,False,False,False,False
sun397,60,/b/bowling_alley,sun397-category:60,strict,NATIVE_LABEL_ONLY,False,False,NATIVE_LABEL_ONLY,NOT_ADMITTED,,True,False,False,False,False,False,False,False,False
sun397,61,/b/boxing_ring,sun397-category:61,strict,VERIFIED_DEPICTED_TYPE,False,True,SOURCE_TYPED_MAPPING,CONNECTED,10,True,False,True,False,False,False,False,False,False
sun397,62,/b/brewery/indoor,sun397-category:62,strict,VERIFIED_DEPICTED_TYPE,False,True,SOURCE_TYPED_MAPPING,CONNECTED,9,True,False,True,False,False,False,False,False,False
sun397,63,/b/bridge,sun397-category:63,strict,NATIVE_LABEL_ONLY,False,False,NATIVE_LABEL_ONLY,NOT_ADMITTED,,True,False,False,False,False,False,False,False,False
sun397,64,/b/building_facade,sun397-category:64,strict,NATIVE_LABEL_ONLY,False,False,NATIVE_LABEL_ONLY,NOT_ADMITTED,,True,False,False,False,False,False,False,False,False
sun397,65,/b/bullring,sun397-category:65,strict,VERIFIED_DEPICTED_TYPE,False,True,SOURCE_TYPED_MAPPING,CONNECTED,8,True,False,True,False,False,False,False,False,False
sun397,66,/b/burial_chamber,sun397-category:66,strict,VERIFIED_DEPICTED_TYPE,False,True,SOURCE_TYPED_MAPPING,CONNECTED,8,True,False,True,False,False,False,False,False,False
sun397,67,/b/bus_interior,sun397-category:67,strict,NATIVE_LABEL_ONLY,False,False,NATIVE_LABEL_ONLY,NOT_ADMITTED,,True,False,False,False,False,False,False,False,False
sun397,68,/b/butchers_shop,sun397-category:68,strict,NATIVE_LABEL_ONLY,False,False,NATIVE_LABEL_ONLY,NOT_ADMITTED,,True,False,False,False,False,False,False,False,False
sun397,69,/b/butte,sun397-category:69,strict,VERIFIED_DEPICTED_TYPE,False,True,SOURCE_TYPED_MAPPING,CONNECTED,7,True,False,True,False,False,False,False,False,False
sun397,70,/c/cabin/outdoor,sun397-category:70,strict,NATIVE_LABEL_ONLY,False,False,NATIVE_LABEL_ONLY,NOT_ADMITTED,,True,False,False,False,False,False,False,False,False
sun397,71,/c/cafeteria,sun397-category:71,strict,VERIFIED_DEPICTED_TYPE,False,True,SOURCE_TYPED_MAPPING,CONNECTED,9,True,False,True,False,False,False,False,False,False
sun397,72,/c/campsite,sun397-category:72,strict,VERIFIED_DEPICTED_TYPE,False,True,SOURCE_TYPED_MAPPING,CONNECTED,9,True,False,True,False,False,False,False,False,False
sun397,73,/c/campus,sun397-category:73,strict,VERIFIED_DEPICTED_TYPE,False,True,SOURCE_TYPED_MAPPING,CONNECTED,9,True,False,True,False,False,False,False,False,False
sun397,74,/c/canal/natural,sun397-category:74,strict,NATIVE_LABEL_ONLY,False,False,NATIVE_LABEL_ONLY,NOT_ADMITTED,,True,False,False,False,False,False,False,False,False
sun397,75,/c/canal/urban,sun397-category:75,strict,NATIVE_LABEL_ONLY,False,False,NATIVE_LABEL_ONLY,NOT_ADMITTED,,True,False,False,False,False,False,False,False,False
sun397,76,/c/candy_store,sun397-category:76,strict,VERIFIED_DEPICTED_TYPE,False,True,SOURCE_TYPED_MAPPING,CONNECTED,11,True,False,True,False,False,False,False,False,False
sun397,77,/c/canyon,sun397-category:77,strict,VERIFIED_DEPICTED_TYPE,False,True,SOURCE_TYPED_MAPPING,CONNECTED,8,True,False,True,False,False,False,False,False,False
sun397,78,/c/car_interior/backseat,sun397-category:78,strict,NATIVE_LABEL_ONLY,False,False,NATIVE_LABEL_ONLY,NOT_ADMITTED,,True,False,False,False,False,False,False,False,False
sun397,79,/c/car_interior/frontseat,sun397-category:79,strict,NATIVE_LABEL_ONLY,False,False,NATIVE_LABEL_ONLY,NOT_ADMITTED,,True,False,False,False,False,False,False,False,False
sun397,80,/c/carrousel,sun397-category:80,strict,VERIFIED_DEPICTED_TYPE,False,True,SOURCE_TYPED_MAPPING,CONNECTED,11,True,False,True,False,False,False,False,False,False
sun397,81,/c/casino/indoor,sun397-category:81,strict,VERIFIED_DEPICTED_TYPE,False,True,SOURCE_TYPED_MAPPING,CONNECTED,9,True,False,True,False,False,False,False,False,False
sun397,82,/c/castle,sun397-category:82,strict,NATIVE_LABEL_ONLY,False,False,NATIVE_LABEL_ONLY,NOT_ADMITTED,,True,False,False,False,False,False,False,False,False
sun397,83,/c/catacomb,sun397-category:83,strict,VERIFIED_DEPICTED_TYPE,False,True,SOURCE_TYPED_MAPPING,CONNECTED,10,True,False,True,False,False,False,False,False,False
sun397,84,/c/cathedral/indoor,sun397-category:84,strict,NATIVE_LABEL_ONLY,False,False,NATIVE_LABEL_ONLY,NOT_ADMITTED,,True,False,False,False,False,False,False,False,False
sun397,85,/c/cathedral/outdoor,sun397-category:85,strict,NATIVE_LABEL_ONLY,False,False,NATIVE_LABEL_ONLY,NOT_ADMITTED,,True,False,False,False,False,False,False,False,False
sun397,86,/c/cavern/indoor,sun397-category:86,strict,NATIVE_LABEL_ONLY,False,False,NATIVE_LABEL_ONLY,NOT_ADMITTED,,True,False,False,False,False,False,False,False,False
sun397,87,/c/cemetery,sun397-category:87,strict,VERIFIED_DEPICTED_TYPE,False,True,SOURCE_TYPED_MAPPING,CONNECTED,9,True,False,True,False,False,False,False,False,False
sun397,88,/c/chalet,sun397-category:88,strict,VERIFIED_DEPICTED_TYPE,False,True,SOURCE_TYPED_MAPPING,CONNECTED,9,True,False,True,False,False,False,False,False,False
sun397,89,/c/cheese_factory,sun397-category:89,strict,NATIVE_LABEL_ONLY,False,False,NATIVE_LABEL_ONLY,NOT_ADMITTED,,True,False,False,False,False,False,False,False,False
sun397,90,/c/chemistry_lab,sun397-category:90,strict,VERIFIED_DEPICTED_TYPE,False,True,SOURCE_TYPED_MAPPING,CONNECTED,9,True,False,True,False,False,False,False,False,False
sun397,91,/c/chicken_coop/indoor,sun397-category:91,strict,VERIFIED_DEPICTED_TYPE,False,True,SOURCE_TYPED_MAPPING,CONNECTED,9,True,False,True,False,False,False,False,False,False
sun397,92,/c/chicken_coop/outdoor,sun397-category:92,strict,VERIFIED_DEPICTED_TYPE,False,True,SOURCE_TYPED_MAPPING,CONNECTED,9,True,False,True,False,False,False,False,False,False
sun397,93,/c/childs_room,sun397-category:93,strict,NATIVE_LABEL_ONLY,False,False,NATIVE_LABEL_ONLY,NOT_ADMITTED,,True,False,False,False,False,False,False,False,False
sun397,94,/c/church/indoor,sun397-category:94,strict,VERIFIED_DEPICTED_TYPE,False,True,SOURCE_TYPED_MAPPING,CONNECTED,9,True,False,True,False,False,False,False,False,False
sun397,95,/c/church/outdoor,sun397-category:95,strict,VERIFIED_DEPICTED_TYPE,False,True,SOURCE_TYPED_MAPPING,CONNECTED,9,True,False,True,False,False,False,False,False,False
sun397,96,/c/classroom,sun397-category:96,strict,VERIFIED_DEPICTED_TYPE,False,True,SOURCE_TYPED_MAPPING,CONNECTED,9,True,False,True,False,False,False,False,False,False
sun397,97,/c/clean_room,sun397-category:97,strict,VERIFIED_DEPICTED_TYPE,False,True,SOURCE_TYPED_MAPPING,CONNECTED,9,True,False,True,False,False,False,False,False,False
sun397,98,/c/cliff,sun397-category:98,strict,VERIFIED_DEPICTED_TYPE,False,True,SOURCE_TYPED_MAPPING,CONNECTED,5,True,False,True,False,False,False,False,False,False
sun397,99,/c/cloister/indoor,sun397-category:99,strict,NATIVE_LABEL_ONLY,False,False,NATIVE_LABEL_ONLY,NOT_ADMITTED,,True,False,False,False,False,False,False,False,False
sun397,100,/c/closet,sun397-category:100,strict,NATIVE_LABEL_ONLY,False,False,NATIVE_LABEL_ONLY,NOT_ADMITTED,,True,False,False,False,False,False,False,False,False
sun397,101,/c/clothing_store,sun397-category:101,strict,VERIFIED_DEPICTED_TYPE,False,True,SOURCE_TYPED_MAPPING,CONNECTED,11,True,False,True,False,False,False,False,False,False
sun397,102,/c/coast,sun397-category:102,strict,NATIVE_LABEL_ONLY,False,False,NATIVE_LABEL_ONLY,NOT_ADMITTED,,True,False,False,False,False,False,False,False,False
sun397,103,/c/cockpit,sun397-category:103,strict,NATIVE_LABEL_ONLY,False,False,NATIVE_LABEL_ONLY,NOT_ADMITTED,,True,False,False,False,False,False,False,False,False
sun397,104,/c/coffee_shop,sun397-category:104,strict,VERIFIED_DEPICTED_TYPE,False,True,SOURCE_TYPED_MAPPING,CONNECTED,9,True,False,True,False,False,False,False,False,False
sun397,105,/c/computer_room,sun397-category:105,strict,NATIVE_LABEL_ONLY,False,False,NATIVE_LABEL_ONLY,NOT_ADMITTED,,True,False,False,False,False,False,False,False,False
sun397,106,/c/conference_center,sun397-category:106,strict,VERIFIED_DEPICTED_TYPE,False,True,SOURCE_TYPED_MAPPING,CONNECTED,9,True,False,True,False,False,False,False,False,False
sun397,107,/c/conference_room,sun397-category:107,strict,VERIFIED_DEPICTED_TYPE,False,True,SOURCE_TYPED_MAPPING,CONNECTED,9,True,False,True,False,False,False,False,False,False
sun397,108,/c/construction_site,sun397-category:108,strict,NATIVE_LABEL_ONLY,False,False,NATIVE_LABEL_ONLY,NOT_ADMITTED,,True,False,False,False,False,False,False,False,False
sun397,109,/c/control_room,sun397-category:109,strict,VERIFIED_DEPICTED_TYPE,False,True,SOURCE_TYPED_MAPPING,CONNECTED,9,True,False,True,False,False,False,False,False,False
sun397,110,/c/control_tower/outdoor,sun397-category:110,strict,VERIFIED_DEPICTED_TYPE,False,True,SOURCE_TYPED_MAPPING,CONNECTED,8,True,False,True,False,False,False,False,False,False
sun397,111,/c/corn_field,sun397-category:111,strict,VERIFIED_DEPICTED_TYPE,False,True,SOURCE_TYPED_MAPPING,CONNECTED,10,True,False,True,False,False,False,False,False,False
sun397,112,/c/corral,sun397-category:112,strict,VERIFIED_DEPICTED_TYPE,False,True,SOURCE_TYPED_MAPPING,CONNECTED,10,True,False,True,False,False,False,False,False,False
sun397,113,/c/corridor,sun397-category:113,strict,VERIFIED_DEPICTED_TYPE,False,True,SOURCE_TYPED_MAPPING,CONNECTED,9,True,False,True,False,False,False,False,False,False
sun397,114,/c/cottage_garden,sun397-category:114,strict,NATIVE_LABEL_ONLY,False,False,NATIVE_LABEL_ONLY,NOT_ADMITTED,,True,False,False,False,False,False,False,False,False
sun397,115,/c/courthouse,sun397-category:115,strict,NATIVE_LABEL_ONLY,False,False,NATIVE_LABEL_ONLY,NOT_ADMITTED,,True,False,False,False,False,False,False,False,False
sun397,116,/c/courtroom,sun397-category:116,strict,VERIFIED_DEPICTED_TYPE,False,True,SOURCE_TYPED_MAPPING,CONNECTED,9,True,False,True,False,False,False,False,False,False
sun397,117,/c/courtyard,sun397-category:117,strict,VERIFIED_DEPICTED_TYPE,False,True,SOURCE_TYPED_MAPPING,CONNECTED,8,True,False,True,False,False,False,False,False,False
sun397,118,/c/covered_bridge/exterior,sun397-category:118,strict,VERIFIED_DEPICTED_TYPE,False,True,SOURCE_TYPED_MAPPING,CONNECTED,8,True,False,True,False,False,False,False,False,False
sun397,119,/c/creek,sun397-category:119,strict,NATIVE_LABEL_ONLY,False,False,NATIVE_LABEL_ONLY,NOT_ADMITTED,,True,False,False,False,False,False,False,False,False
sun397,120,/c/crevasse,sun397-category:120,strict,VERIFIED_DEPICTED_TYPE,False,True,SOURCE_TYPED_MAPPING,CONNECTED,8,True,False,True,False,False,False,False,False,False
sun397,121,/c/crosswalk,sun397-category:121,strict,VERIFIED_DEPICTED_TYPE,False,True,SOURCE_TYPED_MAPPING,CONNECTED,8,True,False,True,False,False,False,False,False,False
sun397,122,/c/cubicle/office,sun397-category:122,strict,NATIVE_LABEL_ONLY,False,False,NATIVE_LABEL_ONLY,NOT_ADMITTED,,True,False,False,False,False,False,False,False,False
sun397,123,/d/dam,sun397-category:123,strict,NATIVE_LABEL_ONLY,False,False,NATIVE_LABEL_ONLY,NOT_ADMITTED,,True,False,False,False,False,False,False,False,False
sun397,124,/d/delicatessen,sun397-category:124,strict,NATIVE_LABEL_ONLY,False,False,NATIVE_LABEL_ONLY,NOT_ADMITTED,,True,False,False,False,False,False,False,False,False
sun397,125,/d/dentists_office,sun397-category:125,strict,NATIVE_LABEL_ONLY,False,False,NATIVE_LABEL_ONLY,NOT_ADMITTED,,True,False,False,False,False,False,False,False,False
sun397,126,/d/desert/sand,sun397-category:126,strict,VERIFIED_DEPICTED_TYPE,False,True,SOURCE_TYPED_MAPPING,CONNECTED,6,True,False,True,False,False,False,False,False,False
sun397,127,/d/desert/vegetation,sun397-category:127,strict,VERIFIED_DEPICTED_TYPE,False,True,SOURCE_TYPED_MAPPING,CONNECTED,6,True,False,True,False,False,False,False,False,False
sun397,128,/d/diner/indoor,sun397-category:128,strict,NATIVE_LABEL_ONLY,False,False,NATIVE_LABEL_ONLY,NOT_ADMITTED,,True,False,False,False,False,False,False,False,False
sun397,129,/d/diner/outdoor,sun397-category:129,strict,NATIVE_LABEL_ONLY,False,False,NATIVE_LABEL_ONLY,NOT_ADMITTED,,True,False,False,False,False,False,False,False,False
sun397,130,/d/dinette/home,sun397-category:130,strict,VERIFIED_DEPICTED_TYPE,False,True,SOURCE_TYPED_MAPPING,CONNECTED,9,True,False,True,False,False,False,False,False,False
sun397,131,/d/dinette/vehicle,sun397-category:131,strict,VERIFIED_DEPICTED_TYPE,False,True,SOURCE_TYPED_MAPPING,CONNECTED,9,True,False,True,False,False,False,False,False,False
sun397,132,/d/dining_car,sun397-category:132,strict,VERIFIED_DEPICTED_TYPE,False,True,SOURCE_TYPED_MAPPING,CONNECTED,11,True,False,True,False,False,False,False,False,False
sun397,133,/d/dining_room,sun397-category:133,strict,VERIFIED_DEPICTED_TYPE,False,True,SOURCE_TYPED_MAPPING,CONNECTED,9,True,False,True,False,False,False,False,False,False
sun397,134,/d/discotheque,sun397-category:134,strict,VERIFIED_DEPICTED_TYPE,False,True,SOURCE_TYPED_MAPPING,CONNECTED,10,True,False,True,False,False,False,False,False,False
sun397,135,/d/dock,sun397-category:135,strict,NATIVE_LABEL_ONLY,False,False,NATIVE_LABEL_ONLY,NOT_ADMITTED,,True,False,False,False,False,False,False,False,False
sun397,136,/d/doorway/outdoor,sun397-category:136,strict,VERIFIED_DEPICTED_TYPE,False,True,SOURCE_TYPED_MAPPING,CONNECTED,9,True,False,True,False,False,False,False,False,False
sun397,137,/d/dorm_room,sun397-category:137,strict,VERIFIED_DEPICTED_TYPE,False,True,SOURCE_TYPED_MAPPING,CONNECTED,10,True,False,True,False,False,False,False,False,False
sun397,138,/d/driveway,sun397-category:138,strict,VERIFIED_DEPICTED_TYPE,False,True,SOURCE_TYPED_MAPPING,CONNECTED,8,True,False,True,False,False,False,False,False,False
sun397,139,/d/driving_range/outdoor,sun397-category:139,strict,VERIFIED_DEPICTED_TYPE,False,True,SOURCE_TYPED_MAPPING,CONNECTED,9,True,False,True,False,False,False,False,False,False
sun397,140,/d/drugstore,sun397-category:140,strict,VERIFIED_DEPICTED_TYPE,False,True,SOURCE_TYPED_MAPPING,CONNECTED,11,True,False,True,False,False,False,False,False,False
sun397,141,/e/electrical_substation,sun397-category:141,strict,NATIVE_LABEL_ONLY,False,False,NATIVE_LABEL_ONLY,NOT_ADMITTED,,True,False,False,False,False,False,False,False,False
sun397,142,/e/elevator/door,sun397-category:142,strict,NATIVE_LABEL_ONLY,False,False,NATIVE_LABEL_ONLY,NOT_ADMITTED,,True,False,False,False,False,False,False,False,False
sun397,143,/e/elevator/interior,sun397-category:143,strict,NATIVE_LABEL_ONLY,False,False,NATIVE_LABEL_ONLY,NOT_ADMITTED,,True,False,False,False,False,False,False,False,False
sun397,144,/e/elevator_shaft,sun397-category:144,strict,VERIFIED_DEPICTED_TYPE,False,True,SOURCE_TYPED_MAPPING,CONNECTED,10,True,False,True,False,False,False,False,False,False
sun397,145,/e/engine_room,sun397-category:145,strict,VERIFIED_DEPICTED_TYPE,False,True,SOURCE_TYPED_MAPPING,CONNECTED,9,True,False,True,False,False,False,False,False,False
sun397,146,/e/escalator/indoor,sun397-category:146,strict,VERIFIED_DEPICTED_TYPE,False,True,SOURCE_TYPED_MAPPING,CONNECTED,8,True,False,True,False,False,False,False,False,False
sun397,147,/e/excavation,sun397-category:147,strict,NATIVE_LABEL_ONLY,False,False,NATIVE_LABEL_ONLY,NOT_ADMITTED,,True,False,False,False,False,False,False,False,False
sun397,148,/f/factory/indoor,sun397-category:148,strict,VERIFIED_DEPICTED_TYPE,False,True,SOURCE_TYPED_MAPPING,CONNECTED,9,True,False,True,False,False,False,False,False,False
sun397,149,/f/fairway,sun397-category:149,strict,NATIVE_LABEL_ONLY,False,False,NATIVE_LABEL_ONLY,NOT_ADMITTED,,True,False,False,False,False,False,False,False,False
sun397,150,/f/fastfood_restaurant,sun397-category:150,strict,NATIVE_LABEL_ONLY,False,False,NATIVE_LABEL_ONLY,NOT_ADMITTED,,True,False,False,False,False,False,False,False,False
sun397,151,/f/field/cultivated,sun397-category:151,strict,NATIVE_LABEL_ONLY,False,False,NATIVE_LABEL_ONLY,NOT_ADMITTED,,True,False,False,False,False,False,False,False,False
sun397,152,/f/field/wild,sun397-category:152,strict,NATIVE_LABEL_ONLY,False,False,NATIVE_LABEL_ONLY,NOT_ADMITTED,,True,False,False,False,False,False,False,False,False
sun397,153,/f/fire_escape,sun397-category:153,strict,VERIFIED_DEPICTED_TYPE,False,True,SOURCE_TYPED_MAPPING,CONNECTED,8,True,False,True,False,False,False,False,False,False
sun397,154,/f/fire_station,sun397-category:154,strict,VERIFIED_DEPICTED_TYPE,False,True,SOURCE_TYPED_MAPPING,CONNECTED,8,True,False,True,False,False,False,False,False,False
sun397,155,/f/firing_range/indoor,sun397-category:155,strict,VERIFIED_DEPICTED_TYPE,False,True,SOURCE_TYPED_MAPPING,CONNECTED,9,True,False,True,False,False,False,False,False,False
sun397,156,/f/fishpond,sun397-category:156,strict,VERIFIED_DEPICTED_TYPE,False,True,SOURCE_TYPED_MAPPING,CONNECTED,7,True,False,True,False,False,False,False,False,False
sun397,157,/f/florist_shop/indoor,sun397-category:157,strict,VERIFIED_DEPICTED_TYPE,False,True,SOURCE_TYPED_MAPPING,CONNECTED,11,True,False,True,False,False,False,False,False,False
sun397,158,/f/food_court,sun397-category:158,strict,VERIFIED_DEPICTED_TYPE,False,True,SOURCE_TYPED_MAPPING,CONNECTED,9,True,False,True,False,False,False,False,False,False
sun397,159,/f/forest/broadleaf,sun397-category:159,strict,VERIFIED_DEPICTED_TYPE,False,True,SOURCE_TYPED_MAPPING,CONNECTED,5,True,False,True,False,False,False,False,False,False
sun397,160,/f/forest/needleleaf,sun397-category:160,strict,VERIFIED_DEPICTED_TYPE,False,True,SOURCE_TYPED_MAPPING,CONNECTED,5,True,False,True,False,False,False,False,False,False
sun397,161,/f/forest_path,sun397-category:161,strict,NATIVE_LABEL_ONLY,False,False,NATIVE_LABEL_ONLY,NOT_ADMITTED,,True,False,False,False,False,False,False,False,False
sun397,162,/f/forest_road,sun397-category:162,strict,NATIVE_LABEL_ONLY,False,False,NATIVE_LABEL_ONLY,NOT_ADMITTED,,True,False,False,False,False,False,False,False,False
sun397,163,/f/formal_garden,sun397-category:163,strict,VERIFIED_DEPICTED_TYPE,False,True,SOURCE_TYPED_MAPPING,CONNECTED,10,True,False,True,False,False,False,False,False,False
sun397,164,/f/fountain,sun397-category:164,strict,NATIVE_LABEL_ONLY,False,False,NATIVE_LABEL_ONLY,NOT_ADMITTED,,True,False,False,False,False,False,False,False,False
sun397,165,/g/galley,sun397-category:165,strict,NATIVE_LABEL_ONLY,False,False,NATIVE_LABEL_ONLY,NOT_ADMITTED,,True,False,False,False,False,False,False,False,False
sun397,166,/g/game_room,sun397-category:166,strict,VERIFIED_DEPICTED_TYPE,False,True,SOURCE_TYPED_MAPPING,CONNECTED,10,True,False,True,False,False,False,False,False,False
sun397,167,/g/garage/indoor,sun397-category:167,strict,NATIVE_LABEL_ONLY,False,False,NATIVE_LABEL_ONLY,NOT_ADMITTED,,True,False,False,False,False,False,False,False,False
sun397,168,/g/garbage_dump,sun397-category:168,strict,VERIFIED_DEPICTED_TYPE,False,True,SOURCE_TYPED_MAPPING,CONNECTED,9,True,False,True,False,False,False,False,False,False
sun397,169,/g/gas_station,sun397-category:169,strict,VERIFIED_DEPICTED_TYPE,False,True,SOURCE_TYPED_MAPPING,CONNECTED,9,True,False,True,False,False,False,False,False,False
sun397,170,/g/gazebo/exterior,sun397-category:170,strict,VERIFIED_DEPICTED_TYPE,False,True,SOURCE_TYPED_MAPPING,CONNECTED,8,True,False,True,False,False,False,False,False,False
sun397,171,/g/general_store/indoor,sun397-category:171,strict,VERIFIED_DEPICTED_TYPE,False,True,SOURCE_TYPED_MAPPING,CONNECTED,10,True,False,True,False,False,False,False,False,False
sun397,172,/g/general_store/outdoor,sun397-category:172,strict,VERIFIED_DEPICTED_TYPE,False,True,SOURCE_TYPED_MAPPING,CONNECTED,10,True,False,True,False,False,False,False,False,False
sun397,173,/g/gift_shop,sun397-category:173,strict,VERIFIED_DEPICTED_TYPE,False,True,SOURCE_TYPED_MAPPING,CONNECTED,11,True,False,True,False,False,False,False,False,False
sun397,174,/g/golf_course,sun397-category:174,strict,VERIFIED_DEPICTED_TYPE,False,True,SOURCE_TYPED_MAPPING,CONNECTED,8,True,False,True,False,False,False,False,False,False
sun397,175,/g/greenhouse/indoor,sun397-category:175,strict,VERIFIED_DEPICTED_TYPE,False,True,SOURCE_TYPED_MAPPING,CONNECTED,8,True,False,True,False,False,False,False,False,False
sun397,176,/g/greenhouse/outdoor,sun397-category:176,strict,VERIFIED_DEPICTED_TYPE,False,True,SOURCE_TYPED_MAPPING,CONNECTED,8,True,False,True,False,False,False,False,False,False
sun397,177,/g/gymnasium/indoor,sun397-category:177,strict,VERIFIED_DEPICTED_TYPE,False,True,SOURCE_TYPED_MAPPING,CONNECTED,8,True,False,True,False,False,False,False,False,False
sun397,178,/h/hangar/indoor,sun397-category:178,strict,VERIFIED_DEPICTED_TYPE,False,True,SOURCE_TYPED_MAPPING,CONNECTED,7,True,False,True,False,False,False,False,False,False
sun397,179,/h/hangar/outdoor,sun397-category:179,strict,VERIFIED_DEPICTED_TYPE,False,True,SOURCE_TYPED_MAPPING,CONNECTED,7,True,False,True,False,False,False,False,False,False
sun397,180,/h/harbor,sun397-category:180,strict,NATIVE_LABEL_ONLY,False,False,NATIVE_LABEL_ONLY,NOT_ADMITTED,,True,False,False,False,False,False,False,False,False
sun397,181,/h/hayfield,sun397-category:181,strict,VERIFIED_DEPICTED_TYPE,False,True,SOURCE_TYPED_MAPPING,CONNECTED,7,True,False,True,False,False,False,False,False,False
sun397,182,/h/heliport,sun397-category:182,strict,VERIFIED_DEPICTED_TYPE,False,True,SOURCE_TYPED_MAPPING,CONNECTED,9,True,False,True,False,False,False,False,False,False
sun397,183,/h/herb_garden,sun397-category:183,strict,VERIFIED_DEPICTED_TYPE,False,True,SOURCE_TYPED_MAPPING,CONNECTED,10,True,False,True,False,False,False,False,False,False
sun397,184,/h/highway,sun397-category:184,strict,VERIFIED_DEPICTED_TYPE,False,True,SOURCE_TYPED_MAPPING,CONNECTED,8,True,False,True,False,False,False,False,False,False
sun397,185,/h/hill,sun397-category:185,strict,NATIVE_LABEL_ONLY,False,False,NATIVE_LABEL_ONLY,NOT_ADMITTED,,True,False,False,False,False,False,False,False,False
sun397,186,/h/home_office,sun397-category:186,strict,VERIFIED_DEPICTED_TYPE,False,True,SOURCE_TYPED_MAPPING,CONNECTED,10,True,False,True,False,False,False,False,False,False
sun397,187,/h/hospital,sun397-category:187,strict,VERIFIED_DEPICTED_TYPE,False,True,SOURCE_TYPED_MAPPING,CONNECTED,9,True,False,True,False,False,False,False,False,False
sun397,188,/h/hospital_room,sun397-category:188,strict,VERIFIED_DEPICTED_TYPE,False,True,SOURCE_TYPED_MAPPING,CONNECTED,9,True,False,True,False,False,False,False,False,False
sun397,189,/h/hot_spring,sun397-category:189,strict,VERIFIED_DEPICTED_TYPE,False,True,SOURCE_TYPED_MAPPING,CONNECTED,6,True,False,True,False,False,False,False,False,False
sun397,190,/h/hot_tub/outdoor,sun397-category:190,strict,VERIFIED_DEPICTED_TYPE,False,True,SOURCE_TYPED_MAPPING,CONNECTED,10,True,False,True,False,False,False,False,False,False
sun397,191,/h/hotel/outdoor,sun397-category:191,strict,VERIFIED_DEPICTED_TYPE,False,True,SOURCE_TYPED_MAPPING,CONNECTED,8,True,False,True,False,False,False,False,False,False
sun397,192,/h/hotel_room,sun397-category:192,strict,VERIFIED_DEPICTED_TYPE,False,True,SOURCE_TYPED_MAPPING,CONNECTED,10,True,False,True,False,False,False,False,False,False
sun397,193,/h/house,sun397-category:193,strict,NATIVE_LABEL_ONLY,False,False,NATIVE_LABEL_ONLY,NOT_ADMITTED,,True,False,False,False,False,False,False,False,False
sun397,194,/h/hunting_lodge/outdoor,sun397-category:194,strict,VERIFIED_DEPICTED_TYPE,False,True,SOURCE_TYPED_MAPPING,CONNECTED,9,True,False,True,False,False,False,False,False,False
sun397,195,/i/ice_cream_parlor,sun397-category:195,strict,NATIVE_LABEL_ONLY,False,False,NATIVE_LABEL_ONLY,NOT_ADMITTED,,True,False,False,False,False,False,False,False,False
sun397,196,/i/ice_floe,sun397-category:196,strict,VERIFIED_DEPICTED_TYPE,False,True,SOURCE_TYPED_MAPPING,CONNECTED,6,True,False,True,False,False,False,False,False,False
sun397,197,/i/ice_shelf,sun397-category:197,strict,VERIFIED_DEPICTED_TYPE,False,True,SOURCE_TYPED_MAPPING,CONNECTED,5,True,False,True,False,False,False,False,False,False
sun397,198,/i/ice_skating_rink/indoor,sun397-category:198,strict,VERIFIED_DEPICTED_TYPE,False,True,SOURCE_TYPED_MAPPING,CONNECTED,9,True,False,True,False,False,False,False,False,False
sun397,199,/i/ice_skating_rink/outdoor,sun397-category:199,strict,VERIFIED_DEPICTED_TYPE,False,True,SOURCE_TYPED_MAPPING,CONNECTED,9,True,False,True,False,False,False,False,False,False
sun397,200,/i/iceberg,sun397-category:200,strict,NATIVE_LABEL_ONLY,False,False,NATIVE_LABEL_ONLY,NOT_ADMITTED,,True,False,False,False,False,False,False,False,False
sun397,201,/i/igloo,sun397-category:201,strict,VERIFIED_DEPICTED_TYPE,False,True,SOURCE_TYPED_MAPPING,CONNECTED,9,True,False,True,False,False,False,False,False,False
sun397,202,/i/industrial_area,sun397-category:202,strict,VERIFIED_DEPICTED_TYPE,False,True,SOURCE_TYPED_MAPPING,CONNECTED,8,True,False,True,False,False,False,False,False,False
sun397,203,/i/inn/outdoor,sun397-category:203,strict,VERIFIED_DEPICTED_TYPE,False,True,SOURCE_TYPED_MAPPING,CONNECTED,9,True,False,True,False,False,False,False,False,False
sun397,204,/i/islet,sun397-category:204,strict,VERIFIED_DEPICTED_TYPE,False,True,SOURCE_TYPED_MAPPING,CONNECTED,6,True,False,True,False,False,False,False,False,False
sun397,205,/j/jacuzzi/indoor,sun397-category:205,strict,NATIVE_LABEL_ONLY,False,False,NATIVE_LABEL_ONLY,NOT_ADMITTED,,True,False,False,False,False,False,False,False,False
sun397,206,/j/jail/indoor,sun397-category:206,strict,VERIFIED_DEPICTED_TYPE,False,True,SOURCE_TYPED_MAPPING,CONNECTED,11,True,False,True,False,False,False,False,False,False
sun397,207,/j/jail_cell,sun397-category:207,strict,VERIFIED_DEPICTED_TYPE,False,True,SOURCE_TYPED_MAPPING,CONNECTED,9,True,False,True,False,False,False,False,False,False
sun397,208,/j/jewelry_shop,sun397-category:208,strict,NATIVE_LABEL_ONLY,False,False,NATIVE_LABEL_ONLY,NOT_ADMITTED,,True,False,False,False,False,False,False,False,False
sun397,209,/k/kasbah,sun397-category:209,strict,VERIFIED_DEPICTED_TYPE,False,True,SOURCE_TYPED_MAPPING,CONNECTED,9,True,False,True,False,False,False,False,False,False
sun397,210,/k/kennel/indoor,sun397-category:210,strict,VERIFIED_DEPICTED_TYPE,False,True,SOURCE_TYPED_MAPPING,CONNECTED,9,True,False,True,False,False,False,False,False,False
sun397,211,/k/kennel/outdoor,sun397-category:211,strict,VERIFIED_DEPICTED_TYPE,False,True,SOURCE_TYPED_MAPPING,CONNECTED,9,True,False,True,False,False,False,False,False,False
sun397,212,/k/kindergarden_classroom,sun397-category:212,strict,NATIVE_LABEL_ONLY,False,False,NATIVE_LABEL_ONLY,NOT_ADMITTED,,True,False,False,False,False,False,False,False,False
sun397,213,/k/kitchen,sun397-category:213,strict,VERIFIED_DEPICTED_TYPE,False,True,SOURCE_TYPED_MAPPING,CONNECTED,9,True,False,True,False,False,False,False,False,False
sun397,214,/k/kitchenette,sun397-category:214,strict,VERIFIED_DEPICTED_TYPE,False,True,SOURCE_TYPED_MAPPING,CONNECTED,10,True,False,True,False,False,False,False,False,False
sun397,215,/l/labyrinth/outdoor,sun397-category:215,strict,NATIVE_LABEL_ONLY,False,False,NATIVE_LABEL_ONLY,NOT_ADMITTED,,True,False,False,False,False,False,False,False,False
sun397,216,/l/lake/natural,sun397-category:216,strict,NATIVE_LABEL_ONLY,False,False,NATIVE_LABEL_ONLY,NOT_ADMITTED,,True,False,False,False,False,False,False,False,False
sun397,217,/l/landfill,sun397-category:217,strict,VERIFIED_DEPICTED_TYPE,False,True,SOURCE_TYPED_MAPPING,CONNECTED,7,True,False,True,False,False,False,False,False,False
sun397,218,/l/landing_deck,sun397-category:218,strict,VERIFIED_DEPICTED_TYPE,False,True,SOURCE_TYPED_MAPPING,CONNECTED,10,True,False,True,False,False,False,False,False,False
sun397,219,/l/laundromat,sun397-category:219,strict,VERIFIED_DEPICTED_TYPE,False,True,SOURCE_TYPED_MAPPING,CONNECTED,9,True,False,True,False,False,False,False,False,False
sun397,220,/l/lecture_room,sun397-category:220,strict,VERIFIED_DEPICTED_TYPE,False,True,SOURCE_TYPED_MAPPING,CONNECTED,10,True,False,True,False,False,False,False,False,False
sun397,221,/l/library/indoor,sun397-category:221,strict,NATIVE_LABEL_ONLY,False,False,NATIVE_LABEL_ONLY,NOT_ADMITTED,,True,False,False,False,False,False,False,False,False
sun397,222,/l/library/outdoor,sun397-category:222,strict,NATIVE_LABEL_ONLY,False,False,NATIVE_LABEL_ONLY,NOT_ADMITTED,,True,False,False,False,False,False,False,False,False
sun397,223,/l/lido_deck/outdoor,sun397-category:223,strict,VERIFIED_DEPICTED_TYPE,False,True,SOURCE_TYPED_MAPPING,CONNECTED,10,True,False,True,False,False,False,False,False,False
sun397,224,/l/lift_bridge,sun397-category:224,strict,VERIFIED_DEPICTED_TYPE,False,True,SOURCE_TYPED_MAPPING,CONNECTED,8,True,False,True,False,False,False,False,False,False
sun397,225,/l/lighthouse,sun397-category:225,strict,VERIFIED_DEPICTED_TYPE,False,True,SOURCE_TYPED_MAPPING,CONNECTED,8,True,False,True,False,False,False,False,False,False
sun397,226,/l/limousine_interior,sun397-category:226,strict,NATIVE_LABEL_ONLY,False,False,NATIVE_LABEL_ONLY,NOT_ADMITTED,,True,False,False,False,False,False,False,False,False
sun397,227,/l/living_room,sun397-category:227,strict,VERIFIED_DEPICTED_TYPE,False,True,SOURCE_TYPED_MAPPING,CONNECTED,9,True,False,True,False,False,False,False,False,False
sun397,228,/l/lobby,sun397-category:228,strict,VERIFIED_DEPICTED_TYPE,False,True,SOURCE_TYPED_MAPPING,CONNECTED,9,True,False,True,False,False,False,False,False,False
sun397,229,/l/lock_chamber,sun397-category:229,strict,VERIFIED_DEPICTED_TYPE,False,True,SOURCE_TYPED_MAPPING,CONNECTED,9,True,False,True,False,False,False,False,False,False
sun397,230,/l/locker_room,sun397-category:230,strict,VERIFIED_DEPICTED_TYPE,False,True,SOURCE_TYPED_MAPPING,CONNECTED,9,True,False,True,False,False,False,False,False,False
sun397,231,/m/mansion,sun397-category:231,strict,NATIVE_LABEL_ONLY,False,False,NATIVE_LABEL_ONLY,NOT_ADMITTED,,True,False,False,False,False,False,False,False,False
sun397,232,/m/manufactured_home,sun397-category:232,strict,VERIFIED_DEPICTED_TYPE,False,True,SOURCE_TYPED_MAPPING,CONNECTED,8,True,False,True,False,False,False,False,False,False
sun397,233,/m/market/indoor,sun397-category:233,strict,NATIVE_LABEL_ONLY,False,False,NATIVE_LABEL_ONLY,NOT_ADMITTED,,True,False,False,False,False,False,False,False,False
sun397,234,/m/market/outdoor,sun397-category:234,strict,NATIVE_LABEL_ONLY,False,False,NATIVE_LABEL_ONLY,NOT_ADMITTED,,True,False,False,False,False,False,False,False,False
sun397,235,/m/marsh,sun397-category:235,strict,VERIFIED_DEPICTED_TYPE,False,True,SOURCE_TYPED_MAPPING,CONNECTED,6,True,False,True,False,False,False,False,False,False
sun397,236,/m/martial_arts_gym,sun397-category:236,strict,NATIVE_LABEL_ONLY,False,False,NATIVE_LABEL_ONLY,NOT_ADMITTED,,True,False,False,False,False,False,False,False,False
sun397,237,/m/mausoleum,sun397-category:237,strict,VERIFIED_DEPICTED_TYPE,False,True,SOURCE_TYPED_MAPPING,CONNECTED,9,True,False,True,False,False,False,False,False,False
sun397,238,/m/medina,sun397-category:238,strict,VERIFIED_DEPICTED_TYPE,False,True,SOURCE_TYPED_MAPPING,CONNECTED,9,True,False,True,False,False,False,False,False,False
sun397,239,/m/moat/water,sun397-category:239,strict,VERIFIED_DEPICTED_TYPE,False,True,SOURCE_TYPED_MAPPING,CONNECTED,9,True,False,True,False,False,False,False,False,False
sun397,240,/m/monastery/outdoor,sun397-category:240,strict,VERIFIED_DEPICTED_TYPE,False,True,SOURCE_TYPED_MAPPING,CONNECTED,11,True,False,True,False,False,False,False,False,False
sun397,241,/m/mosque/indoor,sun397-category:241,strict,VERIFIED_DEPICTED_TYPE,False,True,SOURCE_TYPED_MAPPING,CONNECTED,9,True,False,True,False,False,False,False,False,False
sun397,242,/m/mosque/outdoor,sun397-category:242,strict,VERIFIED_DEPICTED_TYPE,False,True,SOURCE_TYPED_MAPPING,CONNECTED,9,True,False,True,False,False,False,False,False,False
sun397,243,/m/motel,sun397-category:243,strict,VERIFIED_DEPICTED_TYPE,False,True,SOURCE_TYPED_MAPPING,CONNECTED,10,True,False,True,False,False,False,False,False,False
sun397,244,/m/mountain,sun397-category:244,strict,VERIFIED_DEPICTED_TYPE,False,True,SOURCE_TYPED_MAPPING,CONNECTED,6,True,False,True,False,False,False,False,False,False
sun397,245,/m/mountain_snowy,sun397-category:245,strict,NATIVE_LABEL_ONLY,False,False,NATIVE_LABEL_ONLY,NOT_ADMITTED,,True,False,False,False,False,False,False,False,False
sun397,246,/m/movie_theater/indoor,sun397-category:246,strict,VERIFIED_DEPICTED_TYPE,False,True,SOURCE_TYPED_MAPPING,CONNECTED,9,True,False,True,False,False,False,False,False,False
sun397,247,/m/museum/indoor,sun397-category:247,strict,VERIFIED_DEPICTED_TYPE,False,True,SOURCE_TYPED_MAPPING,CONNECTED,8,True,False,True,False,False,False,False,False,False
sun397,248,/m/music_store,sun397-category:248,strict,NATIVE_LABEL_ONLY,False,False,NATIVE_LABEL_ONLY,NOT_ADMITTED,,True,False,False,False,False,False,False,False,False
sun397,249,/m/music_studio,sun397-category:249,strict,NATIVE_LABEL_ONLY,False,False,NATIVE_LABEL_ONLY,NOT_ADMITTED,,True,False,False,False,False,False,False,False,False
sun397,250,/n/nuclear_power_plant/outdoor,sun397-category:250,strict,NATIVE_LABEL_ONLY,False,False,NATIVE_LABEL_ONLY,NOT_ADMITTED,,True,False,False,False,False,False,False,False,False
sun397,251,/n/nursery,sun397-category:251,strict,VERIFIED_DEPICTED_TYPE,False,True,SOURCE_TYPED_MAPPING,CONNECTED,11,True,False,True,False,False,False,False,False,False
sun397,252,/o/oast_house,sun397-category:252,strict,VERIFIED_DEPICTED_TYPE,False,True,SOURCE_TYPED_MAPPING,CONNECTED,9,True,False,True,False,False,False,False,False,False
sun397,253,/o/observatory/outdoor,sun397-category:253,strict,NATIVE_LABEL_ONLY,False,False,NATIVE_LABEL_ONLY,NOT_ADMITTED,,True,False,False,False,False,False,False,False,False
sun397,254,/o/ocean,sun397-category:254,strict,VERIFIED_DEPICTED_TYPE,False,True,SOURCE_TYPED_MAPPING,CONNECTED,5,True,False,True,False,False,False,False,False,False
sun397,255,/o/office,sun397-category:255,strict,VERIFIED_DEPICTED_TYPE,False,True,SOURCE_TYPED_MAPPING,CONNECTED,9,True,False,True,False,False,False,False,False,False
sun397,256,/o/office_building,sun397-category:256,strict,VERIFIED_DEPICTED_TYPE,False,True,SOURCE_TYPED_MAPPING,CONNECTED,8,True,False,True,False,False,False,False,False,False
sun397,257,/o/oil_refinery/outdoor,sun397-category:257,strict,VERIFIED_DEPICTED_TYPE,False,True,SOURCE_TYPED_MAPPING,CONNECTED,10,True,False,True,False,False,False,False,False,False
sun397,258,/o/oilrig,sun397-category:258,strict,VERIFIED_DEPICTED_TYPE,False,True,SOURCE_TYPED_MAPPING,CONNECTED,10,True,False,True,False,False,False,False,False,False
sun397,259,/o/operating_room,sun397-category:259,strict,VERIFIED_DEPICTED_TYPE,False,True,SOURCE_TYPED_MAPPING,CONNECTED,10,True,False,True,False,False,False,False,False,False
sun397,260,/o/orchard,sun397-category:260,strict,VERIFIED_DEPICTED_TYPE,False,True,SOURCE_TYPED_MAPPING,CONNECTED,10,True,False,True,False,False,False,False,False,False
sun397,261,/o/outhouse/outdoor,sun397-category:261,strict,VERIFIED_DEPICTED_TYPE,False,True,SOURCE_TYPED_MAPPING,CONNECTED,9,True,False,True,False,False,False,False,False,False
sun397,262,/p/pagoda,sun397-category:262,strict,VERIFIED_DEPICTED_TYPE,False,True,SOURCE_TYPED_MAPPING,CONNECTED,10,True,False,True,False,False,False,False,False,False
sun397,263,/p/palace,sun397-category:263,strict,NATIVE_LABEL_ONLY,False,False,NATIVE_LABEL_ONLY,NOT_ADMITTED,,True,False,False,False,False,False,False,False,False
sun397,264,/p/pantry,sun397-category:264,strict,VERIFIED_DEPICTED_TYPE,False,True,SOURCE_TYPED_MAPPING,CONNECTED,10,True,False,True,False,False,False,False,False,False
sun397,265,/p/park,sun397-category:265,strict,NATIVE_LABEL_ONLY,False,False,NATIVE_LABEL_ONLY,NOT_ADMITTED,,True,False,False,False,False,False,False,False,False
sun397,266,/p/parking_garage/indoor,sun397-category:266,strict,NATIVE_LABEL_ONLY,False,False,NATIVE_LABEL_ONLY,NOT_ADMITTED,,True,False,False,False,False,False,False,False,False
sun397,267,/p/parking_garage/outdoor,sun397-category:267,strict,NATIVE_LABEL_ONLY,False,False,NATIVE_LABEL_ONLY,NOT_ADMITTED,,True,False,False,False,False,False,False,False,False
sun397,268,/p/parking_lot,sun397-category:268,strict,VERIFIED_DEPICTED_TYPE,False,True,SOURCE_TYPED_MAPPING,CONNECTED,9,True,False,True,False,False,False,False,False,False
sun397,269,/p/parlor,sun397-category:269,strict,NATIVE_LABEL_ONLY,False,False,NATIVE_LABEL_ONLY,NOT_ADMITTED,,True,False,False,False,False,False,False,False,False
sun397,270,/p/pasture,sun397-category:270,strict,NATIVE_LABEL_ONLY,False,False,NATIVE_LABEL_ONLY,NOT_ADMITTED,,True,False,False,False,False,False,False,False,False
sun397,271,/p/patio,sun397-category:271,strict,VERIFIED_DEPICTED_TYPE,False,True,SOURCE_TYPED_MAPPING,CONNECTED,8,True,False,True,False,False,False,False,False,False
sun397,272,/p/pavilion,sun397-category:272,strict,VERIFIED_DEPICTED_TYPE,False,True,SOURCE_TYPED_MAPPING,CONNECTED,9,True,False,True,False,False,False,False,False,False
sun397,273,/p/pharmacy,sun397-category:273,strict,VERIFIED_DEPICTED_TYPE,False,True,SOURCE_TYPED_MAPPING,CONNECTED,11,True,False,True,False,False,False,False,False,False
sun397,274,/p/phone_booth,sun397-category:274,strict,VERIFIED_DEPICTED_TYPE,False,True,SOURCE_TYPED_MAPPING,CONNECTED,11,True,False,True,False,False,False,False,False,False
sun397,275,/p/physics_laboratory,sun397-category:275,strict,VERIFIED_DEPICTED_TYPE,False,True,SOURCE_TYPED_MAPPING,CONNECTED,9,True,False,True,False,False,False,False,False,False
sun397,276,/p/picnic_area,sun397-category:276,strict,VERIFIED_DEPICTED_TYPE,False,True,SOURCE_TYPED_MAPPING,CONNECTED,8,True,False,True,False,False,False,False,False,False
sun397,277,/p/pilothouse/indoor,sun397-category:277,strict,VERIFIED_DEPICTED_TYPE,False,True,SOURCE_TYPED_MAPPING,CONNECTED,10,True,False,True,False,False,False,False,False,False
sun397,278,/p/planetarium/outdoor,sun397-category:278,strict,NATIVE_LABEL_ONLY,False,False,NATIVE_LABEL_ONLY,NOT_ADMITTED,,True,False,False,False,False,False,False,False,False
sun397,279,/p/playground,sun397-category:279,strict,NATIVE_LABEL_ONLY,False,False,NATIVE_LABEL_ONLY,NOT_ADMITTED,,True,False,False,False,False,False,False,False,False
sun397,280,/p/playroom,sun397-category:280,strict,VERIFIED_DEPICTED_TYPE,False,True,SOURCE_TYPED_MAPPING,CONNECTED,10,True,False,True,False,False,False,False,False,False
sun397,281,/p/plaza,sun397-category:281,strict,NATIVE_LABEL_ONLY,False,False,NATIVE_LABEL_ONLY,NOT_ADMITTED,,True,False,False,False,False,False,False,False,False
sun397,282,/p/podium/indoor,sun397-category:282,strict,VERIFIED_DEPICTED_TYPE,False,True,SOURCE_TYPED_MAPPING,CONNECTED,9,True,False,True,False,False,False,False,False,False
sun397,283,/p/podium/outdoor,sun397-category:283,strict,VERIFIED_DEPICTED_TYPE,False,True,SOURCE_TYPED_MAPPING,CONNECTED,9,True,False,True,False,False,False,False,False,False
sun397,284,/p/pond,sun397-category:284,strict,VERIFIED_DEPICTED_TYPE,False,True,SOURCE_TYPED_MAPPING,CONNECTED,6,True,False,True,False,False,False,False,False,False
sun397,285,/p/poolroom/establishment,sun397-category:285,strict,VERIFIED_DEPICTED_TYPE,False,True,SOURCE_TYPED_MAPPING,CONNECTED,9,True,False,True,False,False,False,False,False,False
sun397,286,/p/poolroom/home,sun397-category:286,strict,VERIFIED_DEPICTED_TYPE,False,True,SOURCE_TYPED_MAPPING,CONNECTED,9,True,False,True,False,False,False,False,False,False
sun397,287,/p/power_plant/outdoor,sun397-category:287,strict,VERIFIED_DEPICTED_TYPE,False,True,SOURCE_TYPED_MAPPING,CONNECTED,8,True,False,True,False,False,False,False,False,False
sun397,288,/p/promenade_deck,sun397-category:288,strict,VERIFIED_DEPICTED_TYPE,False,True,SOURCE_TYPED_MAPPING,CONNECTED,10,True,False,True,False,False,False,False,False,False
sun397,289,/p/pub/indoor,sun397-category:289,strict,VERIFIED_DEPICTED_TYPE,False,True,SOURCE_TYPED_MAPPING,CONNECTED,9,True,False,True,False,False,False,False,False,False
sun397,290,/p/pulpit,sun397-category:290,strict,VERIFIED_DEPICTED_TYPE,False,True,SOURCE_TYPED_MAPPING,CONNECTED,9,True,False,True,False,False,False,False,False,False
sun397,291,/p/putting_green,sun397-category:291,strict,VERIFIED_DEPICTED_TYPE,False,True,SOURCE_TYPED_MAPPING,CONNECTED,9,True,False,True,False,False,False,False,False,False
sun397,292,/r/racecourse,sun397-category:292,strict,VERIFIED_DEPICTED_TYPE,False,True,SOURCE_TYPED_MAPPING,CONNECTED,8,True,False,True,False,False,False,False,False,False
sun397,293,/r/raceway,sun397-category:293,strict,NATIVE_LABEL_ONLY,False,False,NATIVE_LABEL_ONLY,NOT_ADMITTED,,True,False,False,False,False,False,False,False,False
sun397,294,/r/raft,sun397-category:294,strict,NATIVE_LABEL_ONLY,False,False,NATIVE_LABEL_ONLY,NOT_ADMITTED,,True,False,False,False,False,False,False,False,False
sun397,295,/r/railroad_track,sun397-category:295,strict,VERIFIED_DEPICTED_TYPE,False,True,SOURCE_TYPED_MAPPING,CONNECTED,7,True,False,True,False,False,False,False,False,False
sun397,296,/r/rainforest,sun397-category:296,strict,NATIVE_LABEL_ONLY,False,False,NATIVE_LABEL_ONLY,NOT_ADMITTED,,True,False,False,False,False,False,False,False,False
sun397,297,/r/reception,sun397-category:297,strict,VERIFIED_DEPICTED_TYPE,False,True,SOURCE_TYPED_MAPPING,CONNECTED,10,True,False,True,False,False,False,False,False,False
sun397,298,/r/recreation_room,sun397-category:298,strict,VERIFIED_DEPICTED_TYPE,False,True,SOURCE_TYPED_MAPPING,CONNECTED,9,True,False,True,False,False,False,False,False,False
sun397,299,/r/residential_neighborhood,sun397-category:299,strict,NATIVE_LABEL_ONLY,False,False,NATIVE_LABEL_ONLY,NOT_ADMITTED,,True,False,False,False,False,False,False,False,False
sun397,300,/r/restaurant,sun397-category:300,strict,VERIFIED_DEPICTED_TYPE,False,True,SOURCE_TYPED_MAPPING,CONNECTED,8,True,False,True,False,False,False,False,False,False
sun397,301,/r/restaurant_kitchen,sun397-category:301,strict,NATIVE_LABEL_ONLY,False,False,NATIVE_LABEL_ONLY,NOT_ADMITTED,,True,False,False,False,False,False,False,False,False
sun397,302,/r/restaurant_patio,sun397-category:302,strict,NATIVE_LABEL_ONLY,False,False,NATIVE_LABEL_ONLY,NOT_ADMITTED,,True,False,False,False,False,False,False,False,False
sun397,303,/r/rice_paddy,sun397-category:303,strict,VERIFIED_DEPICTED_TYPE,False,True,SOURCE_TYPED_MAPPING,CONNECTED,9,True,False,True,False,False,False,False,False,False
sun397,304,/r/riding_arena,sun397-category:304,strict,NATIVE_LABEL_ONLY,False,False,NATIVE_LABEL_ONLY,NOT_ADMITTED,,True,False,False,False,False,False,False,False,False
sun397,305,/r/river,sun397-category:305,strict,VERIFIED_DEPICTED_TYPE,False,True,SOURCE_TYPED_MAPPING,CONNECTED,6,True,False,True,False,False,False,False,False,False
sun397,306,/r/rock_arch,sun397-category:306,strict,NATIVE_LABEL_ONLY,False,False,NATIVE_LABEL_ONLY,NOT_ADMITTED,,True,False,False,False,False,False,False,False,False
sun397,307,/r/rope_bridge,sun397-category:307,strict,VERIFIED_DEPICTED_TYPE,False,True,SOURCE_TYPED_MAPPING,CONNECTED,8,True,False,True,False,False,False,False,False,False
sun397,308,/r/ruin,sun397-category:308,strict,NATIVE_LABEL_ONLY,False,False,NATIVE_LABEL_ONLY,NOT_ADMITTED,,True,False,False,False,False,False,False,False,False
sun397,309,/r/runway,sun397-category:309,strict,NATIVE_LABEL_ONLY,False,False,NATIVE_LABEL_ONLY,NOT_ADMITTED,,True,False,False,False,False,False,False,False,False
sun397,310,/s/sandbar,sun397-category:310,strict,VERIFIED_DEPICTED_TYPE,False,True,SOURCE_TYPED_MAPPING,CONNECTED,8,True,False,True,False,False,False,False,False,False
sun397,311,/s/sandbox,sun397-category:311,strict,NATIVE_LABEL_ONLY,False,False,NATIVE_LABEL_ONLY,NOT_ADMITTED,,True,False,False,False,False,False,False,False,False
sun397,312,/s/sauna,sun397-category:312,strict,VERIFIED_DEPICTED_TYPE,False,True,SOURCE_TYPED_MAPPING,CONNECTED,10,True,False,True,False,False,False,False,False,False
sun397,313,/s/schoolhouse,sun397-category:313,strict,VERIFIED_DEPICTED_TYPE,False,True,SOURCE_TYPED_MAPPING,CONNECTED,8,True,False,True,False,False,False,False,False,False
sun397,314,/s/sea_cliff,sun397-category:314,strict,NATIVE_LABEL_ONLY,False,False,NATIVE_LABEL_ONLY,NOT_ADMITTED,,True,False,False,False,False,False,False,False,False
sun397,315,/s/server_room,sun397-category:315,strict,NATIVE_LABEL_ONLY,False,False,NATIVE_LABEL_ONLY,NOT_ADMITTED,,True,False,False,False,False,False,False,False,False
sun397,316,/s/shed,sun397-category:316,strict,VERIFIED_DEPICTED_TYPE,False,True,SOURCE_TYPED_MAPPING,CONNECTED,9,True,False,True,False,False,False,False,False,False
sun397,317,/s/shoe_shop,sun397-category:317,strict,VERIFIED_DEPICTED_TYPE,False,True,SOURCE_TYPED_MAPPING,CONNECTED,11,True,False,True,False,False,False,False,False,False
sun397,318,/s/shopfront,sun397-category:318,strict,VERIFIED_DEPICTED_TYPE,False,True,SOURCE_TYPED_MAPPING,CONNECTED,9,True,False,True,False,False,False,False,False,False
sun397,319,/s/shopping_mall/indoor,sun397-category:319,strict,VERIFIED_DEPICTED_TYPE,False,True,SOURCE_TYPED_MAPPING,CONNECTED,10,True,False,True,False,False,False,False,False,False
sun397,320,/s/shower,sun397-category:320,strict,NATIVE_LABEL_ONLY,False,False,NATIVE_LABEL_ONLY,NOT_ADMITTED,,True,False,False,False,False,False,False,False,False
sun397,321,/s/skatepark,sun397-category:321,strict,NATIVE_LABEL_ONLY,False,False,NATIVE_LABEL_ONLY,NOT_ADMITTED,,True,False,False,False,False,False,False,False,False
sun397,322,/s/ski_lodge,sun397-category:322,strict,VERIFIED_DEPICTED_TYPE,False,True,SOURCE_TYPED_MAPPING,CONNECTED,9,True,False,True,False,False,False,False,False,False
sun397,323,/s/ski_resort,sun397-category:323,strict,VERIFIED_DEPICTED_TYPE,False,True,SOURCE_TYPED_MAPPING,CONNECTED,10,True,False,True,False,False,False,False,False,False
sun397,324,/s/ski_slope,sun397-category:324,strict,VERIFIED_DEPICTED_TYPE,False,True,SOURCE_TYPED_MAPPING,CONNECTED,6,True,False,True,False,False,False,False,False,False
sun397,325,/s/sky,sun397-category:325,strict,VERIFIED_DEPICTED_TYPE,False,True,SOURCE_TYPED_MAPPING,CONNECTED,7,True,False,True,False,False,False,False,False,False
sun397,326,/s/skyscraper,sun397-category:326,strict,VERIFIED_DEPICTED_TYPE,False,True,SOURCE_TYPED_MAPPING,CONNECTED,8,True,False,True,False,False,False,False,False,False
sun397,327,/s/slum,sun397-category:327,strict,VERIFIED_DEPICTED_TYPE,False,True,SOURCE_TYPED_MAPPING,CONNECTED,8,True,False,True,False,False,False,False,False,False
sun397,328,/s/snowfield,sun397-category:328,strict,VERIFIED_DEPICTED_TYPE,False,True,SOURCE_TYPED_MAPPING,CONNECTED,6,True,False,True,False,False,False,False,False,False
sun397,329,/s/squash_court,sun397-category:329,strict,VERIFIED_DEPICTED_TYPE,False,True,SOURCE_TYPED_MAPPING,CONNECTED,10,True,False,True,False,False,False,False,False,False
sun397,330,/s/stable,sun397-category:330,strict,VERIFIED_DEPICTED_TYPE,False,True,SOURCE_TYPED_MAPPING,CONNECTED,9,True,False,True,False,False,False,False,False,False
sun397,331,/s/stadium/baseball,sun397-category:331,strict,VERIFIED_DEPICTED_TYPE,False,True,SOURCE_TYPED_MAPPING,CONNECTED,7,True,False,True,False,False,False,False,False,False
sun397,332,/s/stadium/football,sun397-category:332,strict,VERIFIED_DEPICTED_TYPE,False,True,SOURCE_TYPED_MAPPING,CONNECTED,7,True,False,True,False,False,False,False,False,False
sun397,333,/s/stage/indoor,sun397-category:333,strict,NATIVE_LABEL_ONLY,False,False,NATIVE_LABEL_ONLY,NOT_ADMITTED,,True,False,False,False,False,False,False,False,False
sun397,334,/s/staircase,sun397-category:334,strict,VERIFIED_DEPICTED_TYPE,False,True,SOURCE_TYPED_MAPPING,CONNECTED,7,True,False,True,False,False,False,False,False,False
sun397,335,/s/street,sun397-category:335,strict,NATIVE_LABEL_ONLY,False,False,NATIVE_LABEL_ONLY,NOT_ADMITTED,,True,False,False,False,False,False,False,False,False
sun397,336,/s/subway_interior,sun397-category:336,strict,NATIVE_LABEL_ONLY,False,False,NATIVE_LABEL_ONLY,NOT_ADMITTED,,True,False,False,False,False,False,False,False,False
sun397,337,/s/subway_station/platform,sun397-category:337,strict,VERIFIED_DEPICTED_TYPE,False,True,SOURCE_TYPED_MAPPING,CONNECTED,9,True,False,True,False,False,False,False,False,False
sun397,338,/s/supermarket,sun397-category:338,strict,VERIFIED_DEPICTED_TYPE,False,True,SOURCE_TYPED_MAPPING,CONNECTED,12,True,False,True,False,False,False,False,False,False
sun397,339,/s/sushi_bar,sun397-category:339,strict,VERIFIED_DEPICTED_TYPE,False,True,SOURCE_TYPED_MAPPING,CONNECTED,12,True,False,True,False,False,False,False,False,False
sun397,340,/s/swamp,sun397-category:340,strict,VERIFIED_DEPICTED_TYPE,False,True,SOURCE_TYPED_MAPPING,CONNECTED,6,True,False,True,False,False,False,False,False,False
sun397,341,/s/swimming_pool/indoor,sun397-category:341,strict,VERIFIED_DEPICTED_TYPE,False,True,SOURCE_TYPED_MAPPING,CONNECTED,8,True,False,True,False,False,False,False,False,False
sun397,342,/s/swimming_pool/outdoor,sun397-category:342,strict,VERIFIED_DEPICTED_TYPE,False,True,SOURCE_TYPED_MAPPING,CONNECTED,8,True,False,True,False,False,False,False,False,False
sun397,343,/s/synagogue/indoor,sun397-category:343,strict,VERIFIED_DEPICTED_TYPE,False,True,SOURCE_TYPED_MAPPING,CONNECTED,9,True,False,True,False,False,False,False,False,False
sun397,344,/s/synagogue/outdoor,sun397-category:344,strict,VERIFIED_DEPICTED_TYPE,False,True,SOURCE_TYPED_MAPPING,CONNECTED,9,True,False,True,False,False,False,False,False,False
sun397,345,/t/television_studio,sun397-category:345,strict,NATIVE_LABEL_ONLY,False,False,NATIVE_LABEL_ONLY,NOT_ADMITTED,,True,False,False,False,False,False,False,False,False
sun397,346,/t/temple/east_asia,sun397-category:346,strict,NATIVE_LABEL_ONLY,False,False,NATIVE_LABEL_ONLY,NOT_ADMITTED,,True,False,False,False,False,False,False,False,False
sun397,347,/t/temple/south_asia,sun397-category:347,strict,NATIVE_LABEL_ONLY,False,False,NATIVE_LABEL_ONLY,NOT_ADMITTED,,True,False,False,False,False,False,False,False,False
sun397,348,/t/tennis_court/indoor,sun397-category:348,strict,VERIFIED_DEPICTED_TYPE,False,True,SOURCE_TYPED_MAPPING,CONNECTED,10,True,False,True,False,False,False,False,False,False
sun397,349,/t/tennis_court/outdoor,sun397-category:349,strict,VERIFIED_DEPICTED_TYPE,False,True,SOURCE_TYPED_MAPPING,CONNECTED,10,True,False,True,False,False,False,False,False,False
sun397,350,/t/tent/outdoor,sun397-category:350,strict,NATIVE_LABEL_ONLY,False,False,NATIVE_LABEL_ONLY,NOT_ADMITTED,,True,False,False,False,False,False,False,False,False
sun397,351,/t/theater/indoor_procenium,sun397-category:351,strict,NATIVE_LABEL_ONLY,False,False,NATIVE_LABEL_ONLY,NOT_ADMITTED,,True,False,False,False,False,False,False,False,False
sun397,352,/t/theater/indoor_seats,sun397-category:352,strict,NATIVE_LABEL_ONLY,False,False,NATIVE_LABEL_ONLY,NOT_ADMITTED,,True,False,False,False,False,False,False,False,False
sun397,353,/t/thriftshop,sun397-category:353,strict,VERIFIED_DEPICTED_TYPE,False,True,SOURCE_TYPED_MAPPING,CONNECTED,11,True,False,True,False,False,False,False,False,False
sun397,354,/t/throne_room,sun397-category:354,strict,NATIVE_LABEL_ONLY,False,False,NATIVE_LABEL_ONLY,NOT_ADMITTED,,True,False,False,False,False,False,False,False,False
sun397,355,/t/ticket_booth,sun397-category:355,strict,VERIFIED_DEPICTED_TYPE,False,True,SOURCE_TYPED_MAPPING,CONNECTED,10,True,False,True,False,False,False,False,False,False
sun397,356,/t/toll_plaza,sun397-category:356,strict,VERIFIED_DEPICTED_TYPE,False,True,SOURCE_TYPED_MAPPING,CONNECTED,8,True,False,True,False,False,False,False,False,False
sun397,357,/t/topiary_garden,sun397-category:357,strict,NATIVE_LABEL_ONLY,False,False,NATIVE_LABEL_ONLY,NOT_ADMITTED,,True,False,False,False,False,False,False,False,False
sun397,358,/t/tower,sun397-category:358,strict,NATIVE_LABEL_ONLY,False,False,NATIVE_LABEL_ONLY,NOT_ADMITTED,,True,False,False,False,False,False,False,False,False
sun397,359,/t/toyshop,sun397-category:359,strict,VERIFIED_DEPICTED_TYPE,False,True,SOURCE_TYPED_MAPPING,CONNECTED,11,True,False,True,False,False,False,False,False,False
sun397,360,/t/track/outdoor,sun397-category:360,strict,NATIVE_LABEL_ONLY,False,False,NATIVE_LABEL_ONLY,NOT_ADMITTED,,True,False,False,False,False,False,False,False,False
sun397,361,/t/train_railway,sun397-category:361,strict,NATIVE_LABEL_ONLY,False,False,NATIVE_LABEL_ONLY,NOT_ADMITTED,,True,False,False,False,False,False,False,False,False
sun397,362,/t/train_station/platform,sun397-category:362,strict,VERIFIED_DEPICTED_TYPE,False,True,SOURCE_TYPED_MAPPING,CONNECTED,9,True,False,True,False,False,False,False,False,False
sun397,363,/t/tree_farm,sun397-category:363,strict,VERIFIED_DEPICTED_TYPE,False,True,SOURCE_TYPED_MAPPING,CONNECTED,6,True,False,True,False,False,False,False,False,False
sun397,364,/t/tree_house,sun397-category:364,strict,VERIFIED_DEPICTED_TYPE,False,True,SOURCE_TYPED_MAPPING,CONNECTED,8,True,False,True,False,False,False,False,False,False
sun397,365,/t/trench,sun397-category:365,strict,NATIVE_LABEL_ONLY,False,False,NATIVE_LABEL_ONLY,NOT_ADMITTED,,True,False,False,False,False,False,False,False,False
sun397,366,/u/underwater/coral_reef,sun397-category:366,strict,NATIVE_LABEL_ONLY,False,False,NATIVE_LABEL_ONLY,NOT_ADMITTED,,True,False,False,False,False,False,False,False,False
sun397,367,/u/utility_room,sun397-category:367,strict,NATIVE_LABEL_ONLY,False,False,NATIVE_LABEL_ONLY,NOT_ADMITTED,,True,False,False,False,False,False,False,False,False
sun397,368,/v/valley,sun397-category:368,strict,VERIFIED_DEPICTED_TYPE,False,True,SOURCE_TYPED_MAPPING,CONNECTED,6,True,False,True,False,False,False,False,False,False
sun397,369,/v/van_interior,sun397-category:369,strict,NATIVE_LABEL_ONLY,False,False,NATIVE_LABEL_ONLY,NOT_ADMITTED,,True,False,False,False,False,False,False,False,False
sun397,370,/v/vegetable_garden,sun397-category:370,strict,VERIFIED_DEPICTED_TYPE,False,True,SOURCE_TYPED_MAPPING,CONNECTED,10,True,False,True,False,False,False,False,False,False
sun397,371,/v/veranda,sun397-category:371,strict,VERIFIED_DEPICTED_TYPE,False,True,SOURCE_TYPED_MAPPING,CONNECTED,8,True,False,True,False,False,False,False,False,False
sun397,372,/v/veterinarians_office,sun397-category:372,strict,NATIVE_LABEL_ONLY,False,False,NATIVE_LABEL_ONLY,NOT_ADMITTED,,True,False,False,False,False,False,False,False,False
sun397,373,/v/viaduct,sun397-category:373,strict,VERIFIED_DEPICTED_TYPE,False,True,SOURCE_TYPED_MAPPING,CONNECTED,8,True,False,True,False,False,False,False,False,False
sun397,374,/v/videostore,sun397-category:374,strict,NATIVE_LABEL_ONLY,False,False,NATIVE_LABEL_ONLY,NOT_ADMITTED,,True,False,False,False,False,False,False,False,False
sun397,375,/v/village,sun397-category:375,strict,VERIFIED_DEPICTED_TYPE,False,True,SOURCE_TYPED_MAPPING,CONNECTED,8,True,False,True,False,False,False,False,False,False
sun397,376,/v/vineyard,sun397-category:376,strict,VERIFIED_DEPICTED_TYPE,False,True,SOURCE_TYPED_MAPPING,CONNECTED,9,True,False,True,False,False,False,False,False,False
sun397,377,/v/volcano,sun397-category:377,strict,NATIVE_LABEL_ONLY,False,False,NATIVE_LABEL_ONLY,NOT_ADMITTED,,True,False,False,False,False,False,False,False,False
sun397,378,/v/volleyball_court/indoor,sun397-category:378,strict,VERIFIED_DEPICTED_TYPE,False,True,SOURCE_TYPED_MAPPING,CONNECTED,10,True,False,True,False,False,False,False,False,False
sun397,379,/v/volleyball_court/outdoor,sun397-category:379,strict,VERIFIED_DEPICTED_TYPE,False,True,SOURCE_TYPED_MAPPING,CONNECTED,10,True,False,True,False,False,False,False,False,False
sun397,380,/w/waiting_room,sun397-category:380,strict,VERIFIED_DEPICTED_TYPE,False,True,SOURCE_TYPED_MAPPING,CONNECTED,9,True,False,True,False,False,False,False,False,False
sun397,381,/w/warehouse/indoor,sun397-category:381,strict,VERIFIED_DEPICTED_TYPE,False,True,SOURCE_TYPED_MAPPING,CONNECTED,9,True,False,True,False,False,False,False,False,False
sun397,382,/w/water_tower,sun397-category:382,strict,VERIFIED_DEPICTED_TYPE,False,True,SOURCE_TYPED_MAPPING,CONNECTED,11,True,False,True,False,False,False,False,False,False
sun397,383,/w/waterfall/block,sun397-category:383,strict,VERIFIED_DEPICTED_TYPE,False,True,SOURCE_TYPED_MAPPING,CONNECTED,5,True,False,True,False,False,False,False,False,False
sun397,384,/w/waterfall/fan,sun397-category:384,strict,VERIFIED_DEPICTED_TYPE,False,True,SOURCE_TYPED_MAPPING,CONNECTED,5,True,False,True,False,False,False,False,False,False
sun397,385,/w/waterfall/plunge,sun397-category:385,strict,VERIFIED_DEPICTED_TYPE,False,True,SOURCE_TYPED_MAPPING,CONNECTED,5,True,False,True,False,False,False,False,False,False
sun397,386,/w/watering_hole,sun397-category:386,strict,VERIFIED_DEPICTED_TYPE,False,True,SOURCE_TYPED_MAPPING,CONNECTED,8,True,False,True,False,False,False,False,False,False
sun397,387,/w/wave,sun397-category:387,strict,NATIVE_LABEL_ONLY,False,False,NATIVE_LABEL_ONLY,NOT_ADMITTED,,True,False,False,False,False,False,False,False,False
sun397,388,/w/wet_bar,sun397-category:388,strict,VERIFIED_DEPICTED_TYPE,False,True,SOURCE_TYPED_MAPPING,CONNECTED,12,True,False,True,False,False,False,False,False,False
sun397,389,/w/wheat_field,sun397-category:389,strict,VERIFIED_DEPICTED_TYPE,False,True,SOURCE_TYPED_MAPPING,CONNECTED,10,True,False,True,False,False,False,False,False,False
sun397,390,/w/wind_farm,sun397-category:390,strict,VERIFIED_DEPICTED_TYPE,False,True,SOURCE_TYPED_MAPPING,CONNECTED,9,True,False,True,False,False,False,False,False,False
sun397,391,/w/windmill,sun397-category:391,strict,NATIVE_LABEL_ONLY,False,False,NATIVE_LABEL_ONLY,NOT_ADMITTED,,True,False,False,False,False,False,False,False,False
sun397,392,/w/wine_cellar/barrel_storage,sun397-category:392,strict,VERIFIED_DEPICTED_TYPE,False,True,SOURCE_TYPED_MAPPING,CONNECTED,9,True,False,True,False,False,False,False,False,False
sun397,393,/w/wine_cellar/bottle_storage,sun397-category:393,strict,VERIFIED_DEPICTED_TYPE,False,True,SOURCE_TYPED_MAPPING,CONNECTED,9,True,False,True,False,False,False,False,False,False
sun397,394,/w/wrestling_ring/indoor,sun397-category:394,strict,VERIFIED_DEPICTED_TYPE,False,True,SOURCE_TYPED_MAPPING,CONNECTED,10,True,False,True,False,False,False,False,False,False
sun397,395,/y/yard,sun397-category:395,strict,NATIVE_LABEL_ONLY,False,False,NATIVE_LABEL_ONLY,NOT_ADMITTED,,True,False,False,False,False,False,False,False,False
sun397,396,/y/youth_hostel,sun397-category:396,strict,VERIFIED_DEPICTED_TYPE,False,True,SOURCE_TYPED_MAPPING,CONNECTED,8,True,False,True,False,False,False,False,False,False
caltech101,0,accordion,caltech101-category:0,taxonomy,VERIFIED_DEPICTED_TYPE,False,True,SOURCE_TYPED_MAPPING,CONNECTED,10,True,False,True,False,False,False,False,False,False
caltech101,1,airplanes,caltech101-category:1,taxonomy,VERIFIED_DEPICTED_TYPE,False,True,SOURCE_TYPED_MAPPING,CONNECTED,12,True,False,True,False,False,False,False,False,False
caltech101,2,anchor,caltech101-category:2,taxonomy,NATIVE_LABEL_ONLY,False,False,NATIVE_LABEL_ONLY,NOT_ADMITTED,,True,False,False,False,False,False,False,False,False
caltech101,3,ant,caltech101-category:3,taxonomy,VERIFIED_DEPICTED_TYPE,False,True,SOURCE_TYPED_MAPPING,CONNECTED,12,True,False,True,False,False,False,False,False,False
caltech101,4,background_google,caltech101-category:4,taxonomy,NATIVE_LABEL_ONLY,False,False,NATIVE_LABEL_ONLY,NOT_ADMITTED,,True,False,False,False,False,False,False,False,False
caltech101,5,barrel,caltech101-category:5,taxonomy,NATIVE_LABEL_ONLY,False,False,NATIVE_LABEL_ONLY,NOT_ADMITTED,,True,False,False,False,False,False,False,False,False
caltech101,6,bass,caltech101-category:6,taxonomy,NATIVE_LABEL_ONLY,False,False,NATIVE_LABEL_ONLY,NOT_ADMITTED,,True,False,False,False,False,False,False,False,False
caltech101,7,beaver,caltech101-category:7,taxonomy,NATIVE_LABEL_ONLY,False,False,NATIVE_LABEL_ONLY,NOT_ADMITTED,,True,False,False,False,False,False,False,False,False
caltech101,8,binocular,caltech101-category:8,taxonomy,NATIVE_LABEL_ONLY,False,False,NATIVE_LABEL_ONLY,NOT_ADMITTED,,True,False,False,False,False,False,False,False,False
caltech101,9,bonsai,caltech101-category:9,taxonomy,VERIFIED_DEPICTED_TYPE,False,True,SOURCE_TYPED_MAPPING,CONNECTED,11,True,False,True,False,False,False,False,False,False
caltech101,10,brain,caltech101-category:10,taxonomy,NATIVE_LABEL_ONLY,False,False,NATIVE_LABEL_ONLY,NOT_ADMITTED,,True,False,False,False,False,False,False,False,False
caltech101,11,brontosaurus,caltech101-category:11,taxonomy,VERIFIED_DEPICTED_TYPE,False,True,SOURCE_TYPED_MAPPING,CONNECTED,16,True,False,True,False,False,False,False,False,False
caltech101,12,buddha,caltech101-category:12,taxonomy,VERIFIED_DEPICTED_TYPE,False,True,SOURCE_TYPED_MAPPING,CONNECTED,7,True,False,True,False,False,False,False,False,False
caltech101,13,butterfly,caltech101-category:13,taxonomy,VERIFIED_DEPICTED_TYPE,False,True,SOURCE_TYPED_MAPPING,CONNECTED,12,True,False,True,False,False,False,False,False,False
caltech101,14,camera,caltech101-category:14,taxonomy,NATIVE_LABEL_ONLY,False,False,NATIVE_LABEL_ONLY,NOT_ADMITTED,,True,False,False,False,False,False,False,False,False
caltech101,15,cannon,caltech101-category:15,taxonomy,NATIVE_LABEL_ONLY,False,False,NATIVE_LABEL_ONLY,NOT_ADMITTED,,True,False,False,False,False,False,False,False,False
caltech101,16,car_side,caltech101-category:16,taxonomy,NATIVE_LABEL_ONLY,False,False,NATIVE_LABEL_ONLY,NOT_ADMITTED,,True,False,False,False,False,False,False,False,False
caltech101,17,ceiling_fan,caltech101-category:17,taxonomy,NATIVE_LABEL_ONLY,False,False,NATIVE_LABEL_ONLY,NOT_ADMITTED,,True,False,False,False,False,False,False,False,False
caltech101,18,cellphone,caltech101-category:18,taxonomy,VERIFIED_DEPICTED_TYPE,False,True,SOURCE_TYPED_MAPPING,CONNECTED,8,True,False,True,False,False,False,False,False,False
caltech101,19,chair,caltech101-category:19,taxonomy,NATIVE_LABEL_ONLY,False,False,NATIVE_LABEL_ONLY,NOT_ADMITTED,,True,False,False,False,False,False,False,False,False
caltech101,20,chandelier,caltech101-category:20,taxonomy,VERIFIED_DEPICTED_TYPE,False,True,SOURCE_TYPED_MAPPING,CONNECTED,8,True,False,True,False,False,False,False,False,False
caltech101,21,cougar_body,caltech101-category:21,taxonomy,NATIVE_LABEL_ONLY,False,False,NATIVE_LABEL_ONLY,NOT_ADMITTED,,True,False,False,False,False,False,False,False,False
caltech101,22,cougar_face,caltech101-category:22,taxonomy,NATIVE_LABEL_ONLY,False,False,NATIVE_LABEL_ONLY,NOT_ADMITTED,,True,False,False,False,False,False,False,False,False
caltech101,23,crab,caltech101-category:23,taxonomy,NATIVE_LABEL_ONLY,False,False,NATIVE_LABEL_ONLY,NOT_ADMITTED,,True,False,False,False,False,False,False,False,False
caltech101,24,crayfish,caltech101-category:24,taxonomy,NATIVE_LABEL_ONLY,False,False,NATIVE_LABEL_ONLY,NOT_ADMITTED,,True,False,False,False,False,False,False,False,False
caltech101,25,crocodile,caltech101-category:25,taxonomy,VERIFIED_DEPICTED_TYPE,False,True,SOURCE_TYPED_MAPPING,CONNECTED,13,True,False,True,False,False,False,False,False,False
caltech101,26,crocodile_head,caltech101-category:26,taxonomy,NATIVE_LABEL_ONLY,False,False,NATIVE_LABEL_ONLY,NOT_ADMITTED,,True,False,False,False,False,False,False,False,False
caltech101,27,cup,caltech101-category:27,taxonomy,NATIVE_LABEL_ONLY,False,False,NATIVE_LABEL_ONLY,NOT_ADMITTED,,True,False,False,False,False,False,False,False,False
caltech101,28,dalmatian,caltech101-category:28,taxonomy,NATIVE_LABEL_ONLY,False,False,NATIVE_LABEL_ONLY,NOT_ADMITTED,,True,False,False,False,False,False,False,False,False
caltech101,29,dollar_bill,caltech101-category:29,taxonomy,NATIVE_LABEL_ONLY,False,False,NATIVE_LABEL_ONLY,NOT_ADMITTED,,True,False,False,False,False,False,False,False,False
caltech101,30,dolphin,caltech101-category:30,taxonomy,NATIVE_LABEL_ONLY,False,False,NATIVE_LABEL_ONLY,NOT_ADMITTED,,True,False,False,False,False,False,False,False,False
caltech101,31,dragonfly,caltech101-category:31,taxonomy,VERIFIED_DEPICTED_TYPE,False,True,SOURCE_TYPED_MAPPING,CONNECTED,12,True,False,True,False,False,False,False,False,False
caltech101,32,electric_guitar,caltech101-category:32,taxonomy,VERIFIED_DEPICTED_TYPE,False,True,SOURCE_TYPED_MAPPING,CONNECTED,11,True,False,True,False,False,False,False,False,False
caltech101,33,elephant,caltech101-category:33,taxonomy,VERIFIED_DEPICTED_TYPE,False,True,SOURCE_TYPED_MAPPING,CONNECTED,13,True,False,True,False,False,False,False,False,False
caltech101,34,emu,caltech101-category:34,taxonomy,VERIFIED_DEPICTED_TYPE,False,True,SOURCE_TYPED_MAPPING,CONNECTED,12,True,False,True,False,False,False,False,False,False
caltech101,35,euphonium,caltech101-category:35,taxonomy,VERIFIED_DEPICTED_TYPE,False,True,SOURCE_TYPED_MAPPING,CONNECTED,11,True,False,True,False,False,False,False,False,False
caltech101,36,ewer,caltech101-category:36,taxonomy,VERIFIED_DEPICTED_TYPE,False,True,SOURCE_TYPED_MAPPING,CONNECTED,9,True,False,True,False,False,False,False,False,False
caltech101,37,faces,caltech101-category:37,taxonomy,NATIVE_LABEL_ONLY,False,False,NATIVE_LABEL_ONLY,NOT_ADMITTED,,True,False,False,False,False,False,False,False,False
caltech101,38,faces_easy,caltech101-category:38,taxonomy,NATIVE_LABEL_ONLY,False,False,NATIVE_LABEL_ONLY,NOT_ADMITTED,,True,False,False,False,False,False,False,False,False
caltech101,39,ferry,caltech101-category:39,taxonomy,VERIFIED_DEPICTED_TYPE,False,True,SOURCE_TYPED_MAPPING,CONNECTED,12,True,False,True,False,False,False,False,False,False
caltech101,40,flamingo,caltech101-category:40,taxonomy,VERIFIED_DEPICTED_TYPE,False,True,SOURCE_TYPED_MAPPING,CONNECTED,13,True,False,True,False,False,False,False,False,False
caltech101,41,flamingo_head,caltech101-category:41,taxonomy,NATIVE_LABEL_ONLY,False,False,NATIVE_LABEL_ONLY,NOT_ADMITTED,,True,False,False,False,False,False,False,False,False
caltech101,42,garfield,caltech101-category:42,taxonomy,NATIVE_LABEL_ONLY,False,False,NATIVE_LABEL_ONLY,NOT_ADMITTED,,True,False,False,False,False,False,False,False,False
caltech101,43,gerenuk,caltech101-category:43,taxonomy,VERIFIED_DEPICTED_TYPE,False,True,SOURCE_TYPED_MAPPING,CONNECTED,17,True,False,True,False,False,False,False,False,False
caltech101,44,gramophone,caltech101-category:44,taxonomy,VERIFIED_DEPICTED_TYPE,False,True,SOURCE_TYPED_MAPPING,CONNECTED,10,True,False,True,False,False,False,False,False,False
caltech101,45,grand_piano,caltech101-category:45,taxonomy,VERIFIED_DEPICTED_TYPE,False,True,SOURCE_TYPED_MAPPING,CONNECTED,11,True,False,True,False,False,False,False,False,False
caltech101,46,hawksbill,caltech101-category:46,taxonomy,VERIFIED_DEPICTED_TYPE,False,True,SOURCE_TYPED_MAPPING,CONNECTED,15,True,False,True,False,False,False,False,False,False
caltech101,47,headphone,caltech101-category:47,taxonomy,VERIFIED_DEPICTED_TYPE,False,True,SOURCE_TYPED_MAPPING,CONNECTED,11,True,False,True,False,False,False,False,False,False
caltech101,48,hedgehog,caltech101-category:48,taxonomy,NATIVE_LABEL_ONLY,False,False,NATIVE_LABEL_ONLY,NOT_ADMITTED,,True,False,False,False,False,False,False,False,False
caltech101,49,helicopter,caltech101-category:49,taxonomy,VERIFIED_DEPICTED_TYPE,False,True,SOURCE_TYPED_MAPPING,CONNECTED,12,True,False,True,False,False,False,False,False,False
caltech101,50,ibis,caltech101-category:50,taxonomy,VERIFIED_DEPICTED_TYPE,False,True,SOURCE_TYPED_MAPPING,CONNECTED,13,True,False,True,False,False,False,False,False,False
caltech101,51,inline_skate,caltech101-category:51,taxonomy,NATIVE_LABEL_ONLY,False,False,NATIVE_LABEL_ONLY,NOT_ADMITTED,,True,False,False,False,False,False,False,False,False
caltech101,52,joshua_tree,caltech101-category:52,taxonomy,VERIFIED_DEPICTED_TYPE,False,True,SOURCE_TYPED_MAPPING,CONNECTED,12,True,False,True,False,False,False,False,False,False
caltech101,53,kangaroo,caltech101-category:53,taxonomy,VERIFIED_DEPICTED_TYPE,False,True,SOURCE_TYPED_MAPPING,CONNECTED,13,True,False,True,False,False,False,False,False,False
caltech101,54,ketch,caltech101-category:54,taxonomy,VERIFIED_DEPICTED_TYPE,False,True,SOURCE_TYPED_MAPPING,CONNECTED,12,True,False,True,False,False,False,False,False,False
caltech101,55,lamp,caltech101-category:55,taxonomy,NATIVE_LABEL_ONLY,False,False,NATIVE_LABEL_ONLY,NOT_ADMITTED,,True,False,False,False,False,False,False,False,False
caltech101,56,laptop,caltech101-category:56,taxonomy,VERIFIED_DEPICTED_TYPE,False,True,SOURCE_TYPED_MAPPING,CONNECTED,13,True,False,True,False,False,False,False,False,False
caltech101,57,leopards,caltech101-category:57,taxonomy,NATIVE_LABEL_ONLY,False,False,NATIVE_LABEL_ONLY,NOT_ADMITTED,,True,False,False,False,False,False,False,False,False
caltech101,58,llama,caltech101-category:58,taxonomy,VERIFIED_DEPICTED_TYPE,False,True,SOURCE_TYPED_MAPPING,CONNECTED,14,True,False,True,False,False,False,False,False,False
caltech101,59,lobster,caltech101-category:59,taxonomy,NATIVE_LABEL_ONLY,False,False,NATIVE_LABEL_ONLY,NOT_ADMITTED,,True,False,False,False,False,False,False,False,False
caltech101,60,lotus,caltech101-category:60,taxonomy,NATIVE_LABEL_ONLY,False,False,NATIVE_LABEL_ONLY,NOT_ADMITTED,,True,False,False,False,False,False,False,False,False
caltech101,61,mandolin,caltech101-category:61,taxonomy,VERIFIED_DEPICTED_TYPE,False,True,SOURCE_TYPED_MAPPING,CONNECTED,11,True,False,True,False,False,False,False,False,False
caltech101,62,mayfly,caltech101-category:62,taxonomy,VERIFIED_DEPICTED_TYPE,False,True,SOURCE_TYPED_MAPPING,CONNECTED,12,True,False,True,False,False,False,False,False,False
caltech101,63,menorah,caltech101-category:63,taxonomy,NATIVE_LABEL_ONLY,False,False,NATIVE_LABEL_ONLY,NOT_ADMITTED,,True,False,False,False,False,False,False,False,False
caltech101,64,metronome,caltech101-category:64,taxonomy,VERIFIED_DEPICTED_TYPE,False,True,SOURCE_TYPED_MAPPING,CONNECTED,10,True,False,True,False,False,False,False,False,False
caltech101,65,minaret,caltech101-category:65,taxonomy,VERIFIED_DEPICTED_TYPE,False,True,SOURCE_TYPED_MAPPING,CONNECTED,8,True,False,True,False,False,False,False,False,False
caltech101,66,motorbikes,caltech101-category:66,taxonomy,VERIFIED_DEPICTED_TYPE,False,True,SOURCE_TYPED_MAPPING,CONNECTED,11,True,False,True,False,False,False,False,False,False
caltech101,67,nautilus,caltech101-category:67,taxonomy,NATIVE_LABEL_ONLY,False,False,NATIVE_LABEL_ONLY,NOT_ADMITTED,,True,False,False,False,False,False,False,False,False
caltech101,68,octopus,caltech101-category:68,taxonomy,NATIVE_LABEL_ONLY,False,False,NATIVE_LABEL_ONLY,NOT_ADMITTED,,True,False,False,False,False,False,False,False,False
caltech101,69,okapi,caltech101-category:69,taxonomy,VERIFIED_DEPICTED_TYPE,False,True,SOURCE_TYPED_MAPPING,CONNECTED,16,True,False,True,False,False,False,False,False,False
caltech101,70,pagoda,caltech101-category:70,taxonomy,VERIFIED_DEPICTED_TYPE,False,True,SOURCE_TYPED_MAPPING,CONNECTED,10,True,False,True,False,False,False,False,False,False
caltech101,71,panda,caltech101-category:71,taxonomy,NATIVE_LABEL_ONLY,False,False,NATIVE_LABEL_ONLY,NOT_ADMITTED,,True,False,False,False,False,False,False,False,False
caltech101,72,pigeon,caltech101-category:72,taxonomy,VERIFIED_DEPICTED_TYPE,False,True,SOURCE_TYPED_MAPPING,CONNECTED,13,True,False,True,False,False,False,False,False,False
caltech101,73,pizza,caltech101-category:73,taxonomy,VERIFIED_DEPICTED_TYPE,False,True,SOURCE_TYPED_MAPPING,CONNECTED,8,True,False,True,False,False,False,False,False,False
caltech101,74,platypus,caltech101-category:74,taxonomy,VERIFIED_DEPICTED_TYPE,False,True,SOURCE_TYPED_MAPPING,CONNECTED,13,True,False,True,False,False,False,False,False,False
caltech101,75,pyramid,caltech101-category:75,taxonomy,NATIVE_LABEL_ONLY,False,False,NATIVE_LABEL_ONLY,NOT_ADMITTED,,True,False,False,False,False,False,False,False,False
caltech101,76,revolver,caltech101-category:76,taxonomy,NATIVE_LABEL_ONLY,False,False,NATIVE_LABEL_ONLY,NOT_ADMITTED,,True,False,False,False,False,False,False,False,False
caltech101,77,rhino,caltech101-category:77,taxonomy,VERIFIED_DEPICTED_TYPE,False,True,SOURCE_TYPED_MAPPING,CONNECTED,14,True,False,True,False,False,False,False,False,False
caltech101,78,rooster,caltech101-category:78,taxonomy,VERIFIED_DEPICTED_TYPE,False,True,SOURCE_TYPED_MAPPING,CONNECTED,14,True,False,True,False,False,False,False,False,False
caltech101,79,saxophone,caltech101-category:79,taxonomy,VERIFIED_DEPICTED_TYPE,False,True,SOURCE_TYPED_MAPPING,CONNECTED,13,True,False,True,False,False,False,False,False,False
caltech101,80,schooner,caltech101-category:80,taxonomy,NATIVE_LABEL_ONLY,False,False,NATIVE_LABEL_ONLY,NOT_ADMITTED,,True,False,False,False,False,False,False,False,False
caltech101,81,scissors,caltech101-category:81,taxonomy,VERIFIED_DEPICTED_TYPE,False,True,SOURCE_TYPED_MAPPING,CONNECTED,11,True,False,True,False,False,False,False,False,False
caltech101,82,scorpion,caltech101-category:82,taxonomy,NATIVE_LABEL_ONLY,False,False,NATIVE_LABEL_ONLY,NOT_ADMITTED,,True,False,False,False,False,False,False,False,False
caltech101,83,sea_horse,caltech101-category:83,taxonomy,NATIVE_LABEL_ONLY,False,False,NATIVE_LABEL_ONLY,NOT_ADMITTED,,True,False,False,False,False,False,False,False,False
caltech101,84,snoopy,caltech101-category:84,taxonomy,NATIVE_LABEL_ONLY,False,False,NATIVE_LABEL_ONLY,NOT_ADMITTED,,True,False,False,False,False,False,False,False,False
caltech101,85,soccer_ball,caltech101-category:85,taxonomy,VERIFIED_DEPICTED_TYPE,False,True,SOURCE_TYPED_MAPPING,CONNECTED,10,True,False,True,False,False,False,False,False,False
caltech101,86,stapler,caltech101-category:86,taxonomy,VERIFIED_DEPICTED_TYPE,False,True,SOURCE_TYPED_MAPPING,CONNECTED,9,True,False,True,False,False,False,False,False,False
caltech101,87,starfish,caltech101-category:87,taxonomy,VERIFIED_DEPICTED_TYPE,False,True,SOURCE_TYPED_MAPPING,CONNECTED,10,True,False,True,False,False,False,False,False,False
caltech101,88,stegosaurus,caltech101-category:88,taxonomy,VERIFIED_DEPICTED_TYPE,False,True,SOURCE_TYPED_MAPPING,CONNECTED,16,True,False,True,False,False,False,False,False,False
caltech101,89,stop_sign,caltech101-category:89,taxonomy,NATIVE_LABEL_ONLY,False,False,NATIVE_LABEL_ONLY,NOT_ADMITTED,,True,False,False,False,False,False,False,False,False
caltech101,90,strawberry,caltech101-category:90,taxonomy,NATIVE_LABEL_ONLY,False,False,NATIVE_LABEL_ONLY,NOT_ADMITTED,,True,False,False,False,False,False,False,False,False
caltech101,91,sunflower,caltech101-category:91,taxonomy,VERIFIED_DEPICTED_TYPE,False,True,SOURCE_TYPED_MAPPING,CONNECTED,12,True,False,True,False,False,False,False,False,False
caltech101,92,tick,caltech101-category:92,taxonomy,NATIVE_LABEL_ONLY,False,False,NATIVE_LABEL_ONLY,NOT_ADMITTED,,True,False,False,False,False,False,False,False,False
caltech101,93,trilobite,caltech101-category:93,taxonomy,VERIFIED_DEPICTED_TYPE,False,True,SOURCE_TYPED_MAPPING,CONNECTED,10,True,False,True,False,False,False,False,False,False
caltech101,94,umbrella,caltech101-category:94,taxonomy,VERIFIED_DEPICTED_TYPE,False,True,SOURCE_TYPED_MAPPING,CONNECTED,10,True,False,True,False,False,False,False,False,False
caltech101,95,watch,caltech101-category:95,taxonomy,NATIVE_LABEL_ONLY,False,False,NATIVE_LABEL_ONLY,NOT_ADMITTED,,True,False,False,False,False,False,False,False,False
caltech101,96,water_lilly,caltech101-category:96,taxonomy,NATIVE_LABEL_ONLY,False,False,NATIVE_LABEL_ONLY,NOT_ADMITTED,,True,False,False,False,False,False,False,False,False
caltech101,97,wheelchair,caltech101-category:97,taxonomy,VERIFIED_DEPICTED_TYPE,False,True,SOURCE_TYPED_MAPPING,CONNECTED,11,True,False,True,False,False,False,False,False,False
caltech101,98,wild_cat,caltech101-category:98,taxonomy,NATIVE_LABEL_ONLY,False,False,NATIVE_LABEL_ONLY,NOT_ADMITTED,,True,False,False,False,False,False,False,False,False
caltech101,99,windsor_chair,caltech101-category:99,taxonomy,VERIFIED_DEPICTED_TYPE,False,True,SOURCE_TYPED_MAPPING,CONNECTED,12,True,False,True,False,False,False,False,False,False
caltech101,100,wrench,caltech101-category:100,taxonomy,VERIFIED_DEPICTED_TYPE,False,True,SOURCE_TYPED_MAPPING,CONNECTED,10,True,False,True,False,False,False,False,False,False
caltech101,101,yin_yang,caltech101-category:101,taxonomy,NATIVE_LABEL_ONLY,False,False,NATIVE_LABEL_ONLY,NOT_ADMITTED,,True,False,False,False,False,False,False,False,False
cub200,1,Black footed Albatross,avilist:phoebastria nigripes,taxonomy,VERIFIED,True,True,EXACT_IDENTITY,CONNECTED,69,True,True,True,False,True,False,False,False,False
cub200,2,Laysan Albatross,wikidata:Q934841,taxonomy,VERIFIED,True,True,EXACT_IDENTITY,CONNECTED,75,True,True,True,False,True,False,False,False,False
cub200,3,Sooty Albatross,wikidata:Q1265896,taxonomy,VERIFIED,True,True,EXACT_IDENTITY,CONNECTED,75,True,True,True,False,True,False,False,False,False
cub200,4,Groove billed Ani,avilist:crotophaga sulcirostris,taxonomy,VERIFIED,True,True,EXACT_IDENTITY,CONNECTED,69,True,True,True,False,True,False,False,False,False
cub200,5,Crested Auklet,wikidata:Q1166020,taxonomy,VERIFIED,True,True,EXACT_IDENTITY,CONNECTED,75,True,True,True,False,True,False,False,False,False
cub200,6,Least Auklet,wikidata:Q244035,taxonomy,VERIFIED,True,True,EXACT_IDENTITY,CONNECTED,75,True,True,True,False,True,False,False,False,False
cub200,7,Parakeet Auklet,wikidata:Q1262009,taxonomy,VERIFIED,True,True,EXACT_IDENTITY,CONNECTED,75,True,True,True,False,True,False,False,False,False
cub200,8,Rhinoceros Auklet,wikidata:Q903229,taxonomy,VERIFIED,True,True,EXACT_IDENTITY,CONNECTED,75,True,True,True,False,True,False,False,False,False
cub200,9,Brewer Blackbird,wikidata:Q339139,taxonomy,VERIFIED,True,True,EXACT_IDENTITY,CONNECTED,79,True,True,True,False,True,False,False,False,False
cub200,10,Red winged Blackbird,avilist:agelaius phoeniceus,taxonomy,VERIFIED,True,True,EXACT_IDENTITY,CONNECTED,69,True,True,True,False,True,False,False,False,False
cub200,11,Rusty Blackbird,wikidata:Q1314688,taxonomy,VERIFIED,True,True,EXACT_IDENTITY,CONNECTED,79,True,True,True,False,True,False,False,False,False
cub200,12,Yellow headed Blackbird,wikidata:Q527750,taxonomy,VERIFIED,True,True,EXACT_IDENTITY,CONNECTED,79,True,True,True,False,True,False,False,False,False
cub200,13,Bobolink,wikidata:Q591831,taxonomy,VERIFIED,True,True,EXACT_IDENTITY,CONNECTED,79,True,True,True,False,True,False,False,False,False
cub200,14,Indigo Bunting,wordnet31:01540185-n,taxonomy,VERIFIED,True,True,EXACT_IDENTITY,CONNECTED,14,True,True,True,False,False,False,False,False,False
cub200,15,Lazuli Bunting,avilist:passerina amoena,taxonomy,VERIFIED,True,True,EXACT_IDENTITY,CONNECTED,69,True,True,True,False,True,False,False,False,False
cub200,16,Painted Bunting,avilist:passerina ciris,taxonomy,VERIFIED,True,True,EXACT_IDENTITY,CONNECTED,69,True,True,True,False,True,False,False,False,False
cub200,17,Cardinal,avilist:cardinalis cardinalis,taxonomy,VERIFIED,True,True,EXACT_IDENTITY,CONNECTED,69,True,True,True,False,True,False,False,False,False
cub200,18,Spotted Catbird,wikidata:Q27075204,taxonomy,VERIFIED,True,True,EXACT_IDENTITY,CONNECTED,82,True,True,True,False,True,False,False,False,False
cub200,19,Gray Catbird,wordnet31:01590167-n,taxonomy,VERIFIED,True,True,EXACT_IDENTITY,CONNECTED,12,True,True,True,False,False,False,False,False,False
cub200,20,Yellow breasted Chat,avilist:icteria virens,taxonomy,VERIFIED,True,True,EXACT_IDENTITY,CONNECTED,69,True,True,True,False,True,False,False,False,False
cub200,21,Eastern Towhee,wikidata:Q1541137,taxonomy,VERIFIED,True,True,EXACT_IDENTITY,CONNECTED,83,True,True,True,False,True,False,False,False,False
cub200,22,Chuck will Widow,wikidata:Q1262147,taxonomy,VERIFIED,True,True,EXACT_IDENTITY,CONNECTED,73,True,True,True,False,True,False,False,False,False
cub200,23,Brandt Cormorant,wikidata:Q83022912,taxonomy,VERIFIED,True,True,EXACT_IDENTITY,CONNECTED,74,True,True,True,False,True,False,False,False,False
cub200,24,Red faced Cormorant,avilist:urile urile,taxonomy,VERIFIED,True,True,EXACT_IDENTITY,CONNECTED,69,True,True,True,False,True,False,False,False,False
cub200,25,Pelagic Cormorant,avilist:urile pelagicus,taxonomy,VERIFIED,True,True,EXACT_IDENTITY,CONNECTED,69,True,True,True,False,True,False,False,False,False
cub200,26,Bronzed Cowbird,wikidata:Q1190592,taxonomy,VERIFIED,True,True,EXACT_IDENTITY,CONNECTED,79,True,True,True,False,True,False,False,False,False
cub200,27,Shiny Cowbird,wikidata:Q1586890,taxonomy,VERIFIED,True,True,EXACT_IDENTITY,CONNECTED,79,True,True,True,False,True,False,False,False,False
cub200,28,Brown Creeper,wikidata:Q490294,taxonomy,VERIFIED,True,True,EXACT_IDENTITY,CONNECTED,79,True,True,True,False,True,False,False,False,False
cub200,29,American Crow,wikidata:Q267735,taxonomy,VERIFIED,True,True,EXACT_IDENTITY,CONNECTED,81,True,True,True,False,True,False,False,False,False
cub200,30,Fish Crow,wikidata:Q1420315,taxonomy,VERIFIED,True,True,EXACT_IDENTITY,CONNECTED,81,True,True,True,False,True,False,False,False,False
cub200,31,Black billed Cuckoo,wikidata:Q19027,taxonomy,VERIFIED,True,True,EXACT_IDENTITY,CONNECTED,75,True,True,True,False,True,False,False,False,False
cub200,32,Mangrove Cuckoo,avilist:coccyzus minor,taxonomy,VERIFIED,True,True,EXACT_IDENTITY,CONNECTED,69,True,True,True,False,True,False,False,False,False
cub200,33,Yellow billed Cuckoo,avilist:coccyzus americanus,taxonomy,VERIFIED,True,True,EXACT_IDENTITY,CONNECTED,69,True,True,True,False,True,False,False,False,False
cub200,34,Gray crowned Rosy Finch,wikidata:Q1304007,taxonomy,VERIFIED,True,True,EXACT_IDENTITY,CONNECTED,80,True,True,True,False,True,False,False,False,False
cub200,35,Purple Finch,wikidata:Q27075782,taxonomy,VERIFIED,True,True,EXACT_IDENTITY,CONNECTED,80,True,True,True,False,True,False,False,False,False
cub200,36,Northern Flicker,avilist:colaptes auratus,taxonomy,VERIFIED,True,True,EXACT_IDENTITY,CONNECTED,69,True,True,True,False,True,False,False,False,False
cub200,37,Acadian Flycatcher,wikidata:Q252175,taxonomy,VERIFIED,True,True,EXACT_IDENTITY,CONNECTED,82,True,True,True,False,True,False,False,False,False
cub200,38,Great Crested Flycatcher,avilist:myiarchus crinitus,taxonomy,VERIFIED,True,True,EXACT_IDENTITY,CONNECTED,69,True,True,True,False,True,False,False,False,False
cub200,39,Least Flycatcher,wikidata:Q944011,taxonomy,VERIFIED,True,True,EXACT_IDENTITY,CONNECTED,82,True,True,True,False,True,False,False,False,False
cub200,40,Olive sided Flycatcher,avilist:contopus cooperi,taxonomy,VERIFIED,True,True,EXACT_IDENTITY,CONNECTED,69,True,True,True,False,True,False,False,False,False
cub200,41,Scissor tailed Flycatcher,avilist:tyrannus forficatus,taxonomy,VERIFIED,True,True,EXACT_IDENTITY,CONNECTED,69,True,True,True,False,True,False,False,False,False
cub200,42,Vermilion Flycatcher,avilist:pyrocephalus rubinus,taxonomy,VERIFIED,True,True,EXACT_IDENTITY,CONNECTED,69,True,True,True,False,True,False,False,False,False
cub200,43,Yellow bellied Flycatcher,avilist:empidonax flaviventris,taxonomy,VERIFIED,True,True,EXACT_IDENTITY,CONNECTED,69,True,True,True,False,True,False,False,False,False
cub200,44,Frigatebird,avilist:fregata,taxonomy,VERIFIED,True,True,EXACT_IDENTITY,CONNECTED,68,True,True,True,False,False,False,False,False,False
cub200,45,Northern Fulmar,wordnet31:02062786-n,taxonomy,VERIFIED,True,True,EXACT_IDENTITY,CONNECTED,14,True,True,True,False,False,False,False,False,False
cub200,46,Gadwall,wikidata:Q28106966,taxonomy,VERIFIED,True,True,EXACT_IDENTITY,CONNECTED,73,True,True,True,False,True,False,False,False,False
cub200,47,American Goldfinch,avilist:spinus tristis,taxonomy,VERIFIED,True,True,EXACT_IDENTITY,CONNECTED,69,True,True,True,False,True,False,False,False,False
cub200,48,European Goldfinch,wordnet31:01533819-n,taxonomy,VERIFIED,True,True,EXACT_IDENTITY,CONNECTED,13,True,True,True,False,False,False,False,False,False
cub200,49,Boat tailed Grackle,avilist:quiscalus major,taxonomy,VERIFIED,True,True,EXACT_IDENTITY,CONNECTED,69,True,True,True,False,True,False,False,False,False
cub200,50,Eared Grebe,wikidata:Q185183,taxonomy,VERIFIED,True,True,EXACT_IDENTITY,CONNECTED,74,True,True,True,False,True,False,False,False,False
cub200,51,Horned Grebe,wikidata:Q192058,taxonomy,VERIFIED,True,True,EXACT_IDENTITY,CONNECTED,74,True,True,True,False,True,False,False,False,False
cub200,52,Pied billed Grebe,wikidata:Q579718,taxonomy,VERIFIED,True,True,EXACT_IDENTITY,CONNECTED,74,True,True,True,False,True,False,False,False,False
cub200,53,Western Grebe,wikidata:Q679154,taxonomy,VERIFIED,True,True,EXACT_IDENTITY,CONNECTED,74,True,True,True,False,True,False,False,False,False
cub200,54,Blue Grosbeak,avilist:passerina caerulea,taxonomy,VERIFIED,True,True,EXACT_IDENTITY,CONNECTED,69,True,True,True,False,True,False,False,False,False
cub200,55,Evening Grosbeak,wikidata:Q25167830,taxonomy,VERIFIED,True,True,EXACT_IDENTITY,CONNECTED,79,True,True,True,False,True,False,False,False,False
cub200,56,Pine Grosbeak,wikidata:Q214571,taxonomy,VERIFIED,True,True,EXACT_IDENTITY,CONNECTED,80,True,True,True,False,True,False,False,False,False
cub200,57,Rose breasted Grosbeak,avilist:pheucticus ludovicianus,taxonomy,VERIFIED,True,True,EXACT_IDENTITY,CONNECTED,69,True,True,True,False,True,False,False,False,False
cub200,58,Pigeon Guillemot,avilist:cepphus columba,taxonomy,VERIFIED,True,True,EXACT_IDENTITY,CONNECTED,69,True,True,True,False,True,False,False,False,False
cub200,59,California Gull,wikidata:Q953999,taxonomy,VERIFIED,True,True,EXACT_IDENTITY,CONNECTED,74,True,True,True,False,True,False,False,False,False
cub200,60,Glaucous winged Gull,avilist:larus glaucescens,taxonomy,VERIFIED,True,True,EXACT_IDENTITY,CONNECTED,69,True,True,True,False,True,False,False,False,False
cub200,61,Heermann Gull,wikidata:Q795982,taxonomy,VERIFIED,True,True,EXACT_IDENTITY,CONNECTED,74,True,True,True,False,True,False,False,False,False
cub200,62,Herring Gull,wordnet31:02044700-n,taxonomy,VERIFIED,True,True,EXACT_IDENTITY,CONNECTED,15,True,True,True,False,False,False,False,False,False
cub200,63,Ivory Gull,wikidata:Q723064,taxonomy,VERIFIED,True,True,EXACT_IDENTITY,CONNECTED,74,True,True,True,False,True,False,False,False,False
cub200,64,Ring billed Gull,wikidata:Q754885,taxonomy,VERIFIED,True,True,EXACT_IDENTITY,CONNECTED,74,True,True,True,False,True,False,False,False,False
cub200,65,Slaty backed Gull,wikidata:Q1272080,taxonomy,VERIFIED,True,True,EXACT_IDENTITY,CONNECTED,74,True,True,True,False,True,False,False,False,False
cub200,66,Western Gull,wikidata:Q630829,taxonomy,VERIFIED,True,True,EXACT_IDENTITY,CONNECTED,74,True,True,True,False,True,False,False,False,False
cub200,67,Anna Hummingbird,avilist:calypte anna,taxonomy,VERIFIED,True,True,EXACT_IDENTITY,CONNECTED,69,True,True,True,False,True,False,False,False,False
cub200,68,Ruby throated Hummingbird,avilist:archilochus colubris,taxonomy,VERIFIED,True,True,EXACT_IDENTITY,CONNECTED,69,True,True,True,False,True,False,False,False,False
cub200,69,Rufous Hummingbird,avilist:selasphorus rufus,taxonomy,VERIFIED,True,True,EXACT_IDENTITY,CONNECTED,69,True,True,True,False,True,False,False,False,False
cub200,70,Green Violetear,avilist:colibri thalassinus,taxonomy,VERIFIED,True,True,EXACT_IDENTITY,CONNECTED,69,True,True,True,False,True,False,False,False,False
cub200,71,Long tailed Jaeger,wikidata:Q216921,taxonomy,VERIFIED,True,True,EXACT_IDENTITY,CONNECTED,73,True,True,True,False,True,False,False,False,False
cub200,72,Pomarine Jaeger,wikidata:Q212767,taxonomy,VERIFIED,True,True,EXACT_IDENTITY,CONNECTED,73,True,True,True,False,True,False,False,False,False
cub200,73,Blue Jay,wikidata:Q199758,taxonomy,VERIFIED,True,True,EXACT_IDENTITY,CONNECTED,81,True,True,True,False,True,False,False,False,False
cub200,74,Florida Jay,avilist:aphelocoma coerulescens,taxonomy,VERIFIED,True,True,EXACT_IDENTITY,CONNECTED,69,True,True,True,False,True,False,False,False,False
cub200,75,Green Jay,wikidata:Q15616389,taxonomy,VERIFIED,True,True,EXACT_IDENTITY,CONNECTED,81,True,True,True,False,True,False,False,False,False
cub200,76,Dark eyed Junco,avilist:junco hyemalis,taxonomy,VERIFIED,True,True,EXACT_IDENTITY,CONNECTED,69,True,True,True,False,True,False,False,False,False
cub200,77,Tropical Kingbird,avilist:tyrannus melancholicus,taxonomy,VERIFIED,True,True,EXACT_IDENTITY,CONNECTED,69,True,True,True,False,True,False,False,False,False
cub200,78,Gray Kingbird,wikidata:Q945200,taxonomy,VERIFIED,True,True,EXACT_IDENTITY,CONNECTED,82,True,True,True,False,True,False,False,False,False
cub200,79,Belted Kingfisher,wikidata:Q736052,taxonomy,VERIFIED,True,True,EXACT_IDENTITY,CONNECTED,75,True,True,True,False,True,False,False,False,False
cub200,80,Green Kingfisher,wikidata:Q580159,taxonomy,VERIFIED,True,True,EXACT_IDENTITY,CONNECTED,75,True,True,True,False,True,False,False,False,False
cub200,81,Pied Kingfisher,avilist:ceryle rudis,taxonomy,VERIFIED,True,True,EXACT_IDENTITY,CONNECTED,69,True,True,True,False,True,False,False,False,False
cub200,82,Ringed Kingfisher,wikidata:Q1272848,taxonomy,VERIFIED,True,True,EXACT_IDENTITY,CONNECTED,75,True,True,True,False,True,False,False,False,False
cub200,83,White breasted Kingfisher,avilist:halcyon smyrnensis,taxonomy,VERIFIED,True,True,EXACT_IDENTITY,CONNECTED,69,True,True,True,False,True,False,False,False,False
cub200,84,Red legged Kittiwake,avilist:rissa brevirostris,taxonomy,VERIFIED,True,True,EXACT_IDENTITY,CONNECTED,69,True,True,True,False,True,False,False,False,False
cub200,85,Horned Lark,wikidata:Q207249,taxonomy,VERIFIED,True,True,EXACT_IDENTITY,CONNECTED,81,True,True,True,False,True,False,False,False,False
cub200,86,Pacific Loon,wikidata:Q558990,taxonomy,VERIFIED,True,True,EXACT_IDENTITY,CONNECTED,74,True,True,True,False,True,False,False,False,False
cub200,87,Mallard,wikidata:Q25348,taxonomy,VERIFIED,True,True,EXACT_IDENTITY,CONNECTED,74,True,True,True,False,True,False,False,False,False
cub200,88,Western Meadowlark,avilist:sturnella neglecta,taxonomy,VERIFIED,True,True,EXACT_IDENTITY,CONNECTED,69,True,True,True,False,True,False,False,False,False
cub200,89,Hooded Merganser,wikidata:Q241349,taxonomy,VERIFIED,True,True,EXACT_IDENTITY,CONNECTED,73,True,True,True,False,True,False,False,False,False
cub200,90,Red breasted Merganser,avilist:mergus serrator,taxonomy,VERIFIED,True,True,EXACT_IDENTITY,CONNECTED,69,True,True,True,False,True,False,False,False,False
cub200,91,Mockingbird,avilist:mimus,taxonomy,VERIFIED,True,True,EXACT_IDENTITY,CONNECTED,68,True,True,True,False,False,False,False,False,False
cub200,92,Nighthawk,avilist:chordeiles,taxonomy,VERIFIED,True,True,EXACT_IDENTITY,CONNECTED,68,True,True,True,False,False,False,False,False,False
cub200,93,Clark Nutcracker,wikidata:Q1142785,taxonomy,VERIFIED,True,True,EXACT_IDENTITY,CONNECTED,81,True,True,True,False,True,False,False,False,False
cub200,94,White breasted Nuthatch,avilist:sitta carolinensis,taxonomy,VERIFIED,True,True,EXACT_IDENTITY,CONNECTED,69,True,True,True,False,True,False,False,False,False
cub200,95,Baltimore Oriole,avilist:icterus galbula,taxonomy,VERIFIED,True,True,EXACT_IDENTITY,CONNECTED,69,True,True,True,False,True,False,False,False,False
cub200,96,Hooded Oriole,wikidata:Q1302812,taxonomy,VERIFIED,True,True,EXACT_IDENTITY,CONNECTED,79,True,True,True,False,True,False,False,False,False
cub200,97,Orchard Oriole,wikidata:Q1586976,taxonomy,VERIFIED,True,True,EXACT_IDENTITY,CONNECTED,79,True,True,True,False,True,False,False,False,False
cub200,98,Scott Oriole,wikidata:Q1305283,taxonomy,VERIFIED,True,True,EXACT_IDENTITY,CONNECTED,79,True,True,True,False,True,False,False,False,False
cub200,99,Ovenbird,wikidata:Q796672,taxonomy,VERIFIED,True,True,EXACT_IDENTITY,CONNECTED,83,True,True,True,False,True,False,False,False,False
cub200,100,Brown Pelican,wordnet31:02054499-n,taxonomy,VERIFIED,True,True,EXACT_IDENTITY,CONNECTED,13,True,True,True,False,False,False,False,False,False
cub200,101,White Pelican,avilist:pelecanus erythrorhynchos,taxonomy,VERIFIED,True,True,EXACT_IDENTITY,CONNECTED,69,True,True,True,False,True,False,False,False,False
cub200,102,Western Wood Pewee,wikidata:Q941102,taxonomy,VERIFIED,True,True,EXACT_IDENTITY,CONNECTED,82,True,True,True,False,True,False,False,False,False
cub200,103,Sayornis,avilist:sayornis,taxonomy,VERIFIED,True,True,EXACT_IDENTITY,CONNECTED,68,True,True,True,False,False,False,False,False,False
cub200,104,American Pipit,avilist:anthus rubescens,taxonomy,VERIFIED,True,True,EXACT_IDENTITY,CONNECTED,69,True,True,True,False,True,False,False,False,False
cub200,105,Whip poor Will,avilist:antrostomus vociferus,taxonomy,VERIFIED,True,True,EXACT_IDENTITY,CONNECTED,69,True,True,True,False,True,False,False,False,False
cub200,106,Horned Puffin,wikidata:Q855367,taxonomy,VERIFIED,True,True,EXACT_IDENTITY,CONNECTED,75,True,True,True,False,True,False,False,False,False
cub200,107,Common Raven,avilist:corvus corax,taxonomy,VERIFIED,True,True,EXACT_IDENTITY,CONNECTED,69,True,True,True,False,True,False,False,False,False
cub200,108,White necked Raven,avilist:corvus albicollis,taxonomy,VERIFIED,True,True,EXACT_IDENTITY,CONNECTED,69,True,True,True,False,True,False,False,False,False
cub200,109,American Redstart,wikidata:Q922772,taxonomy,VERIFIED,True,True,EXACT_IDENTITY,CONNECTED,83,True,True,True,False,True,False,False,False,False
cub200,110,Geococcyx,avilist:geococcyx,taxonomy,VERIFIED,True,True,EXACT_IDENTITY,CONNECTED,68,True,True,True,False,False,False,False,False,False
cub200,111,Loggerhead Shrike,wikidata:Q430863,taxonomy,VERIFIED,True,True,EXACT_IDENTITY,CONNECTED,81,True,True,True,False,True,False,False,False,False
cub200,112,Great Grey Shrike,wordnet31:01601800-n,taxonomy,VERIFIED,True,True,EXACT_IDENTITY,CONNECTED,14,True,True,True,False,False,False,False,False,False
cub200,113,Baird Sparrow,avilist:centronyx bairdii,taxonomy,VERIFIED,True,True,EXACT_IDENTITY,CONNECTED,69,True,True,True,False,True,False,False,False,False
cub200,114,Black throated Sparrow,avilist:amphispiza bilineata,taxonomy,VERIFIED,True,True,EXACT_IDENTITY,CONNECTED,69,True,True,True,False,True,False,False,False,False
cub200,115,Brewer Sparrow,wikidata:Q659632,taxonomy,VERIFIED,True,True,EXACT_IDENTITY,CONNECTED,83,True,True,True,False,True,False,False,False,False
cub200,116,Chipping Sparrow,wikidata:Q645203,taxonomy,VERIFIED,True,True,EXACT_IDENTITY,CONNECTED,83,True,True,True,False,True,False,False,False,False
cub200,117,Clay colored Sparrow,avilist:spizella pallida,taxonomy,VERIFIED,True,True,EXACT_IDENTITY,CONNECTED,69,True,True,True,False,True,False,False,False,False
cub200,118,House Sparrow,wikidata:Q14683,taxonomy,VERIFIED,True,True,EXACT_IDENTITY,CONNECTED,84,True,True,True,False,True,False,False,False,False
cub200,119,Field Sparrow,wikidata:Q611926,taxonomy,VERIFIED,True,True,EXACT_IDENTITY,CONNECTED,83,True,True,True,False,True,False,False,False,False
cub200,120,Fox Sparrow,wikidata:Q422873,taxonomy,VERIFIED,True,True,EXACT_IDENTITY,CONNECTED,83,True,True,True,False,True,False,False,False,False
cub200,121,Grasshopper Sparrow,wikidata:Q1588210,taxonomy,VERIFIED,True,True,EXACT_IDENTITY,CONNECTED,83,True,True,True,False,True,False,False,False,False
cub200,122,Harris Sparrow,wikidata:Q1034120,taxonomy,VERIFIED,True,True,EXACT_IDENTITY,CONNECTED,83,True,True,True,False,True,False,False,False,False
cub200,123,Henslow Sparrow,wikidata:Q1588203,taxonomy,VERIFIED,True,True,EXACT_IDENTITY,CONNECTED,83,True,True,True,False,True,False,False,False,False
cub200,124,Le Conte Sparrow,avilist:ammospiza leconteii,taxonomy,VERIFIED,True,True,EXACT_IDENTITY,CONNECTED,69,True,True,True,False,True,False,False,False,False
cub200,125,Lincoln Sparrow,wikidata:Q692323,taxonomy,VERIFIED,True,True,EXACT_IDENTITY,CONNECTED,83,True,True,True,False,True,False,False,False,False
cub200,126,Nelson Sharp tailed Sparrow,avilist:ammospiza nelsoni,taxonomy,VERIFIED,True,True,EXACT_IDENTITY,CONNECTED,69,True,True,True,False,True,False,False,False,False
cub200,127,Savannah Sparrow,wikidata:Q287893,taxonomy,VERIFIED,True,True,EXACT_IDENTITY,CONNECTED,83,True,True,True,False,True,False,False,False,False
cub200,128,Seaside Sparrow,wikidata:Q1588145,taxonomy,VERIFIED,True,True,EXACT_IDENTITY,CONNECTED,83,True,True,True,False,True,False,False,False,False
cub200,129,Song Sparrow,wikidata:Q842599,taxonomy,VERIFIED,True,True,EXACT_IDENTITY,CONNECTED,83,True,True,True,False,True,False,False,False,False
cub200,130,Tree Sparrow,wordnet31:01542731-n,taxonomy,VERIFIED,True,True,EXACT_IDENTITY,CONNECTED,12,True,True,True,False,False,False,False,False,False
cub200,131,Vesper Sparrow,wikidata:Q776555,taxonomy,VERIFIED,True,True,EXACT_IDENTITY,CONNECTED,79,True,True,True,False,True,False,False,False,False
cub200,132,White crowned Sparrow,wordnet31:01538331-n,taxonomy,VERIFIED,True,True,EXACT_IDENTITY,CONNECTED,14,True,True,True,False,False,False,False,False,False
cub200,133,White throated Sparrow,wordnet31:01538110-n,taxonomy,VERIFIED,True,True,EXACT_IDENTITY,CONNECTED,14,True,True,True,False,False,False,False,False,False
cub200,134,Cape Glossy Starling,avilist:lamprotornis nitens,taxonomy,VERIFIED,True,True,EXACT_IDENTITY,CONNECTED,69,True,True,True,False,True,False,False,False,False
cub200,135,Bank Swallow,wordnet31:01598914-n,taxonomy,VERIFIED,True,True,EXACT_IDENTITY,CONNECTED,14,True,True,True,False,False,False,False,False,False
cub200,136,Barn Swallow,wikidata:Q25429,taxonomy,VERIFIED,True,True,EXACT_IDENTITY,CONNECTED,79,True,True,True,False,True,False,False,False,False
cub200,137,Cliff Swallow,wordnet31:01597609-n,taxonomy,VERIFIED,True,True,EXACT_IDENTITY,CONNECTED,13,True,True,True,False,False,False,False,False,False
cub200,138,Tree Swallow,wikidata:Q922192,taxonomy,VERIFIED,True,True,EXACT_IDENTITY,CONNECTED,79,True,True,True,False,True,False,False,False,False
cub200,139,Scarlet Tanager,wordnet31:01600378-n,taxonomy,VERIFIED,True,True,EXACT_IDENTITY,CONNECTED,13,True,True,True,False,False,False,False,False,False
cub200,140,Summer Tanager,avilist:piranga rubra,taxonomy,VERIFIED,True,True,EXACT_IDENTITY,CONNECTED,69,True,True,True,False,True,False,False,False,False
cub200,141,Artic Tern,avilist:sterna paradisaea,taxonomy,VERIFIED,True,True,EXACT_IDENTITY,CONNECTED,69,True,True,True,False,True,False,False,False,False
cub200,142,Black Tern,wikidata:Q27215,taxonomy,VERIFIED,True,True,EXACT_IDENTITY,CONNECTED,74,True,True,True,False,True,False,False,False,False
cub200,143,Caspian Tern,wikidata:Q27129,taxonomy,VERIFIED,True,True,EXACT_IDENTITY,CONNECTED,74,True,True,True,False,True,False,False,False,False
cub200,144,Common Tern,wikidata:Q18875,taxonomy,VERIFIED,True,True,EXACT_IDENTITY,CONNECTED,74,True,True,True,False,True,False,False,False,False
cub200,145,Elegant Tern,avilist:thalasseus elegans,taxonomy,VERIFIED,True,True,EXACT_IDENTITY,CONNECTED,69,True,True,True,False,True,False,False,False,False
cub200,146,Forsters Tern,wikidata:Q430529,taxonomy,VERIFIED,True,True,EXACT_IDENTITY,CONNECTED,74,True,True,True,False,True,False,False,False,False
cub200,147,Least Tern,wikidata:Q28168,taxonomy,VERIFIED,True,True,EXACT_IDENTITY,CONNECTED,74,True,True,True,False,True,False,False,False,False
cub200,148,Green tailed Towhee,avilist:pipilo chlorurus,taxonomy,VERIFIED,True,True,EXACT_IDENTITY,CONNECTED,69,True,True,True,False,True,False,False,False,False
cub200,149,Brown Thrasher,wordnet31:01590643-n,taxonomy,VERIFIED,True,True,EXACT_IDENTITY,CONNECTED,13,True,True,True,False,False,False,False,False,False
cub200,150,Sage Thrasher,avilist:oreoscoptes montanus,taxonomy,VERIFIED,True,True,EXACT_IDENTITY,CONNECTED,69,True,True,True,False,True,False,False,False,False
cub200,151,Black capped Vireo,avilist:vireo atricapilla,taxonomy,VERIFIED,True,True,EXACT_IDENTITY,CONNECTED,69,True,True,True,False,True,False,False,False,False
cub200,152,Blue headed Vireo,avilist:vireo solitarius,taxonomy,VERIFIED,True,True,EXACT_IDENTITY,CONNECTED,69,True,True,True,False,True,False,False,False,False
cub200,153,Philadelphia Vireo,wikidata:Q596275,taxonomy,VERIFIED,True,True,EXACT_IDENTITY,CONNECTED,79,True,True,True,False,True,False,False,False,False
cub200,154,Red eyed Vireo,wikidata:Q582976,taxonomy,VERIFIED,True,True,EXACT_IDENTITY,CONNECTED,79,True,True,True,False,True,False,False,False,False
cub200,155,Warbling Vireo,avilist:vireo gilvus,taxonomy,VERIFIED,True,True,EXACT_IDENTITY,CONNECTED,69,True,True,True,False,True,False,False,False,False
cub200,156,White eyed Vireo,avilist:vireo griseus,taxonomy,VERIFIED,True,True,EXACT_IDENTITY,CONNECTED,69,True,True,True,False,True,False,False,False,False
cub200,157,Yellow throated Vireo,avilist:vireo flavifrons,taxonomy,VERIFIED,True,True,EXACT_IDENTITY,CONNECTED,69,True,True,True,False,True,False,False,False,False
cub200,158,Bay breasted Warbler,avilist:setophaga castanea,taxonomy,VERIFIED,True,True,EXACT_IDENTITY,CONNECTED,69,True,True,True,False,True,False,False,False,False
cub200,159,Black and white Warbler,avilist:mniotilta varia,taxonomy,VERIFIED,True,True,EXACT_IDENTITY,CONNECTED,69,True,True,True,False,True,False,False,False,False
cub200,160,Black throated Blue Warbler,avilist:setophaga caerulescens,taxonomy,VERIFIED,True,True,EXACT_IDENTITY,CONNECTED,69,True,True,True,False,True,False,False,False,False
cub200,161,Blue winged Warbler,wikidata:Q25679108,taxonomy,VERIFIED,True,True,EXACT_IDENTITY,CONNECTED,83,True,True,True,False,True,False,False,False,False
cub200,162,Canada Warbler,avilist:cardellina canadensis,taxonomy,VERIFIED,True,True,EXACT_IDENTITY,CONNECTED,69,True,True,True,False,True,False,False,False,False
cub200,163,Cape May Warbler,wikidata:Q27075908,taxonomy,VERIFIED,True,True,EXACT_IDENTITY,CONNECTED,83,True,True,True,False,True,False,False,False,False
cub200,164,Cerulean Warbler,wikidata:Q25066647,taxonomy,VERIFIED,True,True,EXACT_IDENTITY,CONNECTED,83,True,True,True,False,True,False,False,False,False
cub200,165,Chestnut sided Warbler,wikidata:Q27075922,taxonomy,VERIFIED,True,True,EXACT_IDENTITY,CONNECTED,83,True,True,True,False,True,False,False,False,False
cub200,166,Golden winged Warbler,wikidata:Q775985,taxonomy,VERIFIED,True,True,EXACT_IDENTITY,CONNECTED,83,True,True,True,False,True,False,False,False,False
cub200,167,Hooded Warbler,wikidata:Q27075904,taxonomy,VERIFIED,True,True,EXACT_IDENTITY,CONNECTED,83,True,True,True,False,True,False,False,False,False
cub200,168,Kentucky Warbler,avilist:geothlypis formosa,taxonomy,VERIFIED,True,True,EXACT_IDENTITY,CONNECTED,69,True,True,True,False,True,False,False,False,False
cub200,169,Magnolia Warbler,wikidata:Q27075915,taxonomy,VERIFIED,True,True,EXACT_IDENTITY,CONNECTED,83,True,True,True,False,True,False,False,False,False
cub200,170,Mourning Warbler,avilist:geothlypis philadelphia,taxonomy,VERIFIED,True,True,EXACT_IDENTITY,CONNECTED,69,True,True,True,False,True,False,False,False,False
cub200,171,Myrtle Warbler,wikidata:Q18390024,taxonomy,VERIFIED,True,True,EXACT_IDENTITY,CONNECTED,83,True,True,True,False,True,False,False,False,False
cub200,172,Nashville Warbler,avilist:leiothlypis ruficapilla,taxonomy,VERIFIED,True,True,EXACT_IDENTITY,CONNECTED,69,True,True,True,False,True,False,False,False,False
cub200,173,Orange crowned Warbler,avilist:leiothlypis celata,taxonomy,VERIFIED,True,True,EXACT_IDENTITY,CONNECTED,69,True,True,True,False,True,False,False,False,False
cub200,174,Palm Warbler,wikidata:Q27075928,taxonomy,VERIFIED,True,True,EXACT_IDENTITY,CONNECTED,83,True,True,True,False,True,False,False,False,False
cub200,175,Pine Warbler,wikidata:Q27075932,taxonomy,VERIFIED,True,True,EXACT_IDENTITY,CONNECTED,83,True,True,True,False,True,False,False,False,False
cub200,176,Prairie Warbler,avilist:setophaga discolor,taxonomy,VERIFIED,True,True,EXACT_IDENTITY,CONNECTED,69,True,True,True,False,True,False,False,False,False
cub200,177,Prothonotary Warbler,avilist:protonotaria citrea,taxonomy,VERIFIED,True,True,EXACT_IDENTITY,CONNECTED,69,True,True,True,False,True,False,False,False,False
cub200,178,Swainson Warbler,wikidata:Q783095,taxonomy,VERIFIED,True,True,EXACT_IDENTITY,CONNECTED,83,True,True,True,False,True,False,False,False,False
cub200,179,Tennessee Warbler,avilist:leiothlypis peregrina,taxonomy,VERIFIED,True,True,EXACT_IDENTITY,CONNECTED,69,True,True,True,False,True,False,False,False,False
cub200,180,Wilson Warbler,avilist:cardellina pusilla,taxonomy,VERIFIED,True,True,EXACT_IDENTITY,CONNECTED,69,True,True,True,False,True,False,False,False,False
cub200,181,Worm eating Warbler,wikidata:Q269463,taxonomy,VERIFIED,True,True,EXACT_IDENTITY,CONNECTED,83,True,True,True,False,True,False,False,False,False
cub200,182,Yellow Warbler,avilist:setophaga aestiva,taxonomy,VERIFIED,True,True,EXACT_IDENTITY,CONNECTED,69,True,True,True,False,True,False,False,False,False
cub200,183,Northern Waterthrush,avilist:parkesia noveboracensis,taxonomy,VERIFIED,True,True,EXACT_IDENTITY,CONNECTED,69,True,True,True,False,True,False,False,False,False
cub200,184,Louisiana Waterthrush,avilist:parkesia motacilla,taxonomy,VERIFIED,True,True,EXACT_IDENTITY,CONNECTED,69,True,True,True,False,True,False,False,False,False
cub200,185,Bohemian Waxwing,wikidata:Q26135,taxonomy,VERIFIED,True,True,EXACT_IDENTITY,CONNECTED,79,True,True,True,False,True,False,False,False,False
cub200,186,Cedar Waxwing,wikidata:Q184314,taxonomy,VERIFIED,True,True,EXACT_IDENTITY,CONNECTED,79,True,True,True,False,True,False,False,False,False
cub200,187,American Three toed Woodpecker,avilist:picoides dorsalis,taxonomy,VERIFIED,True,True,EXACT_IDENTITY,CONNECTED,69,True,True,True,False,True,False,False,False,False
cub200,188,Pileated Woodpecker,avilist:dryocopus pileatus,taxonomy,VERIFIED,True,True,EXACT_IDENTITY,CONNECTED,69,True,True,True,False,True,False,False,False,False
cub200,189,Red bellied Woodpecker,avilist:melanerpes carolinus,taxonomy,VERIFIED,True,True,EXACT_IDENTITY,CONNECTED,69,True,True,True,False,True,False,False,False,False
cub200,190,Red cockaded Woodpecker,avilist:leuconotopicus borealis,taxonomy,VERIFIED,True,True,EXACT_IDENTITY,CONNECTED,69,True,True,True,False,True,False,False,False,False
cub200,191,Red headed Woodpecker,wordnet31:01843416-n,taxonomy,VERIFIED,True,True,EXACT_IDENTITY,CONNECTED,12,True,True,True,False,False,False,False,False,False
cub200,192,Downy Woodpecker,wikidata:Q27074911,taxonomy,VERIFIED,True,True,EXACT_IDENTITY,CONNECTED,75,True,True,True,False,True,False,False,False,False
cub200,193,Bewick Wren,wikidata:Q997457,taxonomy,VERIFIED,True,True,EXACT_IDENTITY,CONNECTED,79,True,True,True,False,True,False,False,False,False
cub200,194,Cactus Wren,wikidata:Q969006,taxonomy,VERIFIED,True,True,EXACT_IDENTITY,CONNECTED,79,True,True,True,False,True,False,False,False,False
cub200,195,Carolina Wren,wikidata:Q1585636,taxonomy,VERIFIED,True,True,EXACT_IDENTITY,CONNECTED,79,True,True,True,False,True,False,False,False,False
cub200,196,House Wren,wordnet31:01587494-n,taxonomy,VERIFIED,True,True,EXACT_IDENTITY,CONNECTED,12,True,True,True,False,False,False,False,False,False
cub200,197,Marsh Wren,wikidata:Q1379530,taxonomy,VERIFIED,True,True,EXACT_IDENTITY,CONNECTED,79,True,True,True,False,True,False,False,False,False
cub200,198,Rock Wren,avilist:salpinctes obsoletus,taxonomy,VERIFIED,True,True,EXACT_IDENTITY,CONNECTED,69,True,True,True,False,True,False,False,False,False
cub200,199,Winter Wren,wikidata:Q10828228,taxonomy,VERIFIED,True,True,EXACT_IDENTITY,CONNECTED,79,True,True,True,False,True,False,False,False,False
cub200,200,Common Yellowthroat,avilist:geothlypis trichas,taxonomy,VERIFIED,True,True,EXACT_IDENTITY,CONNECTED,69,True,True,True,False,True,False,False,False,False
dtd,0,banded,dtd-attribute:banded,taxonomy,VERIFIED_ATTRIBUTE,True,True,EXACT_IDENTITY,CONNECTED,6,True,True,True,False,False,False,False,False,False
dtd,1,blotchy,dtd-attribute:blotchy,taxonomy,VERIFIED_ATTRIBUTE,True,True,EXACT_IDENTITY,CONNECTED,6,True,True,True,False,False,False,False,False,False
dtd,2,braided,dtd-attribute:braided,taxonomy,VERIFIED_ATTRIBUTE,True,True,EXACT_IDENTITY,CONNECTED,6,True,True,True,False,False,False,False,False,False
dtd,3,bubbly,dtd-attribute:bubbly,taxonomy,VERIFIED_ATTRIBUTE,True,True,EXACT_IDENTITY,CONNECTED,6,True,True,True,False,False,False,False,False,False
dtd,4,bumpy,dtd-attribute:bumpy,taxonomy,VERIFIED_ATTRIBUTE,True,True,EXACT_IDENTITY,CONNECTED,6,True,True,True,False,False,False,False,False,False
dtd,5,chequered,dtd-attribute:chequered,taxonomy,VERIFIED_ATTRIBUTE,True,True,EXACT_IDENTITY,CONNECTED,6,True,True,True,False,False,False,False,False,False
dtd,6,cobwebbed,dtd-attribute:cobwebbed,taxonomy,VERIFIED_ATTRIBUTE,True,True,EXACT_IDENTITY,CONNECTED,6,True,True,True,False,False,False,False,False,False
dtd,7,cracked,dtd-attribute:cracked,taxonomy,VERIFIED_ATTRIBUTE,True,True,EXACT_IDENTITY,CONNECTED,6,True,True,True,False,False,False,False,False,False
dtd,8,crosshatched,dtd-attribute:crosshatched,taxonomy,VERIFIED_ATTRIBUTE,True,True,EXACT_IDENTITY,CONNECTED,6,True,True,True,False,False,False,False,False,False
dtd,9,crystalline,dtd-attribute:crystalline,taxonomy,VERIFIED_ATTRIBUTE,True,True,EXACT_IDENTITY,CONNECTED,6,True,True,True,False,False,False,False,False,False
dtd,10,dotted,dtd-attribute:dotted,taxonomy,VERIFIED_ATTRIBUTE,True,True,EXACT_IDENTITY,CONNECTED,6,True,True,True,False,False,False,False,False,False
dtd,11,fibrous,dtd-attribute:fibrous,taxonomy,VERIFIED_ATTRIBUTE,True,True,EXACT_IDENTITY,CONNECTED,6,True,True,True,False,False,False,False,False,False
dtd,12,flecked,dtd-attribute:flecked,taxonomy,VERIFIED_ATTRIBUTE,True,True,EXACT_IDENTITY,CONNECTED,6,True,True,True,False,False,False,False,False,False
dtd,13,freckled,dtd-attribute:freckled,taxonomy,VERIFIED_ATTRIBUTE,True,True,EXACT_IDENTITY,CONNECTED,6,True,True,True,False,False,False,False,False,False
dtd,14,frilly,dtd-attribute:frilly,taxonomy,VERIFIED_ATTRIBUTE,True,True,EXACT_IDENTITY,CONNECTED,6,True,True,True,False,False,False,False,False,False
dtd,15,gauzy,dtd-attribute:gauzy,taxonomy,VERIFIED_ATTRIBUTE,True,True,EXACT_IDENTITY,CONNECTED,6,True,True,True,False,False,False,False,False,False
dtd,16,grid,dtd-attribute:grid,taxonomy,VERIFIED_ATTRIBUTE,True,True,EXACT_IDENTITY,CONNECTED,6,True,True,True,False,False,False,False,False,False
dtd,17,grooved,dtd-attribute:grooved,taxonomy,VERIFIED_ATTRIBUTE,True,True,EXACT_IDENTITY,CONNECTED,6,True,True,True,False,False,False,False,False,False
dtd,18,honeycombed,dtd-attribute:honeycombed,taxonomy,VERIFIED_ATTRIBUTE,True,True,EXACT_IDENTITY,CONNECTED,6,True,True,True,False,False,False,False,False,False
dtd,19,interlaced,dtd-attribute:interlaced,taxonomy,VERIFIED_ATTRIBUTE,True,True,EXACT_IDENTITY,CONNECTED,6,True,True,True,False,False,False,False,False,False
dtd,20,knitted,dtd-attribute:knitted,taxonomy,VERIFIED_ATTRIBUTE,True,True,EXACT_IDENTITY,CONNECTED,6,True,True,True,False,False,False,False,False,False
dtd,21,lacelike,dtd-attribute:lacelike,taxonomy,VERIFIED_ATTRIBUTE,True,True,EXACT_IDENTITY,CONNECTED,6,True,True,True,False,False,False,False,False,False
dtd,22,lined,dtd-attribute:lined,taxonomy,VERIFIED_ATTRIBUTE,True,True,EXACT_IDENTITY,CONNECTED,6,True,True,True,False,False,False,False,False,False
dtd,23,marbled,dtd-attribute:marbled,taxonomy,VERIFIED_ATTRIBUTE,True,True,EXACT_IDENTITY,CONNECTED,6,True,True,True,False,False,False,False,False,False
dtd,24,matted,dtd-attribute:matted,taxonomy,VERIFIED_ATTRIBUTE,True,True,EXACT_IDENTITY,CONNECTED,6,True,True,True,False,False,False,False,False,False
dtd,25,meshed,dtd-attribute:meshed,taxonomy,VERIFIED_ATTRIBUTE,True,True,EXACT_IDENTITY,CONNECTED,6,True,True,True,False,False,False,False,False,False
dtd,26,paisley,dtd-attribute:paisley,taxonomy,VERIFIED_ATTRIBUTE,True,True,EXACT_IDENTITY,CONNECTED,6,True,True,True,False,False,False,False,False,False
dtd,27,perforated,dtd-attribute:perforated,taxonomy,VERIFIED_ATTRIBUTE,True,True,EXACT_IDENTITY,CONNECTED,6,True,True,True,False,False,False,False,False,False
dtd,28,pitted,dtd-attribute:pitted,taxonomy,VERIFIED_ATTRIBUTE,True,True,EXACT_IDENTITY,CONNECTED,6,True,True,True,False,False,False,False,False,False
dtd,29,pleated,dtd-attribute:pleated,taxonomy,VERIFIED_ATTRIBUTE,True,True,EXACT_IDENTITY,CONNECTED,6,True,True,True,False,False,False,False,False,False
dtd,30,polka-dotted,dtd-attribute:polka-dotted,taxonomy,VERIFIED_ATTRIBUTE,True,True,EXACT_IDENTITY,CONNECTED,6,True,True,True,False,False,False,False,False,False
dtd,31,porous,dtd-attribute:porous,taxonomy,VERIFIED_ATTRIBUTE,True,True,EXACT_IDENTITY,CONNECTED,6,True,True,True,False,False,False,False,False,False
dtd,32,potholed,dtd-attribute:potholed,taxonomy,VERIFIED_ATTRIBUTE,True,True,EXACT_IDENTITY,CONNECTED,6,True,True,True,False,False,False,False,False,False
dtd,33,scaly,dtd-attribute:scaly,taxonomy,VERIFIED_ATTRIBUTE,True,True,EXACT_IDENTITY,CONNECTED,6,True,True,True,False,False,False,False,False,False
dtd,34,smeared,dtd-attribute:smeared,taxonomy,VERIFIED_ATTRIBUTE,True,True,EXACT_IDENTITY,CONNECTED,6,True,True,True,False,False,False,False,False,False
dtd,35,spiralled,dtd-attribute:spiralled,taxonomy,VERIFIED_ATTRIBUTE,True,True,EXACT_IDENTITY,CONNECTED,6,True,True,True,False,False,False,False,False,False
dtd,36,sprinkled,dtd-attribute:sprinkled,taxonomy,VERIFIED_ATTRIBUTE,True,True,EXACT_IDENTITY,CONNECTED,6,True,True,True,False,False,False,False,False,False
dtd,37,stained,dtd-attribute:stained,taxonomy,VERIFIED_ATTRIBUTE,True,True,EXACT_IDENTITY,CONNECTED,6,True,True,True,False,False,False,False,False,False
dtd,38,stratified,dtd-attribute:stratified,taxonomy,VERIFIED_ATTRIBUTE,True,True,EXACT_IDENTITY,CONNECTED,6,True,True,True,False,False,False,False,False,False
dtd,39,striped,dtd-attribute:striped,taxonomy,VERIFIED_ATTRIBUTE,True,True,EXACT_IDENTITY,CONNECTED,6,True,True,True,False,False,False,False,False,False
dtd,40,studded,dtd-attribute:studded,taxonomy,VERIFIED_ATTRIBUTE,True,True,EXACT_IDENTITY,CONNECTED,6,True,True,True,False,False,False,False,False,False
dtd,41,swirly,dtd-attribute:swirly,taxonomy,VERIFIED_ATTRIBUTE,True,True,EXACT_IDENTITY,CONNECTED,6,True,True,True,False,False,False,False,False,False
dtd,42,veined,dtd-attribute:veined,taxonomy,VERIFIED_ATTRIBUTE,True,True,EXACT_IDENTITY,CONNECTED,6,True,True,True,False,False,False,False,False,False
dtd,43,waffled,dtd-attribute:waffled,taxonomy,VERIFIED_ATTRIBUTE,True,True,EXACT_IDENTITY,CONNECTED,6,True,True,True,False,False,False,False,False,False
dtd,44,woven,dtd-attribute:woven,taxonomy,VERIFIED_ATTRIBUTE,True,True,EXACT_IDENTITY,CONNECTED,6,True,True,True,False,False,False,False,False,False
dtd,45,wrinkled,dtd-attribute:wrinkled,taxonomy,VERIFIED_ATTRIBUTE,True,True,EXACT_IDENTITY,CONNECTED,6,True,True,True,False,False,False,False,False,False
dtd,46,zigzagged,dtd-attribute:zigzagged,taxonomy,VERIFIED_ATTRIBUTE,True,True,EXACT_IDENTITY,CONNECTED,6,True,True,True,False,False,False,False,False,False
eurosat,0,AnnualCrop,eurosat-category:0,taxonomy,NATIVE_LABEL_ONLY,False,False,NATIVE_LABEL_ONLY,NOT_ADMITTED,,True,False,False,False,False,False,False,False,False
eurosat,1,Forest,eurosat-category:1,taxonomy,VERIFIED_DEPICTED_TYPE,False,True,SOURCE_TYPED_MAPPING,CONNECTED,5,True,False,True,False,False,False,False,False,False
eurosat,2,HerbaceousVegetation,eurosat-category:2,taxonomy,VERIFIED_DEPICTED_TYPE,False,True,SOURCE_TYPED_MAPPING,CONNECTED,6,True,False,True,False,False,False,False,False,False
eurosat,3,Highway,eurosat-category:3,taxonomy,VERIFIED_DEPICTED_TYPE,False,True,SOURCE_TYPED_MAPPING,CONNECTED,8,True,False,True,False,False,False,False,False,False
eurosat,4,Industrial,eurosat-category:4,taxonomy,VERIFIED_DEPICTED_TYPE,False,True,SOURCE_TYPED_MAPPING,CONNECTED,8,True,False,True,False,False,False,False,False,False
eurosat,5,Pasture,eurosat-category:5,taxonomy,NATIVE_LABEL_ONLY,False,False,NATIVE_LABEL_ONLY,NOT_ADMITTED,,True,False,False,False,False,False,False,False,False
eurosat,6,PermanentCrop,eurosat-category:6,taxonomy,NATIVE_LABEL_ONLY,False,False,NATIVE_LABEL_ONLY,NOT_ADMITTED,,True,False,False,False,False,False,False,False,False
eurosat,7,Residential,eurosat-category:7,taxonomy,VERIFIED_DEPICTED_TYPE,False,True,SOURCE_TYPED_MAPPING,CONNECTED,7,True,False,True,False,False,False,False,False,False
eurosat,8,River,eurosat-category:8,taxonomy,VERIFIED_DEPICTED_TYPE,False,True,SOURCE_TYPED_MAPPING,CONNECTED,6,True,False,True,False,False,False,False,False,False
eurosat,9,SeaLake,eurosat-category:9,taxonomy,NATIVE_LABEL_ONLY,False,False,NATIVE_LABEL_ONLY,NOT_ADMITTED,,True,False,False,False,False,False,False,False,False
fgvc_aircraft,1,707-320,wikidata-v4:Q18379942,taxonomy,VERIFIED,True,True,EXACT_IDENTITY,CONNECTED,12,True,True,True,False,False,False,False,False,False
fgvc_aircraft,2,727-200,faa-aircraft:138407E,taxonomy,VERIFIED,True,True,EXACT_IDENTITY,CONNECTED,10,True,True,True,False,False,True,True,False,False
fgvc_aircraft,3,737-200,faa-aircraft:1384451,taxonomy,VERIFIED,True,True,EXACT_IDENTITY,CONNECTED,10,True,True,True,False,False,True,True,False,False
fgvc_aircraft,4,737-300,faa-aircraft:138447P,taxonomy,VERIFIED,True,True,EXACT_IDENTITY,CONNECTED,10,True,True,True,False,False,True,True,False,False
fgvc_aircraft,5,737-400,faa-aircraft:138449A,taxonomy,VERIFIED,True,True,EXACT_IDENTITY,CONNECTED,10,True,True,True,False,False,True,True,False,False
fgvc_aircraft,6,737-500,faa-aircraft:138449E,taxonomy,VERIFIED,True,True,EXACT_IDENTITY,CONNECTED,10,True,True,True,False,False,True,True,False,False
fgvc_aircraft,7,737-600,faa-aircraft:1384411,taxonomy,VERIFIED,True,True,EXACT_IDENTITY,CONNECTED,10,True,True,True,False,False,True,True,False,False
fgvc_aircraft,8,737-700,faa-aircraft:1384413,taxonomy,VERIFIED,True,True,EXACT_IDENTITY,CONNECTED,10,True,True,True,False,False,True,True,False,False
fgvc_aircraft,9,737-800,faa-aircraft:1384414,taxonomy,VERIFIED,True,True,EXACT_IDENTITY,CONNECTED,10,True,True,True,False,False,True,True,False,False
fgvc_aircraft,10,737-900,wikidata-v4:Q15623378,taxonomy,VERIFIED,True,True,EXACT_IDENTITY,CONNECTED,13,True,True,True,False,False,False,False,False,False
fgvc_aircraft,11,747-100,faa-aircraft:1384825,taxonomy,VERIFIED,True,True,EXACT_IDENTITY,CONNECTED,10,True,True,True,False,False,True,True,False,False
fgvc_aircraft,12,747-200,faa-aircraft:1384847,taxonomy,VERIFIED,True,True,EXACT_IDENTITY,CONNECTED,10,True,True,True,False,False,True,True,False,False
fgvc_aircraft,13,747-300,wikidata-v4:Q9384415,taxonomy,VERIFIED,True,True,EXACT_IDENTITY,CONNECTED,11,True,True,True,False,False,False,False,False,False
fgvc_aircraft,14,747-400,faa-aircraft:13848AT,taxonomy,VERIFIED,True,True,EXACT_IDENTITY,CONNECTED,10,True,True,True,False,False,True,True,False,False
fgvc_aircraft,15,757-200,wikidata-v4:Q90133051,taxonomy,VERIFIED,True,True,EXACT_IDENTITY,CONNECTED,17,True,True,True,False,False,False,False,False,False
fgvc_aircraft,16,757-300,faa-aircraft:1384924,taxonomy,VERIFIED,True,True,EXACT_IDENTITY,CONNECTED,10,True,True,True,False,False,True,True,False,False
fgvc_aircraft,17,767-200,wikidata-v4:Q15623987,taxonomy,VERIFIED,True,True,EXACT_IDENTITY,CONNECTED,10,True,True,True,False,False,False,False,False,False
fgvc_aircraft,18,767-300,faa-aircraft:1385204,taxonomy,VERIFIED,True,True,EXACT_IDENTITY,CONNECTED,10,True,True,True,False,False,True,True,False,False
fgvc_aircraft,19,767-400,wikidata-v4:Q15624006,taxonomy,VERIFIED,True,True,EXACT_IDENTITY,CONNECTED,11,True,True,True,False,False,False,False,False,False
fgvc_aircraft,20,777-200,faa-aircraft:1385218,taxonomy,VERIFIED,True,True,EXACT_IDENTITY,CONNECTED,10,True,True,True,False,False,True,True,False,False
fgvc_aircraft,21,777-300,faa-aircraft:138525A,taxonomy,VERIFIED,True,True,EXACT_IDENTITY,CONNECTED,10,True,True,True,False,False,True,True,False,False
fgvc_aircraft,22,A300B4,wikidata-v4:Q15634338,taxonomy,VERIFIED,True,True,EXACT_IDENTITY,CONNECTED,16,True,True,True,False,False,False,False,False,False
fgvc_aircraft,23,A310,faa-aircraft:3930338,taxonomy,VERIFIED,True,True,EXACT_IDENTITY,CONNECTED,10,True,True,True,False,False,True,True,False,False
fgvc_aircraft,24,A318,faa-aircraft:3940022,taxonomy,VERIFIED,True,True,EXACT_IDENTITY,CONNECTED,10,True,True,True,False,False,True,True,False,False
fgvc_aircraft,25,A319,faa-aircraft:3930307,taxonomy,VERIFIED,True,True,EXACT_IDENTITY,CONNECTED,10,True,True,True,False,False,True,True,False,False
fgvc_aircraft,26,A320,wikidata:Q18784360,taxonomy,VERIFIED,True,True,EXACT_IDENTITY,CONNECTED,16,True,True,True,False,False,False,False,False,False
fgvc_aircraft,27,A321,wikidata-v4:Q3278675,taxonomy,VERIFIED,True,True,EXACT_IDENTITY,CONNECTED,15,True,True,True,False,False,False,False,False,False
fgvc_aircraft,28,A330-200,wikidata-v4:Q68189256,taxonomy,VERIFIED,True,True,EXACT_IDENTITY,CONNECTED,14,True,True,True,False,False,False,False,False,False
fgvc_aircraft,29,A330-300,faa-aircraft:3940099,taxonomy,VERIFIED,True,True,EXACT_IDENTITY,CONNECTED,10,True,True,True,False,False,True,True,False,False
fgvc_aircraft,30,A340-200,wikidata-v4:Q14849020,taxonomy,VERIFIED,True,True,EXACT_IDENTITY,CONNECTED,13,True,True,True,False,False,True,True,False,False
fgvc_aircraft,31,A340-300,faa-aircraft:3930379,taxonomy,VERIFIED,True,True,EXACT_IDENTITY,CONNECTED,10,True,True,True,False,False,True,True,False,False
fgvc_aircraft,32,A340-500,wikidata-v4:Q3274060,taxonomy,VERIFIED,True,True,EXACT_IDENTITY,CONNECTED,13,True,True,True,False,False,True,True,False,False
fgvc_aircraft,33,A340-600,faa-aircraft:3940137,taxonomy,VERIFIED,True,True,EXACT_IDENTITY,CONNECTED,10,True,True,True,False,False,True,True,False,False
fgvc_aircraft,34,A380,wikidata-v4:Q5830,taxonomy,VERIFIED,True,True,EXACT_IDENTITY,CONNECTED,13,True,True,True,False,False,False,True,False,False
fgvc_aircraft,35,ATR-42,wikidata-v4:Q218637,taxonomy,VERIFIED,True,True,EXACT_IDENTITY,CONNECTED,14,True,True,True,False,False,False,False,False,False
fgvc_aircraft,36,ATR-72,wikidata-v4:Q219764,taxonomy,VERIFIED,True,True,EXACT_IDENTITY,CONNECTED,14,True,True,True,False,False,False,False,False,False
fgvc_aircraft,37,An-12,wikidata-v4:Q271559,taxonomy,VERIFIED,True,True,EXACT_IDENTITY,CONNECTED,12,True,True,True,False,False,False,True,False,False
fgvc_aircraft,38,BAE 146-200,wikidata-v4:Q14905849,taxonomy,VERIFIED,True,True,EXACT_IDENTITY,CONNECTED,16,True,True,True,False,False,False,False,False,False
fgvc_aircraft,39,BAE 146-300,faa-aircraft:7650449,taxonomy,VERIFIED,True,True,EXACT_IDENTITY,CONNECTED,10,True,True,True,False,False,True,True,False,False
fgvc_aircraft,40,BAE-125,wikidata-v4:Q1591686,taxonomy,VERIFIED,True,True,EXACT_IDENTITY,CONNECTED,11,True,True,True,False,False,False,False,False,False
fgvc_aircraft,41,Beechcraft 1900,faa-aircraft:1154160,taxonomy,VERIFIED,True,True,EXACT_IDENTITY,CONNECTED,10,True,True,True,False,False,True,True,False,False
fgvc_aircraft,42,Boeing 717,wikidata-v4:Q6401,taxonomy,VERIFIED,True,True,EXACT_IDENTITY,CONNECTED,10,True,True,True,False,False,False,False,False,False
fgvc_aircraft,43,C-130,wikidata-v4:Q182027,taxonomy,VERIFIED,True,True,EXACT_IDENTITY,CONNECTED,12,True,True,True,False,False,False,False,False,False
fgvc_aircraft,44,C-47,wikidata-v4:Q714326,taxonomy,VERIFIED,True,True,EXACT_IDENTITY,CONNECTED,10,True,True,True,False,False,False,False,False,False
fgvc_aircraft,45,CRJ-200,wikidata-v4:Q891786,taxonomy,VERIFIED,True,True,EXACT_IDENTITY,CONNECTED,16,True,True,True,False,False,False,False,False,False
fgvc_aircraft,46,CRJ-700,wikidata-v4:Q137829174,taxonomy,VERIFIED,True,True,EXACT_IDENTITY,CONNECTED,16,True,True,True,False,False,False,False,False,False
fgvc_aircraft,47,CRJ-900,wikidata-v4:Q4572676,taxonomy,VERIFIED,True,True,EXACT_IDENTITY,CONNECTED,16,True,True,True,False,False,False,False,False,False
fgvc_aircraft,48,Cessna 172,faa-aircraft:2072402,taxonomy,VERIFIED,True,True,EXACT_IDENTITY,CONNECTED,10,True,True,True,False,False,True,True,False,False
fgvc_aircraft,49,Cessna 208,faa-aircraft:2073702,taxonomy,VERIFIED,True,True,EXACT_IDENTITY,CONNECTED,10,True,True,True,False,False,True,True,False,False
fgvc_aircraft,50,Cessna 525,faa-aircraft:2076601,taxonomy,VERIFIED,True,True,EXACT_IDENTITY,CONNECTED,10,True,True,True,False,False,True,True,False,False
fgvc_aircraft,51,Cessna 560,faa-aircraft:2076750,taxonomy,VERIFIED,True,True,EXACT_IDENTITY,CONNECTED,10,True,True,True,False,False,True,True,False,False
fgvc_aircraft,52,Challenger 600,wikidata-v4:Q699843,taxonomy,VERIFIED,True,True,EXACT_IDENTITY,CONNECTED,11,True,True,True,False,False,False,False,False,False
fgvc_aircraft,53,DC-10,wikidata-v4:Q208075,taxonomy,VERIFIED,True,True,EXACT_IDENTITY,CONNECTED,15,True,True,True,False,False,False,False,False,False
fgvc_aircraft,54,DC-3,wikidata-v4:Q190211,taxonomy,VERIFIED,True,True,EXACT_IDENTITY,CONNECTED,13,True,True,True,False,False,False,True,False,False
fgvc_aircraft,55,DC-6,faa-aircraft:3021702,taxonomy,VERIFIED,True,True,EXACT_IDENTITY,CONNECTED,10,True,True,True,False,False,True,True,False,False
fgvc_aircraft,56,DC-8,faa-aircraft:3021901,taxonomy,VERIFIED,True,True,EXACT_IDENTITY,CONNECTED,10,True,True,True,False,False,True,True,False,False
fgvc_aircraft,57,DC-9-30,faa-aircraft:3022060,taxonomy,VERIFIED,True,True,EXACT_IDENTITY,CONNECTED,10,True,True,True,False,False,True,True,False,False
fgvc_aircraft,58,DH-82,wikidata-v4:Q654062,taxonomy,VERIFIED,True,True,EXACT_IDENTITY,CONNECTED,11,True,True,True,False,False,False,True,False,False
fgvc_aircraft,59,DHC-1,wikidata-v4:Q900857,taxonomy,VERIFIED,True,True,EXACT_IDENTITY,CONNECTED,13,True,True,True,False,False,False,True,False,False
fgvc_aircraft,60,DHC-6,wikidata-v4:Q683041,taxonomy,VERIFIED,True,True,EXACT_IDENTITY,CONNECTED,11,True,True,True,False,False,False,True,False,False
fgvc_aircraft,61,DHC-8-100,wikidata-v4:Q15624289,taxonomy,VERIFIED,True,True,EXACT_IDENTITY,CONNECTED,13,True,True,True,False,False,False,True,False,False
fgvc_aircraft,62,DHC-8-300,wikidata-v4:Q15624359,taxonomy,VERIFIED,True,True,EXACT_IDENTITY,CONNECTED,13,True,True,True,False,False,False,True,False,False
fgvc_aircraft,63,DR-400,wikidata-v4:Q1759739,taxonomy,VERIFIED,True,True,EXACT_IDENTITY,CONNECTED,12,True,True,True,False,False,False,True,False,False
fgvc_aircraft,64,Dornier 328,wikidata-v4:Q937949,taxonomy,VERIFIED,True,True,EXACT_IDENTITY,CONNECTED,13,True,True,True,False,False,False,False,False,False
fgvc_aircraft,65,E-170,wikidata:Q18572652,taxonomy,VERIFIED,True,True,EXACT_IDENTITY,CONNECTED,16,True,True,True,False,False,False,False,False,False
fgvc_aircraft,66,E-190,wikidata-v4:Q2549320,taxonomy,VERIFIED,True,True,EXACT_IDENTITY,CONNECTED,16,True,True,True,False,False,False,False,False,False
fgvc_aircraft,67,E-195,v26-wikidata:Q377173,taxonomy,VERIFIED,True,True,EXACT_IDENTITY,CONNECTED,13,True,True,True,False,False,True,True,False,False
fgvc_aircraft,68,EMB-120,wikidata-v4:Q1163407,taxonomy,VERIFIED,True,True,EXACT_IDENTITY,CONNECTED,13,True,True,True,False,False,False,False,False,False
fgvc_aircraft,69,ERJ 135,wikidata-v4:Q1638968,taxonomy,VERIFIED,True,True,EXACT_IDENTITY,CONNECTED,17,True,True,True,False,False,False,False,False,False
fgvc_aircraft,70,ERJ 145,wikidata:Q913114,taxonomy,VERIFIED,True,True,EXACT_IDENTITY,CONNECTED,11,True,True,True,False,False,False,False,False,False
fgvc_aircraft,71,Embraer Legacy 600,wikidata-v4:Q1335176,taxonomy,VERIFIED,True,True,EXACT_IDENTITY,CONNECTED,12,True,True,True,False,False,False,False,False,False
fgvc_aircraft,72,Eurofighter Typhoon,wikidata-v4:Q151384,taxonomy,VERIFIED,True,True,EXACT_IDENTITY,CONNECTED,11,True,True,True,False,False,False,True,False,False
fgvc_aircraft,73,F-16A/B,wikidata-v4:Q17372377,taxonomy,VERIFIED,True,True,EXACT_IDENTITY,CONNECTED,14,True,True,True,False,False,False,False,False,False
fgvc_aircraft,74,F/A-18,wikidata-v4:Q46397,taxonomy,VERIFIED,True,True,EXACT_IDENTITY,CONNECTED,13,True,True,True,False,False,False,False,False,False
fgvc_aircraft,75,Falcon 2000,wikidata-v4:Q26790,taxonomy,VERIFIED,True,True,EXACT_IDENTITY,CONNECTED,13,True,True,True,False,False,False,False,False,False
fgvc_aircraft,76,Falcon 900,wikidata-v4:Q1141409,taxonomy,VERIFIED,True,True,EXACT_IDENTITY,CONNECTED,13,True,True,True,False,False,False,False,False,False
fgvc_aircraft,77,Fokker 100,wikidata-v4:Q257298,taxonomy,VERIFIED,True,True,EXACT_IDENTITY,CONNECTED,14,True,True,True,False,False,False,False,False,False
fgvc_aircraft,78,Fokker 50,v26-wikidata:Q751141,taxonomy,VERIFIED,True,True,EXACT_IDENTITY,CONNECTED,13,True,True,True,False,False,True,True,False,False
fgvc_aircraft,79,Fokker 70,wikidata-v4:Q723397,taxonomy,VERIFIED,True,True,EXACT_IDENTITY,CONNECTED,16,True,True,True,False,False,False,False,False,False
fgvc_aircraft,80,Global Express,wikidata-v4:Q373171,taxonomy,VERIFIED,True,True,EXACT_IDENTITY,CONNECTED,13,True,True,True,False,False,False,False,False,False
fgvc_aircraft,81,Gulfstream IV,wikidata-v4:Q861792,taxonomy,VERIFIED,True,True,EXACT_IDENTITY,CONNECTED,13,True,True,True,False,False,False,False,False,False
fgvc_aircraft,82,Gulfstream V,wikidata-v4:Q386403,taxonomy,VERIFIED,True,True,EXACT_IDENTITY,CONNECTED,14,True,True,True,False,False,False,False,False,False
fgvc_aircraft,83,Hawk T1,wikidata-v4:Q17487799,taxonomy,VERIFIED,True,True,EXACT_IDENTITY,CONNECTED,12,True,True,True,False,False,False,False,False,False
fgvc_aircraft,84,Il-76,wikidata-v4:Q142549,taxonomy,VERIFIED,True,True,EXACT_IDENTITY,CONNECTED,13,True,True,True,False,False,False,True,False,False
fgvc_aircraft,85,L-1011,wikidata-v4:Q852,taxonomy,VERIFIED,True,True,EXACT_IDENTITY,CONNECTED,11,True,True,True,False,False,False,True,False,False
fgvc_aircraft,86,MD-11,faa-aircraft:3023602,taxonomy,VERIFIED,True,True,EXACT_IDENTITY,CONNECTED,10,True,True,True,False,False,True,True,False,False
fgvc_aircraft,87,MD-80,faa-aircraft:3023680,taxonomy,VERIFIED,True,True,EXACT_IDENTITY,CONNECTED,10,True,True,True,False,False,True,True,False,False
fgvc_aircraft,88,MD-87,wikidata-v4:Q15635741,taxonomy,VERIFIED,True,True,EXACT_IDENTITY,CONNECTED,11,True,True,True,False,False,False,False,False,False
fgvc_aircraft,89,MD-90,faa-aircraft:302369B,taxonomy,VERIFIED,True,True,EXACT_IDENTITY,CONNECTED,10,True,True,True,False,False,True,True,False,False
fgvc_aircraft,90,Metroliner,wikidata-v4:Q5430063,taxonomy,VERIFIED,True,True,EXACT_IDENTITY,CONNECTED,15,True,True,True,False,False,False,False,False,False
fgvc_aircraft,91,Model B200,wikidata-v4:Q15618498,taxonomy,VERIFIED,True,True,EXACT_IDENTITY,CONNECTED,12,True,True,True,False,False,False,False,False,False
fgvc_aircraft,92,PA-28,faa-aircraft:7102801,taxonomy,VERIFIED,True,True,EXACT_IDENTITY,CONNECTED,10,True,True,True,False,False,True,True,False,False
fgvc_aircraft,93,SR-20,wikidata-v4:Q1093144,taxonomy,VERIFIED,True,True,EXACT_IDENTITY,CONNECTED,13,True,True,True,False,False,False,False,False,False
fgvc_aircraft,94,Saab 2000,faa-aircraft:7860202,taxonomy,VERIFIED,True,True,EXACT_IDENTITY,CONNECTED,10,True,True,True,False,False,True,True,False,False
fgvc_aircraft,95,Saab 340,wikidata-v4:Q277491,taxonomy,VERIFIED,True,True,EXACT_IDENTITY,CONNECTED,14,True,True,True,False,False,False,False,False,False
fgvc_aircraft,96,Spitfire,wikidata-v4:Q29190,taxonomy,VERIFIED,True,True,EXACT_IDENTITY,CONNECTED,15,True,True,True,False,False,False,False,False,False
fgvc_aircraft,97,Tornado,wikidata-v4:Q152200,taxonomy,VERIFIED,True,True,EXACT_IDENTITY,CONNECTED,12,True,True,True,False,False,False,False,False,False
fgvc_aircraft,98,Tu-134,wikidata-v4:Q159067,taxonomy,VERIFIED,True,True,EXACT_IDENTITY,CONNECTED,16,True,True,True,False,False,False,False,False,False
fgvc_aircraft,99,Tu-154,wikidata-v4:Q172957,taxonomy,VERIFIED,True,True,EXACT_IDENTITY,CONNECTED,13,True,True,True,False,False,False,False,False,False
fgvc_aircraft,100,Yak-42,wikidata-v4:Q505649,taxonomy,VERIFIED,True,True,EXACT_IDENTITY,CONNECTED,11,True,True,True,False,False,False,True,False,False
flowers102,1,pink primrose,wfo:wfo-0000389747,taxonomy,VERIFIED,True,True,EXACT_IDENTITY,CONNECTED,13,True,True,True,False,True,False,False,False,False
flowers102,2,hard-leaved pocket orchid,wfo:wfo-0000264118,taxonomy,VERIFIED,True,True,EXACT_IDENTITY,CONNECTED,14,True,True,True,False,True,False,False,False,False
flowers102,3,canterbury bells,wordnet31:12058160-n,taxonomy,VERIFIED,True,True,EXACT_IDENTITY,CONNECTED,10,True,True,True,False,False,False,False,False,False
flowers102,4,sweet pea,wikidata:Q163944,taxonomy,VERIFIED,True,True,EXACT_IDENTITY,CONNECTED,26,True,True,True,False,True,False,False,False,False
flowers102,5,english marigold,ott:768229,taxonomy,VERIFIED,True,True,EXACT_IDENTITY,CONNECTED,26,True,True,True,False,True,False,False,False,False
flowers102,6,tiger lily,wfo:wfo-0000677845,taxonomy,VERIFIED,True,True,EXACT_IDENTITY,CONNECTED,13,True,True,True,False,True,False,False,False,False
flowers102,7,moon orchid,ott:406191,taxonomy,VERIFIED,True,True,EXACT_IDENTITY,CONNECTED,24,True,True,True,False,True,False,False,False,False
flowers102,8,bird of paradise,wfo:wfo-0000562066,taxonomy,VERIFIED,True,True,EXACT_IDENTITY,CONNECTED,13,True,True,True,False,True,False,False,False,False
flowers102,9,monkshood,wfo:wfo-0000517258,taxonomy,VERIFIED,True,True,EXACT_IDENTITY,CONNECTED,13,True,True,True,False,True,False,False,False,False
flowers102,10,globe thistle,wfo:wfo-0000016873,taxonomy,VERIFIED,True,True,EXACT_IDENTITY,CONNECTED,16,True,True,True,False,True,False,False,False,False
flowers102,11,snapdragon,wfo:wfo-0000539365,taxonomy,VERIFIED,True,True,EXACT_IDENTITY,CONNECTED,13,True,True,True,False,True,False,False,False,False
flowers102,12,colt's foot,wfo:wfo-0000117140,taxonomy,VERIFIED,True,True,EXACT_IDENTITY,CONNECTED,15,True,True,True,False,True,False,False,False,False
flowers102,13,king protea,wordnet31:12235539-n,taxonomy,VERIFIED,True,True,EXACT_IDENTITY,CONNECTED,11,True,True,True,False,False,False,False,False,False
flowers102,14,spear thistle,wordnet31:11975622-n,taxonomy,VERIFIED,True,True,EXACT_IDENTITY,CONNECTED,11,True,True,True,False,False,False,False,False,False
flowers102,15,yellow iris,wordnet31:12435107-n,taxonomy,VERIFIED,True,True,EXACT_IDENTITY,CONNECTED,11,True,True,True,False,False,False,False,False,False
flowers102,16,globe-flower,wfo:wfo-0000455242,taxonomy,VERIFIED,True,True,EXACT_IDENTITY,CONNECTED,13,True,True,True,False,True,False,False,False,False
flowers102,17,purple coneflower,wfo:wfo-0000036347,taxonomy,VERIFIED,True,True,EXACT_IDENTITY,CONNECTED,16,True,True,True,False,True,False,False,False,False
flowers102,18,peruvian lily,flowers102-category:18,taxonomy,VERIFIED_CATEGORY_MAPPING,False,True,SOURCE_TYPED_MAPPING,CONNECTED,13,True,False,True,False,False,False,False,False,False
flowers102,19,balloon flower,ott:141088,taxonomy,VERIFIED,True,True,EXACT_IDENTITY,CONNECTED,24,True,True,True,False,True,False,False,False,False
flowers102,20,giant white arum lily,wfo:wfo-0000335148,taxonomy,VERIFIED,True,True,EXACT_IDENTITY,CONNECTED,13,True,True,True,False,True,False,False,False,False
flowers102,21,fire lily,wfo:wfo-0000769245,taxonomy,VERIFIED,True,True,EXACT_IDENTITY,CONNECTED,13,True,True,True,False,True,False,False,False,False
flowers102,22,pincushion flower,wfo:wfo-0000359392,taxonomy,VERIFIED,True,True,EXACT_IDENTITY,CONNECTED,13,True,True,True,False,True,False,False,False,False
flowers102,23,fritillary,wfo:wfo-0000767933,taxonomy,VERIFIED,True,True,EXACT_IDENTITY,CONNECTED,13,True,True,True,False,True,False,False,False,False
flowers102,24,red ginger,wordnet31:12377860-n,taxonomy,VERIFIED,True,True,EXACT_IDENTITY,CONNECTED,10,True,True,True,False,False,False,False,False,False
flowers102,25,grape hyacinth,wfo:wfo-4000025015,taxonomy,VERIFIED,True,True,EXACT_IDENTITY,CONNECTED,14,True,True,True,False,False,False,False,False,False
flowers102,26,corn poppy,wordnet31:11922669-n,taxonomy,VERIFIED,True,True,EXACT_IDENTITY,CONNECTED,12,True,True,True,False,False,False,False,False,False
flowers102,27,prince of wales feathers,wordnet31:12975113-n,taxonomy,VERIFIED,True,True,EXACT_IDENTITY,CONNECTED,10,True,True,True,False,False,False,False,False,False
flowers102,28,stemless gentian,wfo:wfo-0000696760,taxonomy,VERIFIED,True,True,EXACT_IDENTITY,CONNECTED,13,True,True,True,False,True,False,False,False,False
flowers102,29,artichoke,wfo:wfo-0000013358,taxonomy,VERIFIED,True,True,EXACT_IDENTITY,CONNECTED,16,True,True,True,False,True,False,False,False,False
flowers102,30,sweet william,wfo:wfo-0000643133,taxonomy,VERIFIED,True,True,EXACT_IDENTITY,CONNECTED,14,True,True,True,False,True,False,False,False,False
flowers102,31,carnation,wfo:wfo-0000643278,taxonomy,VERIFIED,True,True,EXACT_IDENTITY,CONNECTED,14,True,True,True,False,True,False,False,False,False
flowers102,32,garden phlox,wfo:wfo-0001099776,taxonomy,VERIFIED,True,True,EXACT_IDENTITY,CONNECTED,13,True,True,True,False,True,False,False,False,False
flowers102,33,love in the mist,wfo:wfo-0000380636,taxonomy,VERIFIED,True,True,EXACT_IDENTITY,CONNECTED,13,True,True,True,False,True,False,False,False,False
flowers102,34,mexican aster,ott:608104,taxonomy,VERIFIED,True,True,EXACT_IDENTITY,CONNECTED,27,True,True,True,False,True,False,False,False,False
flowers102,35,alpine sea holly,wfo:wfo-0000677699,taxonomy,VERIFIED,True,True,EXACT_IDENTITY,CONNECTED,13,True,True,True,False,True,False,False,False,False
flowers102,36,ruby-lipped cattleya,ott:270814,taxonomy,VERIFIED,True,True,EXACT_IDENTITY,CONNECTED,24,True,True,True,False,True,False,False,False,False
flowers102,37,cape flower,wfo:wfo-0000697973,taxonomy,VERIFIED,True,True,EXACT_IDENTITY,CONNECTED,13,True,True,True,False,True,False,False,False,False
flowers102,38,great masterwort,ott:1012754,taxonomy,VERIFIED,True,True,EXACT_IDENTITY,CONNECTED,27,True,True,True,False,True,False,False,False,False
flowers102,39,siam tulip,ott:253150,taxonomy,VERIFIED,True,True,EXACT_IDENTITY,CONNECTED,22,True,True,True,False,True,False,False,False,False
flowers102,40,lenten rose,wordnet31:11755167-n,taxonomy,VERIFIED,True,True,EXACT_IDENTITY,CONNECTED,9,True,True,True,False,False,False,False,False,False
flowers102,41,barbeton daisy,wfo:wfo-0000007595,taxonomy,VERIFIED,True,True,EXACT_IDENTITY,CONNECTED,15,True,True,True,False,True,False,False,False,False
flowers102,42,daffodil,ott:625033,taxonomy,VERIFIED,True,True,EXACT_IDENTITY,CONNECTED,22,True,True,True,False,True,False,False,False,False
flowers102,43,sword lily,wfo:wfo-4000015694,taxonomy,VERIFIED,True,True,EXACT_IDENTITY,CONNECTED,12,True,True,True,False,False,False,False,False,False
flowers102,44,poinsettia,wfo:wfo-0000964275,taxonomy,VERIFIED,True,True,EXACT_IDENTITY,CONNECTED,13,True,True,True,False,True,False,False,False,False
flowers102,45,bolero deep blue,wordnet31:12312476-n,taxonomy,VERIFIED,True,True,EXACT_IDENTITY,CONNECTED,9,True,True,True,False,False,False,False,False,False
flowers102,46,wallflower,ott:359068,taxonomy,VERIFIED,True,True,EXACT_IDENTITY,CONNECTED,25,True,True,True,False,True,False,False,False,False
flowers102,47,marigold,ott:602514,taxonomy,VERIFIED,True,True,EXACT_IDENTITY,CONNECTED,27,True,True,True,False,True,False,False,False,False
flowers102,48,buttercup,wfo:wfo-4000032540,taxonomy,VERIFIED,True,True,EXACT_IDENTITY,CONNECTED,12,True,True,True,False,False,False,False,False,False
flowers102,49,oxeye daisy,wfo:wfo-0000036932,taxonomy,VERIFIED,True,True,EXACT_IDENTITY,CONNECTED,15,True,True,True,False,True,False,False,False,False
flowers102,50,common dandelion,wikidata:Q131219,taxonomy,VERIFIED,True,True,EXACT_IDENTITY,CONNECTED,8,True,True,True,False,True,False,False,False,False
flowers102,51,petunia,wfo:wfo-4000028997,taxonomy,VERIFIED,True,True,EXACT_IDENTITY,CONNECTED,14,True,True,True,False,False,False,False,False,False
flowers102,52,wild pansy,wordnet31:12411198-n,taxonomy,VERIFIED,True,True,EXACT_IDENTITY,CONNECTED,10,True,True,True,False,False,False,False,False,False
flowers102,53,primula,flowers102-category:53,taxonomy,VERIFIED_CATEGORY_MAPPING,False,True,SOURCE_TYPED_MAPPING,CONNECTED,13,True,False,True,False,False,False,False,False,False
flowers102,54,sunflower,wikidata:Q171497,taxonomy,VERIFIED,True,True,EXACT_IDENTITY,CONNECTED,8,True,True,True,False,True,False,False,False,False
flowers102,55,pelargonium,wfo:wfo-4000028455,taxonomy,VERIFIED,True,True,EXACT_IDENTITY,CONNECTED,12,True,True,True,False,False,False,False,False,False
flowers102,56,bishop of llandaff,wikidata-v4:Q5208897,taxonomy,VERIFIED,True,True,EXACT_IDENTITY,CONNECTED,15,True,True,True,False,False,False,False,False,False
flowers102,57,gaura,wfo:wfo-0001281431,taxonomy,VERIFIED,True,True,EXACT_IDENTITY,CONNECTED,13,True,True,True,False,True,False,False,False,False
flowers102,58,geranium,wfo:wfo-4000015557,taxonomy,VERIFIED,True,True,EXACT_IDENTITY,CONNECTED,12,True,True,True,False,False,False,False,False,False
flowers102,59,orange dahlia,v26-ads-dahlia-color:829e5b28af38ab3379fd0b4f3fd4f2f1,taxonomy,VERIFIED,True,True,EXACT_IDENTITY,CONNECTED,15,True,True,True,False,False,False,False,False,False
flowers102,60,pink-yellow dahlia,v26-ads-dahlia-color:7cec56ecb0a78ba81a7c44027d7ef633,taxonomy,VERIFIED,True,True,EXACT_IDENTITY,CONNECTED,15,True,True,True,False,False,False,False,False,False
flowers102,61,cautleya spicata,wfo:wfo-0000353044,taxonomy,VERIFIED,True,True,EXACT_IDENTITY,CONNECTED,15,True,True,True,False,True,False,False,False,False
flowers102,62,japanese anemone,ott:7591168,taxonomy,VERIFIED,True,True,EXACT_IDENTITY,CONNECTED,21,True,True,True,False,True,False,False,False,False
flowers102,63,black-eyed susan,wfo:wfo-0000027627,taxonomy,VERIFIED,True,True,EXACT_IDENTITY,CONNECTED,16,True,True,True,False,True,False,False,False,False
flowers102,64,silverbush,ott:235894,taxonomy,VERIFIED,True,True,EXACT_IDENTITY,CONNECTED,25,True,True,True,False,True,False,False,False,False
flowers102,65,californian poppy,wfo:wfo-0000680430,taxonomy,VERIFIED,True,True,EXACT_IDENTITY,CONNECTED,15,True,True,True,False,True,False,False,False,False
flowers102,66,osteospermum,wfo:wfo-4000027409,taxonomy,VERIFIED,True,True,EXACT_IDENTITY,CONNECTED,14,True,True,True,False,False,False,False,False,False
flowers102,67,spring crocus,ott:675223,taxonomy,VERIFIED,True,True,EXACT_IDENTITY,CONNECTED,23,True,True,True,False,True,False,False,False,False
flowers102,68,bearded iris,ott:3998436,taxonomy,VERIFIED,True,True,EXACT_IDENTITY,CONNECTED,23,True,True,True,False,True,False,False,False,False
flowers102,69,windflower,wfo:wfo-4000002053,taxonomy,VERIFIED,True,True,EXACT_IDENTITY,CONNECTED,12,True,True,True,False,False,False,False,False,False
flowers102,70,tree poppy,wfo:wfo-0000641099,taxonomy,VERIFIED,True,True,EXACT_IDENTITY,CONNECTED,15,True,True,True,False,True,False,False,False,False
flowers102,71,gazania,wfo:wfo-0000087259,taxonomy,VERIFIED,True,True,EXACT_IDENTITY,CONNECTED,16,True,True,True,False,True,False,False,False,False
flowers102,72,azalea,wfo:wfo-4000033027,taxonomy,VERIFIED,True,True,EXACT_IDENTITY,CONNECTED,13,True,True,True,False,False,False,False,False,False
flowers102,73,water lily,wfo:wfo-4000026422,taxonomy,VERIFIED,True,True,EXACT_IDENTITY,CONNECTED,12,True,True,True,False,False,False,False,False,False
flowers102,74,rose,wfo:wfo-4000033476,taxonomy,VERIFIED,True,True,EXACT_IDENTITY,CONNECTED,12,True,True,True,False,False,False,False,False,False
flowers102,75,thorn apple,wfo:wfo-0001021374,taxonomy,VERIFIED,True,True,EXACT_IDENTITY,CONNECTED,15,True,True,True,False,True,False,False,False,False
flowers102,76,morning glory,wfo:wfo-0001296676,taxonomy,VERIFIED,True,True,EXACT_IDENTITY,CONNECTED,13,True,True,True,False,True,False,False,False,False
flowers102,77,passion flower,wfo:wfo-0000479867,taxonomy,VERIFIED,True,True,EXACT_IDENTITY,CONNECTED,13,True,True,True,False,True,False,False,False,False
flowers102,78,lotus lotus,wfo:wfo-0000382378,taxonomy,VERIFIED,True,True,EXACT_IDENTITY,CONNECTED,13,True,True,True,False,True,False,False,False,False
flowers102,79,toad lily,wfo:wfo-0000750540,taxonomy,VERIFIED,True,True,EXACT_IDENTITY,CONNECTED,13,True,True,True,False,True,False,False,False,False
flowers102,80,anthurium,wfo:wfo-0000221364,taxonomy,VERIFIED,True,True,EXACT_IDENTITY,CONNECTED,13,True,True,True,False,True,False,False,False,False
flowers102,81,frangipani,wfo:wfo-4000030426,taxonomy,VERIFIED,True,True,EXACT_IDENTITY,CONNECTED,14,True,True,True,False,False,False,False,False,False
flowers102,82,clematis,wfo:wfo-4000008565,taxonomy,VERIFIED,True,True,EXACT_IDENTITY,CONNECTED,12,True,True,True,False,False,False,False,False,False
flowers102,83,hibiscus,ott:3942619,taxonomy,VERIFIED,True,True,EXACT_IDENTITY,CONNECTED,25,True,True,True,False,True,False,False,False,False
flowers102,84,columbine,wfo:wfo-0000541607,taxonomy,VERIFIED,True,True,EXACT_IDENTITY,CONNECTED,13,True,True,True,False,True,False,False,False,False
flowers102,85,desert-rose,wfo:wfo-0000764069,taxonomy,VERIFIED,True,True,EXACT_IDENTITY,CONNECTED,15,True,True,True,False,True,False,False,False,False
flowers102,86,tree mallow,wordnet31:12203132-n,taxonomy,VERIFIED,True,True,EXACT_IDENTITY,CONNECTED,10,True,True,True,False,False,False,False,False,False
flowers102,87,magnolia,wordnet31:11730605-n,taxonomy,VERIFIED,True,True,EXACT_IDENTITY,CONNECTED,12,True,True,True,False,False,False,False,False,False
flowers102,88,cyclamen,wfo:wfo-0000631834,taxonomy,VERIFIED,True,True,EXACT_IDENTITY,CONNECTED,13,True,True,True,False,True,False,False,False,False
flowers102,89,watercress,wordnet31:11913600-n,taxonomy,VERIFIED,True,True,EXACT_IDENTITY,CONNECTED,12,True,True,True,False,False,False,False,False,False
flowers102,90,canna lily,wfo:wfo-0000343805,taxonomy,VERIFIED,True,True,EXACT_IDENTITY,CONNECTED,13,True,True,True,False,True,False,False,False,False
flowers102,91,hippeastrum,wfo:wfo-4000017950,taxonomy,VERIFIED,True,True,EXACT_IDENTITY,CONNECTED,12,True,True,True,False,False,False,False,False,False
flowers102,92,bee balm,wordnet31:12875360-n,taxonomy,VERIFIED,True,True,EXACT_IDENTITY,CONNECTED,9,True,True,True,False,False,False,False,False,False
flowers102,93,ball moss,ott:602438,taxonomy,VERIFIED,True,True,EXACT_IDENTITY,CONNECTED,25,True,True,True,False,True,False,False,False,False
flowers102,94,foxglove,ott:75205,taxonomy,VERIFIED,True,True,EXACT_IDENTITY,CONNECTED,26,True,True,True,False,True,False,False,False,False
flowers102,95,bougainvillea,wfo:wfo-0000569884,taxonomy,VERIFIED,True,True,EXACT_IDENTITY,CONNECTED,13,True,True,True,False,True,False,False,False,False
flowers102,96,camellia,wfo:wfo-0001281906,taxonomy,VERIFIED,True,True,EXACT_IDENTITY,CONNECTED,14,True,True,True,False,False,False,False,False,False
flowers102,97,mallow,wfo:wfo-4000022983,taxonomy,VERIFIED,True,True,EXACT_IDENTITY,CONNECTED,13,True,True,True,False,False,False,False,False,False
flowers102,98,mexican petunia,ott:264125,taxonomy,VERIFIED,True,True,EXACT_IDENTITY,CONNECTED,29,True,True,True,False,True,False,False,False,False
flowers102,99,bromelia,wfo:wfo-4000005472,taxonomy,VERIFIED,True,True,EXACT_IDENTITY,CONNECTED,12,True,True,True,False,False,False,False,False,False
flowers102,100,blanket flower,wordnet31:11991055-n,taxonomy,VERIFIED,True,True,EXACT_IDENTITY,CONNECTED,9,True,True,True,False,False,False,False,False,False
flowers102,101,trumpet creeper,wfo:wfo-0001214872,taxonomy,VERIFIED,True,True,EXACT_IDENTITY,CONNECTED,13,True,True,True,False,True,False,False,False,False
flowers102,102,blackberry lily,ott:740491,taxonomy,VERIFIED,True,True,EXACT_IDENTITY,CONNECTED,23,True,True,True,False,True,False,False,False,False
food101,0,apple_pie,food101-category:0,taxonomy,VERIFIED_DATASET_CATEGORY,False,True,SOURCE_TYPED_MAPPING,CONNECTED,9,True,False,True,False,False,False,False,False,False
food101,1,baby_back_ribs,food101-category:1,taxonomy,VERIFIED_DATASET_CATEGORY,False,True,SOURCE_TYPED_MAPPING,CONNECTED,5,True,False,True,False,False,False,False,False,False
food101,2,baklava,food101-category:2,taxonomy,VERIFIED_DATASET_CATEGORY,False,True,SOURCE_TYPED_MAPPING,CONNECTED,8,True,False,True,False,False,False,False,False,False
food101,3,beef_carpaccio,food101-category:3,taxonomy,VERIFIED_DATASET_CATEGORY,False,True,SOURCE_TYPED_MAPPING,CONNECTED,5,True,False,True,False,False,False,False,False,False
food101,4,beef_tartare,food101-category:4,taxonomy,VERIFIED_DATASET_CATEGORY,False,True,SOURCE_TYPED_MAPPING,CONNECTED,5,True,False,True,False,False,False,False,False,False
food101,5,beet_salad,food101-category:5,taxonomy,VERIFIED_DATASET_CATEGORY,False,True,SOURCE_TYPED_MAPPING,CONNECTED,5,True,False,True,False,False,False,False,False,False
food101,6,beignets,food101-category:6,taxonomy,VERIFIED_DATASET_CATEGORY,False,True,SOURCE_TYPED_MAPPING,CONNECTED,5,True,False,True,False,False,False,False,False,False
food101,7,bibimbap,food101-category:7,taxonomy,VERIFIED_DATASET_CATEGORY,False,True,SOURCE_TYPED_MAPPING,CONNECTED,5,True,False,True,False,False,False,False,False,False
food101,8,bread_pudding,food101-category:8,taxonomy,VERIFIED_DATASET_CATEGORY,False,True,SOURCE_TYPED_MAPPING,CONNECTED,5,True,False,True,False,False,False,False,False,False
food101,9,breakfast_burrito,food101-category:9,taxonomy,VERIFIED_DATASET_CATEGORY,False,True,SOURCE_TYPED_MAPPING,CONNECTED,5,True,False,True,False,False,False,False,False,False
food101,10,bruschetta,food101-category:10,taxonomy,VERIFIED_DATASET_CATEGORY,False,True,SOURCE_TYPED_MAPPING,CONNECTED,5,True,False,True,False,False,False,False,False,False
food101,11,caesar_salad,food101-category:11,taxonomy,VERIFIED_DATASET_CATEGORY,False,True,SOURCE_TYPED_MAPPING,CONNECTED,10,True,False,True,False,False,False,False,False,False
food101,12,cannoli,food101-category:12,taxonomy,VERIFIED_DATASET_CATEGORY,False,True,SOURCE_TYPED_MAPPING,CONNECTED,5,True,False,True,False,False,False,False,False,False
food101,13,caprese_salad,food101-category:13,taxonomy,VERIFIED_DATASET_CATEGORY,False,True,SOURCE_TYPED_MAPPING,CONNECTED,5,True,False,True,False,False,False,False,False,False
food101,14,carrot_cake,food101-category:14,taxonomy,VERIFIED_DATASET_CATEGORY,False,True,SOURCE_TYPED_MAPPING,CONNECTED,5,True,False,True,False,False,False,False,False,False
food101,15,ceviche,food101-category:15,taxonomy,VERIFIED_DATASET_CATEGORY,False,True,SOURCE_TYPED_MAPPING,CONNECTED,5,True,False,True,False,False,False,False,False,False
food101,16,cheesecake,food101-category:16,taxonomy,VERIFIED_DATASET_CATEGORY,False,True,SOURCE_TYPED_MAPPING,CONNECTED,8,True,False,True,False,False,False,False,False,False
food101,17,cheese_plate,food101-category:17,taxonomy,VERIFIED_DATASET_CATEGORY,False,True,SOURCE_TYPED_MAPPING,CONNECTED,5,True,False,True,False,False,False,False,False,False
food101,18,chicken_curry,food101-category:18,taxonomy,VERIFIED_DATASET_CATEGORY,False,True,SOURCE_TYPED_MAPPING,CONNECTED,5,True,False,True,False,False,False,False,False,False
food101,19,chicken_quesadilla,food101-category:19,taxonomy,VERIFIED_DATASET_CATEGORY,False,True,SOURCE_TYPED_MAPPING,CONNECTED,5,True,False,True,False,False,False,False,False,False
food101,20,chicken_wings,food101-category:20,taxonomy,VERIFIED_DATASET_CATEGORY,False,True,SOURCE_TYPED_MAPPING,CONNECTED,5,True,False,True,False,False,False,False,False,False
food101,21,chocolate_cake,food101-category:21,taxonomy,VERIFIED_DATASET_CATEGORY,False,True,SOURCE_TYPED_MAPPING,CONNECTED,8,True,False,True,False,False,False,False,False,False
food101,22,chocolate_mousse,food101-category:22,taxonomy,VERIFIED_DATASET_CATEGORY,False,True,SOURCE_TYPED_MAPPING,CONNECTED,10,True,False,True,False,False,False,False,False,False
food101,23,churros,food101-category:23,taxonomy,VERIFIED_DATASET_CATEGORY,False,True,SOURCE_TYPED_MAPPING,CONNECTED,5,True,False,True,False,False,False,False,False,False
food101,24,clam_chowder,food101-category:24,taxonomy,VERIFIED_DATASET_CATEGORY,False,True,SOURCE_TYPED_MAPPING,CONNECTED,10,True,False,True,False,False,False,False,False,False
food101,25,club_sandwich,food101-category:25,taxonomy,VERIFIED_DATASET_CATEGORY,False,True,SOURCE_TYPED_MAPPING,CONNECTED,10,True,False,True,False,False,False,False,False,False
food101,26,crab_cakes,food101-category:26,taxonomy,VERIFIED_DATASET_CATEGORY,False,True,SOURCE_TYPED_MAPPING,CONNECTED,5,True,False,True,False,False,False,False,False,False
food101,27,creme_brulee,food101-category:27,taxonomy,VERIFIED_DATASET_CATEGORY,False,True,SOURCE_TYPED_MAPPING,CONNECTED,9,True,False,True,False,False,False,False,False,False
food101,28,croque_madame,food101-category:28,taxonomy,VERIFIED_DATASET_CATEGORY,False,True,SOURCE_TYPED_MAPPING,CONNECTED,5,True,False,True,False,False,False,False,False,False
food101,29,cup_cakes,food101-category:29,taxonomy,VERIFIED_DATASET_CATEGORY,False,True,SOURCE_TYPED_MAPPING,CONNECTED,5,True,False,True,False,False,False,False,False,False
food101,30,deviled_eggs,food101-category:30,taxonomy,VERIFIED_DATASET_CATEGORY,False,True,SOURCE_TYPED_MAPPING,CONNECTED,5,True,False,True,False,False,False,False,False,False
food101,31,donuts,food101-category:31,taxonomy,VERIFIED_DATASET_CATEGORY,False,True,SOURCE_TYPED_MAPPING,CONNECTED,5,True,False,True,False,False,False,False,False,False
food101,32,dumplings,food101-category:32,taxonomy,VERIFIED_DATASET_CATEGORY,False,True,SOURCE_TYPED_MAPPING,CONNECTED,7,True,False,True,False,False,False,False,False,False
food101,33,edamame,food101-category:33,taxonomy,VERIFIED_DATASET_CATEGORY,False,True,SOURCE_TYPED_MAPPING,CONNECTED,5,True,False,True,False,False,False,False,False,False
food101,34,eggs_benedict,food101-category:34,taxonomy,VERIFIED_DATASET_CATEGORY,False,True,SOURCE_TYPED_MAPPING,CONNECTED,8,True,False,True,False,False,False,False,False,False
food101,35,escargots,food101-category:35,taxonomy,VERIFIED_DATASET_CATEGORY,False,True,SOURCE_TYPED_MAPPING,CONNECTED,5,True,False,True,False,False,False,False,False,False
food101,36,falafel,food101-category:36,taxonomy,VERIFIED_DATASET_CATEGORY,False,True,SOURCE_TYPED_MAPPING,CONNECTED,8,True,False,True,False,False,False,False,False,False
food101,37,filet_mignon,food101-category:37,taxonomy,VERIFIED_DATASET_CATEGORY,False,True,SOURCE_TYPED_MAPPING,CONNECTED,11,True,False,True,False,False,False,False,False,False
food101,38,fish_and_chips,food101-category:38,taxonomy,VERIFIED_DATASET_CATEGORY,False,True,SOURCE_TYPED_MAPPING,CONNECTED,8,True,False,True,False,False,False,False,False,False
food101,39,foie_gras,food101-category:39,taxonomy,VERIFIED_DATASET_CATEGORY,False,True,SOURCE_TYPED_MAPPING,CONNECTED,12,True,False,True,False,False,False,False,False,False
food101,40,french_fries,food101-category:40,taxonomy,VERIFIED_DATASET_CATEGORY,False,True,SOURCE_TYPED_MAPPING,CONNECTED,9,True,False,True,False,False,False,False,False,False
food101,41,french_onion_soup,food101-category:41,taxonomy,VERIFIED_DATASET_CATEGORY,False,True,SOURCE_TYPED_MAPPING,CONNECTED,5,True,False,True,False,False,False,False,False,False
food101,42,french_toast,food101-category:42,taxonomy,VERIFIED_DATASET_CATEGORY,False,True,SOURCE_TYPED_MAPPING,CONNECTED,8,True,False,True,False,False,False,False,False,False
food101,43,fried_calamari,food101-category:43,taxonomy,VERIFIED_DATASET_CATEGORY,False,True,SOURCE_TYPED_MAPPING,CONNECTED,5,True,False,True,False,False,False,False,False,False
food101,44,fried_rice,food101-category:44,taxonomy,VERIFIED_DATASET_CATEGORY,False,True,SOURCE_TYPED_MAPPING,CONNECTED,8,True,False,True,False,False,False,False,False,False
food101,45,frozen_yogurt,food101-category:45,taxonomy,VERIFIED_DATASET_CATEGORY,False,True,SOURCE_TYPED_MAPPING,CONNECTED,7,True,False,True,False,False,False,False,False,False
food101,46,garlic_bread,food101-category:46,taxonomy,VERIFIED_DATASET_CATEGORY,False,True,SOURCE_TYPED_MAPPING,CONNECTED,8,True,False,True,False,False,False,False,False,False
food101,47,gnocchi,food101-category:47,taxonomy,VERIFIED_DATASET_CATEGORY,False,True,SOURCE_TYPED_MAPPING,CONNECTED,8,True,False,True,False,False,False,False,False,False
food101,48,greek_salad,food101-category:48,taxonomy,VERIFIED_DATASET_CATEGORY,False,True,SOURCE_TYPED_MAPPING,CONNECTED,5,True,False,True,False,False,False,False,False,False
food101,49,grilled_cheese_sandwich,food101-category:49,taxonomy,VERIFIED_DATASET_CATEGORY,False,True,SOURCE_TYPED_MAPPING,CONNECTED,5,True,False,True,False,False,False,False,False,False
food101,50,grilled_salmon,food101-category:50,taxonomy,VERIFIED_DATASET_CATEGORY,False,True,SOURCE_TYPED_MAPPING,CONNECTED,5,True,False,True,False,False,False,False,False,False
food101,51,guacamole,food101-category:51,taxonomy,VERIFIED_DATASET_CATEGORY,False,True,SOURCE_TYPED_MAPPING,CONNECTED,11,True,False,True,False,False,False,False,False,False
food101,52,gyoza,food101-category:52,taxonomy,VERIFIED_DATASET_CATEGORY,False,True,SOURCE_TYPED_MAPPING,CONNECTED,5,True,False,True,False,False,False,False,False,False
food101,53,hamburger,food101-category:53,taxonomy,VERIFIED_DATASET_CATEGORY,False,True,SOURCE_TYPED_MAPPING,CONNECTED,5,True,False,True,False,False,False,False,False,False
food101,54,hot_and_sour_soup,food101-category:54,taxonomy,VERIFIED_DATASET_CATEGORY,False,True,SOURCE_TYPED_MAPPING,CONNECTED,5,True,False,True,False,False,False,False,False,False
food101,55,hot_dog,food101-category:55,taxonomy,VERIFIED_DATASET_CATEGORY,False,True,SOURCE_TYPED_MAPPING,CONNECTED,5,True,False,True,False,False,False,False,False,False
food101,56,huevos_rancheros,food101-category:56,taxonomy,VERIFIED_DATASET_CATEGORY,False,True,SOURCE_TYPED_MAPPING,CONNECTED,5,True,False,True,False,False,False,False,False,False
food101,57,hummus,food101-category:57,taxonomy,VERIFIED_DATASET_CATEGORY,False,True,SOURCE_TYPED_MAPPING,CONNECTED,11,True,False,True,False,False,False,False,False,False
food101,58,ice_cream,food101-category:58,taxonomy,VERIFIED_DATASET_CATEGORY,False,True,SOURCE_TYPED_MAPPING,CONNECTED,10,True,False,True,False,False,False,False,False,False
food101,59,lasagna,food101-category:59,taxonomy,VERIFIED_DATASET_CATEGORY,False,True,SOURCE_TYPED_MAPPING,CONNECTED,5,True,False,True,False,False,False,False,False,False
food101,60,lobster_bisque,food101-category:60,taxonomy,VERIFIED_DATASET_CATEGORY,False,True,SOURCE_TYPED_MAPPING,CONNECTED,5,True,False,True,False,False,False,False,False,False
food101,61,lobster_roll_sandwich,food101-category:61,taxonomy,VERIFIED_DATASET_CATEGORY,False,True,SOURCE_TYPED_MAPPING,CONNECTED,5,True,False,True,False,False,False,False,False,False
food101,62,macaroni_and_cheese,food101-category:62,taxonomy,VERIFIED_DATASET_CATEGORY,False,True,SOURCE_TYPED_MAPPING,CONNECTED,9,True,False,True,False,False,False,False,False,False
food101,63,macarons,food101-category:63,taxonomy,VERIFIED_DATASET_CATEGORY,False,True,SOURCE_TYPED_MAPPING,CONNECTED,5,True,False,True,False,False,False,False,False,False
food101,64,miso_soup,food101-category:64,taxonomy,VERIFIED_DATASET_CATEGORY,False,True,SOURCE_TYPED_MAPPING,CONNECTED,5,True,False,True,False,False,False,False,False,False
food101,65,mussels,food101-category:65,taxonomy,VERIFIED_DATASET_CATEGORY,False,True,SOURCE_TYPED_MAPPING,CONNECTED,5,True,False,True,False,False,False,False,False,False
food101,66,nachos,food101-category:66,taxonomy,VERIFIED_DATASET_CATEGORY,False,True,SOURCE_TYPED_MAPPING,CONNECTED,5,True,False,True,False,False,False,False,False,False
food101,67,omelette,food101-category:67,taxonomy,VERIFIED_DATASET_CATEGORY,False,True,SOURCE_TYPED_MAPPING,CONNECTED,8,True,False,True,False,False,False,False,False,False
food101,68,onion_rings,food101-category:68,taxonomy,VERIFIED_DATASET_CATEGORY,False,True,SOURCE_TYPED_MAPPING,CONNECTED,5,True,False,True,False,False,False,False,False,False
food101,69,oysters,food101-category:69,taxonomy,VERIFIED_DATASET_CATEGORY,False,True,SOURCE_TYPED_MAPPING,CONNECTED,5,True,False,True,False,False,False,False,False,False
food101,70,pad_thai,food101-category:70,taxonomy,VERIFIED_DATASET_CATEGORY,False,True,SOURCE_TYPED_MAPPING,CONNECTED,5,True,False,True,False,False,False,False,False,False
food101,71,paella,food101-category:71,taxonomy,VERIFIED_DATASET_CATEGORY,False,True,SOURCE_TYPED_MAPPING,CONNECTED,8,True,False,True,False,False,False,False,False,False
food101,72,pancakes,food101-category:72,taxonomy,VERIFIED_DATASET_CATEGORY,False,True,SOURCE_TYPED_MAPPING,CONNECTED,5,True,False,True,False,False,False,False,False,False
food101,73,panna_cotta,food101-category:73,taxonomy,VERIFIED_DATASET_CATEGORY,False,True,SOURCE_TYPED_MAPPING,CONNECTED,5,True,False,True,False,False,False,False,False,False
food101,74,peking_duck,food101-category:74,taxonomy,VERIFIED_DATASET_CATEGORY,False,True,SOURCE_TYPED_MAPPING,CONNECTED,5,True,False,True,False,False,False,False,False,False
food101,75,pho,food101-category:75,taxonomy,VERIFIED_DATASET_CATEGORY,False,True,SOURCE_TYPED_MAPPING,CONNECTED,5,True,False,True,False,False,False,False,False,False
food101,76,pizza,food101-category:76,taxonomy,VERIFIED_DATASET_CATEGORY,False,True,SOURCE_TYPED_MAPPING,CONNECTED,8,True,False,True,False,False,False,False,False,False
food101,77,pork_chop,food101-category:77,taxonomy,VERIFIED_DATASET_CATEGORY,False,True,SOURCE_TYPED_MAPPING,CONNECTED,5,True,False,True,False,False,False,False,False,False
food101,78,poutine,food101-category:78,taxonomy,VERIFIED_DATASET_CATEGORY,False,True,SOURCE_TYPED_MAPPING,CONNECTED,5,True,False,True,False,False,False,False,False,False
food101,79,prime_rib,food101-category:79,taxonomy,VERIFIED_DATASET_CATEGORY,False,True,SOURCE_TYPED_MAPPING,CONNECTED,5,True,False,True,False,False,False,False,False,False
food101,80,pulled_pork_sandwich,food101-category:80,taxonomy,VERIFIED_DATASET_CATEGORY,False,True,SOURCE_TYPED_MAPPING,CONNECTED,5,True,False,True,False,False,False,False,False,False
food101,81,ramen,food101-category:81,taxonomy,VERIFIED_DATASET_CATEGORY,False,True,SOURCE_TYPED_MAPPING,CONNECTED,5,True,False,True,False,False,False,False,False,False
food101,82,ravioli,food101-category:82,taxonomy,VERIFIED_DATASET_CATEGORY,False,True,SOURCE_TYPED_MAPPING,CONNECTED,7,True,False,True,False,False,False,False,False,False
food101,83,red_velvet_cake,food101-category:83,taxonomy,VERIFIED_DATASET_CATEGORY,False,True,SOURCE_TYPED_MAPPING,CONNECTED,5,True,False,True,False,False,False,False,False,False
food101,84,risotto,food101-category:84,taxonomy,VERIFIED_DATASET_CATEGORY,False,True,SOURCE_TYPED_MAPPING,CONNECTED,8,True,False,True,False,False,False,False,False,False
food101,85,samosa,food101-category:85,taxonomy,VERIFIED_DATASET_CATEGORY,False,True,SOURCE_TYPED_MAPPING,CONNECTED,9,True,False,True,False,False,False,False,False,False
food101,86,sashimi,food101-category:86,taxonomy,VERIFIED_DATASET_CATEGORY,False,True,SOURCE_TYPED_MAPPING,CONNECTED,8,True,False,True,False,False,False,False,False,False
food101,87,scallops,food101-category:87,taxonomy,VERIFIED_DATASET_CATEGORY,False,True,SOURCE_TYPED_MAPPING,CONNECTED,5,True,False,True,False,False,False,False,False,False
food101,88,seaweed_salad,food101-category:88,taxonomy,VERIFIED_DATASET_CATEGORY,False,True,SOURCE_TYPED_MAPPING,CONNECTED,5,True,False,True,False,False,False,False,False,False
food101,89,shrimp_and_grits,food101-category:89,taxonomy,VERIFIED_DATASET_CATEGORY,False,True,SOURCE_TYPED_MAPPING,CONNECTED,5,True,False,True,False,False,False,False,False,False
food101,90,spaghetti_bolognese,food101-category:90,taxonomy,VERIFIED_DATASET_CATEGORY,False,True,SOURCE_TYPED_MAPPING,CONNECTED,5,True,False,True,False,False,False,False,False,False
food101,91,spaghetti_carbonara,food101-category:91,taxonomy,VERIFIED_DATASET_CATEGORY,False,True,SOURCE_TYPED_MAPPING,CONNECTED,5,True,False,True,False,False,False,False,False,False
food101,92,spring_rolls,food101-category:92,taxonomy,VERIFIED_DATASET_CATEGORY,False,True,SOURCE_TYPED_MAPPING,CONNECTED,5,True,False,True,False,False,False,False,False,False
food101,93,steak,food101-category:93,taxonomy,VERIFIED_DATASET_CATEGORY,False,True,SOURCE_TYPED_MAPPING,CONNECTED,8,True,False,True,False,False,False,False,False,False
food101,94,strawberry_shortcake,food101-category:94,taxonomy,VERIFIED_DATASET_CATEGORY,False,True,SOURCE_TYPED_MAPPING,CONNECTED,5,True,False,True,False,False,False,False,False,False
food101,95,sushi,food101-category:95,taxonomy,VERIFIED_DATASET_CATEGORY,False,True,SOURCE_TYPED_MAPPING,CONNECTED,8,True,False,True,False,False,False,False,False,False
food101,96,tacos,food101-category:96,taxonomy,VERIFIED_DATASET_CATEGORY,False,True,SOURCE_TYPED_MAPPING,CONNECTED,5,True,False,True,False,False,False,False,False,False
food101,97,takoyaki,food101-category:97,taxonomy,VERIFIED_DATASET_CATEGORY,False,True,SOURCE_TYPED_MAPPING,CONNECTED,5,True,False,True,False,False,False,False,False,False
food101,98,tiramisu,food101-category:98,taxonomy,VERIFIED_DATASET_CATEGORY,False,True,SOURCE_TYPED_MAPPING,CONNECTED,9,True,False,True,False,False,False,False,False,False
food101,99,tuna_tartare,food101-category:99,taxonomy,VERIFIED_DATASET_CATEGORY,False,True,SOURCE_TYPED_MAPPING,CONNECTED,5,True,False,True,False,False,False,False,False,False
food101,100,waffles,food101-category:100,taxonomy,VERIFIED_DATASET_CATEGORY,False,True,SOURCE_TYPED_MAPPING,CONNECTED,5,True,False,True,False,False,False,False,False,False
pets37,1,Abyssinian,wikidata-v4:Q7955,taxonomy,VERIFIED,True,True,EXACT_IDENTITY,CONNECTED,9,True,True,True,False,False,False,False,False,False
pets37,2,american bulldog,wikidata-v4:Q37604,taxonomy,VERIFIED,True,True,EXACT_IDENTITY,CONNECTED,9,True,True,True,False,False,False,False,False,False
pets37,3,american pit bull terrier,wikidata-v4:Q37612,taxonomy,VERIFIED,True,True,EXACT_IDENTITY,CONNECTED,9,True,True,True,False,False,False,False,False,False
pets37,4,basset hound,wordnet31:02090890-n,taxonomy,VERIFIED,True,True,EXACT_IDENTITY,CONNECTED,11,True,True,True,False,False,False,False,False,False
pets37,5,beagle,wikidata-v4:Q21102,taxonomy,VERIFIED,True,True,EXACT_IDENTITY,CONNECTED,9,True,True,True,False,False,False,False,False,False
pets37,6,Bengal,wikidata:Q42583,taxonomy,VERIFIED,True,True,EXACT_IDENTITY,CONNECTED,9,True,True,True,False,False,False,False,False,False
pets37,7,Birman,wikidata-v4:Q42563,taxonomy,VERIFIED,True,True,EXACT_IDENTITY,CONNECTED,9,True,True,True,False,False,False,False,False,False
pets37,8,Bombay,wikidata-v4:Q42566,taxonomy,VERIFIED,True,True,EXACT_IDENTITY,CONNECTED,14,True,True,True,False,False,False,False,False,False
pets37,9,boxer,wikidata-v4:Q38496,taxonomy,VERIFIED,True,True,EXACT_IDENTITY,CONNECTED,9,True,True,True,False,False,False,False,False,False
pets37,10,British Shorthair,wikidata-v4:Q29273,taxonomy,VERIFIED,True,True,EXACT_IDENTITY,CONNECTED,14,True,True,True,False,False,False,False,False,False
pets37,11,chihuahua,wikidata-v4:Q653,taxonomy,VERIFIED,True,True,EXACT_IDENTITY,CONNECTED,9,True,True,True,False,False,False,False,False,False
pets37,12,Egyptian Mau,wikidata-v4:Q7295,taxonomy,VERIFIED,True,True,EXACT_IDENTITY,CONNECTED,17,True,True,True,False,False,False,False,False,False
pets37,13,english cocker spaniel,wikidata-v4:Q38533,taxonomy,VERIFIED,True,True,EXACT_IDENTITY,CONNECTED,9,True,True,True,False,False,False,False,False,False
pets37,14,english setter,wikidata-v4:Q38309,taxonomy,VERIFIED,True,True,EXACT_IDENTITY,CONNECTED,9,True,True,True,False,False,False,False,False,False
pets37,15,german shorthaired,wikidata-v4:Q38084,taxonomy,VERIFIED,True,True,EXACT_IDENTITY,CONNECTED,9,True,True,True,False,False,False,False,False,False
pets37,16,great pyrenees,wordnet31:02114152-n,taxonomy,VERIFIED,True,True,EXACT_IDENTITY,CONNECTED,9,True,True,True,False,False,False,False,False,False
pets37,17,havanese,wikidata-v4:Q38449,taxonomy,VERIFIED,True,True,EXACT_IDENTITY,CONNECTED,9,True,True,True,False,False,False,False,False,False
pets37,18,japanese chin,wikidata-v4:Q38146,taxonomy,VERIFIED,True,True,EXACT_IDENTITY,CONNECTED,9,True,True,True,False,False,False,False,False,False
pets37,19,keeshond,wikidata-v4:Q38843,taxonomy,VERIFIED,True,True,EXACT_IDENTITY,CONNECTED,9,True,True,True,False,False,False,False,False,False
pets37,20,leonberger,wikidata-v4:Q38487,taxonomy,VERIFIED,True,True,EXACT_IDENTITY,CONNECTED,9,True,True,True,False,False,False,False,False,False
pets37,21,Maine Coon,wikidata-v4:Q42659,taxonomy,VERIFIED,True,True,EXACT_IDENTITY,CONNECTED,14,True,True,True,False,False,False,False,False,False
pets37,22,miniature pinscher,wikidata-v4:Q38990,taxonomy,VERIFIED,True,True,EXACT_IDENTITY,CONNECTED,9,True,True,True,False,False,False,False,False,False
pets37,23,newfoundland,wordnet31:02113929-n,taxonomy,VERIFIED,True,True,EXACT_IDENTITY,CONNECTED,9,True,True,True,False,False,False,False,False,False
pets37,24,Persian,wikidata-v4:Q42610,taxonomy,VERIFIED,True,True,EXACT_IDENTITY,CONNECTED,14,True,True,True,False,False,False,False,False,False
pets37,25,pomeranian,wordnet31:02114670-n,taxonomy,VERIFIED,True,True,EXACT_IDENTITY,CONNECTED,10,True,True,True,False,False,False,False,False,False
pets37,26,pug,wikidata-v4:Q38698,taxonomy,VERIFIED,True,True,EXACT_IDENTITY,CONNECTED,9,True,True,True,False,False,False,False,False,False
pets37,27,Ragdoll,wikidata-v4:Q42688,taxonomy,VERIFIED,True,True,EXACT_IDENTITY,CONNECTED,9,True,True,True,False,False,False,False,False,False
pets37,28,Russian Blue,wikidata-v4:Q42654,taxonomy,VERIFIED,True,True,EXACT_IDENTITY,CONNECTED,14,True,True,True,False,False,False,False,False,False
pets37,29,saint bernard,wikidata:Q38090,taxonomy,VERIFIED,True,True,EXACT_IDENTITY,CONNECTED,9,True,True,True,False,False,False,False,False,False
pets37,30,samoyed,wikidata-v4:Q39002,taxonomy,VERIFIED,True,True,EXACT_IDENTITY,CONNECTED,9,True,True,True,False,False,False,False,False,False
pets37,31,scottish terrier,wikidata-v4:Q39035,taxonomy,VERIFIED,True,True,EXACT_IDENTITY,CONNECTED,9,True,True,True,False,False,False,False,False,False
pets37,32,shiba inu,wikidata-v4:Q39315,taxonomy,VERIFIED,True,True,EXACT_IDENTITY,CONNECTED,9,True,True,True,False,False,False,False,False,False
pets37,33,Siamese,wikidata-v4:Q42604,taxonomy,VERIFIED,True,True,EXACT_IDENTITY,CONNECTED,14,True,True,True,False,False,False,False,False,False
pets37,34,Sphynx,wikidata-v4:Q42712,taxonomy,VERIFIED,True,True,EXACT_IDENTITY,CONNECTED,14,True,True,True,False,False,False,False,False,False
pets37,35,staffordshire bull terrier,wordnet31:02095908-n,taxonomy,VERIFIED,True,True,EXACT_IDENTITY,CONNECTED,12,True,True,True,False,False,False,False,False,False
pets37,36,wheaten terrier,wikidata-v4:Q38047,taxonomy,VERIFIED,True,True,EXACT_IDENTITY,CONNECTED,9,True,True,True,False,False,False,False,False,False
pets37,37,yorkshire terrier,wikidata-v4:Q39330,taxonomy,VERIFIED,True,True,EXACT_IDENTITY,CONNECTED,9,True,True,True,False,False,False,False,False,False
places365,0,airfield,places365-category:0,taxonomy,VERIFIED_DEPICTED_TYPE,False,True,SOURCE_TYPED_MAPPING,CONNECTED,7,True,False,True,False,False,False,False,False,False
places365,1,airplane_cabin,places365-category:1,taxonomy,NATIVE_LABEL_ONLY,False,False,NATIVE_LABEL_ONLY,NOT_ADMITTED,,True,False,False,False,False,False,False,False,False
places365,2,airport_terminal,places365-category:2,taxonomy,VERIFIED_DEPICTED_TYPE,False,True,SOURCE_TYPED_MAPPING,CONNECTED,9,True,False,True,False,False,False,False,False,False
places365,3,alcove,places365-category:3,taxonomy,VERIFIED_DEPICTED_TYPE,False,True,SOURCE_TYPED_MAPPING,CONNECTED,10,True,False,True,False,False,False,False,False,False
places365,4,alley,places365-category:4,taxonomy,NATIVE_LABEL_ONLY,False,False,NATIVE_LABEL_ONLY,NOT_ADMITTED,,True,False,False,False,False,False,False,False,False
places365,5,amphitheater,places365-category:5,taxonomy,NATIVE_LABEL_ONLY,False,False,NATIVE_LABEL_ONLY,NOT_ADMITTED,,True,False,False,False,False,False,False,False,False
places365,6,amusement_arcade,places365-category:6,taxonomy,VERIFIED_DEPICTED_TYPE,False,True,SOURCE_TYPED_MAPPING,CONNECTED,10,True,False,True,False,False,False,False,False,False
places365,7,amusement_park,places365-category:7,taxonomy,VERIFIED_DEPICTED_TYPE,False,True,SOURCE_TYPED_MAPPING,CONNECTED,9,True,False,True,False,False,False,False,False,False
places365,8,apartment_building/outdoor,places365-category:8,taxonomy,VERIFIED_DEPICTED_TYPE,False,True,SOURCE_TYPED_MAPPING,CONNECTED,8,True,False,True,False,False,False,False,False,False
places365,9,aquarium,places365-category:9,taxonomy,VERIFIED_DEPICTED_TYPE,False,True,SOURCE_TYPED_MAPPING,CONNECTED,10,True,False,True,False,False,False,False,False,False
places365,10,aqueduct,places365-category:10,taxonomy,VERIFIED_DEPICTED_TYPE,False,True,SOURCE_TYPED_MAPPING,CONNECTED,9,True,False,True,False,False,False,False,False,False
places365,11,arcade,places365-category:11,taxonomy,NATIVE_LABEL_ONLY,False,False,NATIVE_LABEL_ONLY,NOT_ADMITTED,,True,False,False,False,False,False,False,False,False
places365,12,arch,places365-category:12,taxonomy,NATIVE_LABEL_ONLY,False,False,NATIVE_LABEL_ONLY,NOT_ADMITTED,,True,False,False,False,False,False,False,False,False
places365,13,archaelogical_excavation,places365-category:13,taxonomy,NATIVE_LABEL_ONLY,False,False,NATIVE_LABEL_ONLY,NOT_ADMITTED,,True,False,False,False,False,False,False,False,False
places365,14,archive,places365-category:14,taxonomy,VERIFIED_DEPICTED_TYPE,False,True,SOURCE_TYPED_MAPPING,CONNECTED,8,True,False,True,False,False,False,False,False,False
places365,15,arena/hockey,places365-category:15,taxonomy,NATIVE_LABEL_ONLY,False,False,NATIVE_LABEL_ONLY,NOT_ADMITTED,,True,False,False,False,False,False,False,False,False
places365,16,arena/performance,places365-category:16,taxonomy,NATIVE_LABEL_ONLY,False,False,NATIVE_LABEL_ONLY,NOT_ADMITTED,,True,False,False,False,False,False,False,False,False
places365,17,arena/rodeo,places365-category:17,taxonomy,NATIVE_LABEL_ONLY,False,False,NATIVE_LABEL_ONLY,NOT_ADMITTED,,True,False,False,False,False,False,False,False,False
places365,18,army_base,places365-category:18,taxonomy,VERIFIED_DEPICTED_TYPE,False,True,SOURCE_TYPED_MAPPING,CONNECTED,9,True,False,True,False,False,False,False,False,False
places365,19,art_gallery,places365-category:19,taxonomy,VERIFIED_DEPICTED_TYPE,False,True,SOURCE_TYPED_MAPPING,CONNECTED,9,True,False,True,False,False,False,False,False,False
places365,20,art_school,places365-category:20,taxonomy,VERIFIED_DEPICTED_TYPE,False,True,SOURCE_TYPED_MAPPING,CONNECTED,10,True,False,True,False,False,False,False,False,False
places365,21,art_studio,places365-category:21,taxonomy,NATIVE_LABEL_ONLY,False,False,NATIVE_LABEL_ONLY,NOT_ADMITTED,,True,False,False,False,False,False,False,False,False
places365,22,artists_loft,places365-category:22,taxonomy,NATIVE_LABEL_ONLY,False,False,NATIVE_LABEL_ONLY,NOT_ADMITTED,,True,False,False,False,False,False,False,False,False
places365,23,assembly_line,places365-category:23,taxonomy,VERIFIED_DEPICTED_TYPE,False,True,SOURCE_TYPED_MAPPING,CONNECTED,9,True,False,True,False,False,False,False,False,False
places365,24,athletic_field/outdoor,places365-category:24,taxonomy,VERIFIED_DEPICTED_TYPE,False,True,SOURCE_TYPED_MAPPING,CONNECTED,8,True,False,True,False,False,False,False,False,False
places365,25,atrium/public,places365-category:25,taxonomy,NATIVE_LABEL_ONLY,False,False,NATIVE_LABEL_ONLY,NOT_ADMITTED,,True,False,False,False,False,False,False,False,False
places365,26,attic,places365-category:26,taxonomy,NATIVE_LABEL_ONLY,False,False,NATIVE_LABEL_ONLY,NOT_ADMITTED,,True,False,False,False,False,False,False,False,False
places365,27,auditorium,places365-category:27,taxonomy,VERIFIED_DEPICTED_TYPE,False,True,SOURCE_TYPED_MAPPING,CONNECTED,8,True,False,True,False,False,False,False,False,False
places365,28,auto_factory,places365-category:28,taxonomy,VERIFIED_DEPICTED_TYPE,False,True,SOURCE_TYPED_MAPPING,CONNECTED,10,True,False,True,False,False,False,False,False,False
places365,29,auto_showroom,places365-category:29,taxonomy,NATIVE_LABEL_ONLY,False,False,NATIVE_LABEL_ONLY,NOT_ADMITTED,,True,False,False,False,False,False,False,False,False
places365,30,badlands,places365-category:30,taxonomy,VERIFIED_DEPICTED_TYPE,False,True,SOURCE_TYPED_MAPPING,CONNECTED,5,True,False,True,False,False,False,False,False,False
places365,31,bakery/shop,places365-category:31,taxonomy,VERIFIED_DEPICTED_TYPE,False,True,SOURCE_TYPED_MAPPING,CONNECTED,8,True,False,True,False,False,False,False,False,False
places365,32,balcony/exterior,places365-category:32,taxonomy,NATIVE_LABEL_ONLY,False,False,NATIVE_LABEL_ONLY,NOT_ADMITTED,,True,False,False,False,False,False,False,False,False
places365,33,balcony/interior,places365-category:33,taxonomy,NATIVE_LABEL_ONLY,False,False,NATIVE_LABEL_ONLY,NOT_ADMITTED,,True,False,False,False,False,False,False,False,False
places365,34,ball_pit,places365-category:34,taxonomy,NATIVE_LABEL_ONLY,False,False,NATIVE_LABEL_ONLY,NOT_ADMITTED,,True,False,False,False,False,False,False,False,False
places365,35,ballroom,places365-category:35,taxonomy,VERIFIED_DEPICTED_TYPE,False,True,SOURCE_TYPED_MAPPING,CONNECTED,9,True,False,True,False,False,False,False,False,False
places365,36,bamboo_forest,places365-category:36,taxonomy,NATIVE_LABEL_ONLY,False,False,NATIVE_LABEL_ONLY,NOT_ADMITTED,,True,False,False,False,False,False,False,False,False
places365,37,bank_vault,places365-category:37,taxonomy,VERIFIED_DEPICTED_TYPE,False,True,SOURCE_TYPED_MAPPING,CONNECTED,11,True,False,True,False,False,False,False,False,False
places365,38,banquet_hall,places365-category:38,taxonomy,NATIVE_LABEL_ONLY,False,False,NATIVE_LABEL_ONLY,NOT_ADMITTED,,True,False,False,False,False,False,False,False,False
places365,39,bar,places365-category:39,taxonomy,NATIVE_LABEL_ONLY,False,False,NATIVE_LABEL_ONLY,NOT_ADMITTED,,True,False,False,False,False,False,False,False,False
places365,40,barn,places365-category:40,taxonomy,VERIFIED_DEPICTED_TYPE,False,True,SOURCE_TYPED_MAPPING,CONNECTED,9,True,False,True,False,False,False,False,False,False
places365,41,barndoor,places365-category:41,taxonomy,VERIFIED_DEPICTED_TYPE,False,True,SOURCE_TYPED_MAPPING,CONNECTED,8,True,False,True,False,False,False,False,False,False
places365,42,baseball_field,places365-category:42,taxonomy,VERIFIED_DEPICTED_TYPE,False,True,SOURCE_TYPED_MAPPING,CONNECTED,9,True,False,True,False,False,False,False,False,False
places365,43,basement,places365-category:43,taxonomy,NATIVE_LABEL_ONLY,False,False,NATIVE_LABEL_ONLY,NOT_ADMITTED,,True,False,False,False,False,False,False,False,False
places365,44,basketball_court/indoor,places365-category:44,taxonomy,VERIFIED_DEPICTED_TYPE,False,True,SOURCE_TYPED_MAPPING,CONNECTED,10,True,False,True,False,False,False,False,False,False
places365,45,bathroom,places365-category:45,taxonomy,NATIVE_LABEL_ONLY,False,False,NATIVE_LABEL_ONLY,NOT_ADMITTED,,True,False,False,False,False,False,False,False,False
places365,46,bazaar/indoor,places365-category:46,taxonomy,NATIVE_LABEL_ONLY,False,False,NATIVE_LABEL_ONLY,NOT_ADMITTED,,True,False,False,False,False,False,False,False,False
places365,47,bazaar/outdoor,places365-category:47,taxonomy,NATIVE_LABEL_ONLY,False,False,NATIVE_LABEL_ONLY,NOT_ADMITTED,,True,False,False,False,False,False,False,False,False
places365,48,beach,places365-category:48,taxonomy,VERIFIED_DEPICTED_TYPE,False,True,SOURCE_TYPED_MAPPING,CONNECTED,5,True,False,True,False,False,False,False,False,False
places365,49,beach_house,places365-category:49,taxonomy,VERIFIED_DEPICTED_TYPE,False,True,SOURCE_TYPED_MAPPING,CONNECTED,9,True,False,True,False,False,False,False,False,False
places365,50,beauty_salon,places365-category:50,taxonomy,VERIFIED_DEPICTED_TYPE,False,True,SOURCE_TYPED_MAPPING,CONNECTED,11,True,False,True,False,False,False,False,False,False
places365,51,bedchamber,places365-category:51,taxonomy,VERIFIED_DEPICTED_TYPE,False,True,SOURCE_TYPED_MAPPING,CONNECTED,9,True,False,True,False,False,False,False,False,False
places365,52,bedroom,places365-category:52,taxonomy,VERIFIED_DEPICTED_TYPE,False,True,SOURCE_TYPED_MAPPING,CONNECTED,9,True,False,True,False,False,False,False,False,False
places365,53,beer_garden,places365-category:53,taxonomy,VERIFIED_DEPICTED_TYPE,False,True,SOURCE_TYPED_MAPPING,CONNECTED,9,True,False,True,False,False,False,False,False,False
places365,54,beer_hall,places365-category:54,taxonomy,VERIFIED_DEPICTED_TYPE,False,True,SOURCE_TYPED_MAPPING,CONNECTED,10,True,False,True,False,False,False,False,False,False
places365,55,berth,places365-category:55,taxonomy,NATIVE_LABEL_ONLY,False,False,NATIVE_LABEL_ONLY,NOT_ADMITTED,,True,False,False,False,False,False,False,False,False
places365,56,biology_laboratory,places365-category:56,taxonomy,VERIFIED_DEPICTED_TYPE,False,True,SOURCE_TYPED_MAPPING,CONNECTED,9,True,False,True,False,False,False,False,False,False
places365,57,boardwalk,places365-category:57,taxonomy,VERIFIED_DEPICTED_TYPE,False,True,SOURCE_TYPED_MAPPING,CONNECTED,9,True,False,True,False,False,False,False,False,False
places365,58,boat_deck,places365-category:58,taxonomy,VERIFIED_DEPICTED_TYPE,False,True,SOURCE_TYPED_MAPPING,CONNECTED,11,True,False,True,False,False,False,False,False,False
places365,59,boathouse,places365-category:59,taxonomy,VERIFIED_DEPICTED_TYPE,False,True,SOURCE_TYPED_MAPPING,CONNECTED,10,True,False,True,False,False,False,False,False,False
places365,60,bookstore,places365-category:60,taxonomy,VERIFIED_DEPICTED_TYPE,False,True,SOURCE_TYPED_MAPPING,CONNECTED,11,True,False,True,False,False,False,False,False,False
places365,61,booth/indoor,places365-category:61,taxonomy,NATIVE_LABEL_ONLY,False,False,NATIVE_LABEL_ONLY,NOT_ADMITTED,,True,False,False,False,False,False,False,False,False
places365,62,botanical_garden,places365-category:62,taxonomy,VERIFIED_DEPICTED_TYPE,False,True,SOURCE_TYPED_MAPPING,CONNECTED,7,True,False,True,False,False,False,False,False,False
places365,63,bow_window/indoor,places365-category:63,taxonomy,VERIFIED_DEPICTED_TYPE,False,True,SOURCE_TYPED_MAPPING,CONNECTED,10,True,False,True,False,False,False,False,False,False
places365,64,bowling_alley,places365-category:64,taxonomy,NATIVE_LABEL_ONLY,False,False,NATIVE_LABEL_ONLY,NOT_ADMITTED,,True,False,False,False,False,False,False,False,False
places365,65,boxing_ring,places365-category:65,taxonomy,VERIFIED_DEPICTED_TYPE,False,True,SOURCE_TYPED_MAPPING,CONNECTED,10,True,False,True,False,False,False,False,False,False
places365,66,bridge,places365-category:66,taxonomy,NATIVE_LABEL_ONLY,False,False,NATIVE_LABEL_ONLY,NOT_ADMITTED,,True,False,False,False,False,False,False,False,False
places365,67,building_facade,places365-category:67,taxonomy,NATIVE_LABEL_ONLY,False,False,NATIVE_LABEL_ONLY,NOT_ADMITTED,,True,False,False,False,False,False,False,False,False
places365,68,bullring,places365-category:68,taxonomy,VERIFIED_DEPICTED_TYPE,False,True,SOURCE_TYPED_MAPPING,CONNECTED,8,True,False,True,False,False,False,False,False,False
places365,69,burial_chamber,places365-category:69,taxonomy,VERIFIED_DEPICTED_TYPE,False,True,SOURCE_TYPED_MAPPING,CONNECTED,8,True,False,True,False,False,False,False,False,False
places365,70,bus_interior,places365-category:70,taxonomy,NATIVE_LABEL_ONLY,False,False,NATIVE_LABEL_ONLY,NOT_ADMITTED,,True,False,False,False,False,False,False,False,False
places365,71,bus_station/indoor,places365-category:71,taxonomy,VERIFIED_DEPICTED_TYPE,False,True,SOURCE_TYPED_MAPPING,CONNECTED,9,True,False,True,False,False,False,False,False,False
places365,72,butchers_shop,places365-category:72,taxonomy,NATIVE_LABEL_ONLY,False,False,NATIVE_LABEL_ONLY,NOT_ADMITTED,,True,False,False,False,False,False,False,False,False
places365,73,butte,places365-category:73,taxonomy,VERIFIED_DEPICTED_TYPE,False,True,SOURCE_TYPED_MAPPING,CONNECTED,7,True,False,True,False,False,False,False,False,False
places365,74,cabin/outdoor,places365-category:74,taxonomy,NATIVE_LABEL_ONLY,False,False,NATIVE_LABEL_ONLY,NOT_ADMITTED,,True,False,False,False,False,False,False,False,False
places365,75,cafeteria,places365-category:75,taxonomy,VERIFIED_DEPICTED_TYPE,False,True,SOURCE_TYPED_MAPPING,CONNECTED,9,True,False,True,False,False,False,False,False,False
places365,76,campsite,places365-category:76,taxonomy,VERIFIED_DEPICTED_TYPE,False,True,SOURCE_TYPED_MAPPING,CONNECTED,9,True,False,True,False,False,False,False,False,False
places365,77,campus,places365-category:77,taxonomy,VERIFIED_DEPICTED_TYPE,False,True,SOURCE_TYPED_MAPPING,CONNECTED,9,True,False,True,False,False,False,False,False,False
places365,78,canal/natural,places365-category:78,taxonomy,NATIVE_LABEL_ONLY,False,False,NATIVE_LABEL_ONLY,NOT_ADMITTED,,True,False,False,False,False,False,False,False,False
places365,79,canal/urban,places365-category:79,taxonomy,NATIVE_LABEL_ONLY,False,False,NATIVE_LABEL_ONLY,NOT_ADMITTED,,True,False,False,False,False,False,False,False,False
places365,80,candy_store,places365-category:80,taxonomy,VERIFIED_DEPICTED_TYPE,False,True,SOURCE_TYPED_MAPPING,CONNECTED,11,True,False,True,False,False,False,False,False,False
places365,81,canyon,places365-category:81,taxonomy,VERIFIED_DEPICTED_TYPE,False,True,SOURCE_TYPED_MAPPING,CONNECTED,8,True,False,True,False,False,False,False,False,False
places365,82,car_interior,places365-category:82,taxonomy,NATIVE_LABEL_ONLY,False,False,NATIVE_LABEL_ONLY,NOT_ADMITTED,,True,False,False,False,False,False,False,False,False
places365,83,carrousel,places365-category:83,taxonomy,VERIFIED_DEPICTED_TYPE,False,True,SOURCE_TYPED_MAPPING,CONNECTED,11,True,False,True,False,False,False,False,False,False
places365,84,castle,places365-category:84,taxonomy,NATIVE_LABEL_ONLY,False,False,NATIVE_LABEL_ONLY,NOT_ADMITTED,,True,False,False,False,False,False,False,False,False
places365,85,catacomb,places365-category:85,taxonomy,VERIFIED_DEPICTED_TYPE,False,True,SOURCE_TYPED_MAPPING,CONNECTED,10,True,False,True,False,False,False,False,False,False
places365,86,cemetery,places365-category:86,taxonomy,VERIFIED_DEPICTED_TYPE,False,True,SOURCE_TYPED_MAPPING,CONNECTED,9,True,False,True,False,False,False,False,False,False
places365,87,chalet,places365-category:87,taxonomy,VERIFIED_DEPICTED_TYPE,False,True,SOURCE_TYPED_MAPPING,CONNECTED,9,True,False,True,False,False,False,False,False,False
places365,88,chemistry_lab,places365-category:88,taxonomy,VERIFIED_DEPICTED_TYPE,False,True,SOURCE_TYPED_MAPPING,CONNECTED,9,True,False,True,False,False,False,False,False,False
places365,89,childs_room,places365-category:89,taxonomy,NATIVE_LABEL_ONLY,False,False,NATIVE_LABEL_ONLY,NOT_ADMITTED,,True,False,False,False,False,False,False,False,False
places365,90,church/indoor,places365-category:90,taxonomy,VERIFIED_DEPICTED_TYPE,False,True,SOURCE_TYPED_MAPPING,CONNECTED,9,True,False,True,False,False,False,False,False,False
places365,91,church/outdoor,places365-category:91,taxonomy,VERIFIED_DEPICTED_TYPE,False,True,SOURCE_TYPED_MAPPING,CONNECTED,9,True,False,True,False,False,False,False,False,False
places365,92,classroom,places365-category:92,taxonomy,VERIFIED_DEPICTED_TYPE,False,True,SOURCE_TYPED_MAPPING,CONNECTED,9,True,False,True,False,False,False,False,False,False
places365,93,clean_room,places365-category:93,taxonomy,VERIFIED_DEPICTED_TYPE,False,True,SOURCE_TYPED_MAPPING,CONNECTED,9,True,False,True,False,False,False,False,False,False
places365,94,cliff,places365-category:94,taxonomy,VERIFIED_DEPICTED_TYPE,False,True,SOURCE_TYPED_MAPPING,CONNECTED,5,True,False,True,False,False,False,False,False,False
places365,95,closet,places365-category:95,taxonomy,NATIVE_LABEL_ONLY,False,False,NATIVE_LABEL_ONLY,NOT_ADMITTED,,True,False,False,False,False,False,False,False,False
places365,96,clothing_store,places365-category:96,taxonomy,VERIFIED_DEPICTED_TYPE,False,True,SOURCE_TYPED_MAPPING,CONNECTED,11,True,False,True,False,False,False,False,False,False
places365,97,coast,places365-category:97,taxonomy,NATIVE_LABEL_ONLY,False,False,NATIVE_LABEL_ONLY,NOT_ADMITTED,,True,False,False,False,False,False,False,False,False
places365,98,cockpit,places365-category:98,taxonomy,NATIVE_LABEL_ONLY,False,False,NATIVE_LABEL_ONLY,NOT_ADMITTED,,True,False,False,False,False,False,False,False,False
places365,99,coffee_shop,places365-category:99,taxonomy,VERIFIED_DEPICTED_TYPE,False,True,SOURCE_TYPED_MAPPING,CONNECTED,9,True,False,True,False,False,False,False,False,False
places365,100,computer_room,places365-category:100,taxonomy,NATIVE_LABEL_ONLY,False,False,NATIVE_LABEL_ONLY,NOT_ADMITTED,,True,False,False,False,False,False,False,False,False
places365,101,conference_center,places365-category:101,taxonomy,VERIFIED_DEPICTED_TYPE,False,True,SOURCE_TYPED_MAPPING,CONNECTED,9,True,False,True,False,False,False,False,False,False
places365,102,conference_room,places365-category:102,taxonomy,VERIFIED_DEPICTED_TYPE,False,True,SOURCE_TYPED_MAPPING,CONNECTED,9,True,False,True,False,False,False,False,False,False
places365,103,construction_site,places365-category:103,taxonomy,NATIVE_LABEL_ONLY,False,False,NATIVE_LABEL_ONLY,NOT_ADMITTED,,True,False,False,False,False,False,False,False,False
places365,104,corn_field,places365-category:104,taxonomy,VERIFIED_DEPICTED_TYPE,False,True,SOURCE_TYPED_MAPPING,CONNECTED,10,True,False,True,False,False,False,False,False,False
places365,105,corral,places365-category:105,taxonomy,VERIFIED_DEPICTED_TYPE,False,True,SOURCE_TYPED_MAPPING,CONNECTED,10,True,False,True,False,False,False,False,False,False
places365,106,corridor,places365-category:106,taxonomy,VERIFIED_DEPICTED_TYPE,False,True,SOURCE_TYPED_MAPPING,CONNECTED,9,True,False,True,False,False,False,False,False,False
places365,107,cottage,places365-category:107,taxonomy,VERIFIED_DEPICTED_TYPE,False,True,SOURCE_TYPED_MAPPING,CONNECTED,9,True,False,True,False,False,False,False,False,False
places365,108,courthouse,places365-category:108,taxonomy,NATIVE_LABEL_ONLY,False,False,NATIVE_LABEL_ONLY,NOT_ADMITTED,,True,False,False,False,False,False,False,False,False
places365,109,courtyard,places365-category:109,taxonomy,VERIFIED_DEPICTED_TYPE,False,True,SOURCE_TYPED_MAPPING,CONNECTED,8,True,False,True,False,False,False,False,False,False
places365,110,creek,places365-category:110,taxonomy,NATIVE_LABEL_ONLY,False,False,NATIVE_LABEL_ONLY,NOT_ADMITTED,,True,False,False,False,False,False,False,False,False
places365,111,crevasse,places365-category:111,taxonomy,VERIFIED_DEPICTED_TYPE,False,True,SOURCE_TYPED_MAPPING,CONNECTED,8,True,False,True,False,False,False,False,False,False
places365,112,crosswalk,places365-category:112,taxonomy,VERIFIED_DEPICTED_TYPE,False,True,SOURCE_TYPED_MAPPING,CONNECTED,8,True,False,True,False,False,False,False,False,False
places365,113,dam,places365-category:113,taxonomy,NATIVE_LABEL_ONLY,False,False,NATIVE_LABEL_ONLY,NOT_ADMITTED,,True,False,False,False,False,False,False,False,False
places365,114,delicatessen,places365-category:114,taxonomy,NATIVE_LABEL_ONLY,False,False,NATIVE_LABEL_ONLY,NOT_ADMITTED,,True,False,False,False,False,False,False,False,False
places365,115,department_store,places365-category:115,taxonomy,VERIFIED_DEPICTED_TYPE,False,True,SOURCE_TYPED_MAPPING,CONNECTED,10,True,False,True,False,False,False,False,False,False
places365,116,desert/sand,places365-category:116,taxonomy,VERIFIED_DEPICTED_TYPE,False,True,SOURCE_TYPED_MAPPING,CONNECTED,6,True,False,True,False,False,False,False,False,False
places365,117,desert/vegetation,places365-category:117,taxonomy,VERIFIED_DEPICTED_TYPE,False,True,SOURCE_TYPED_MAPPING,CONNECTED,6,True,False,True,False,False,False,False,False,False
places365,118,desert_road,places365-category:118,taxonomy,NATIVE_LABEL_ONLY,False,False,NATIVE_LABEL_ONLY,NOT_ADMITTED,,True,False,False,False,False,False,False,False,False
places365,119,diner/outdoor,places365-category:119,taxonomy,NATIVE_LABEL_ONLY,False,False,NATIVE_LABEL_ONLY,NOT_ADMITTED,,True,False,False,False,False,False,False,False,False
places365,120,dining_hall,places365-category:120,taxonomy,VERIFIED_DEPICTED_TYPE,False,True,SOURCE_TYPED_MAPPING,CONNECTED,10,True,False,True,False,False,False,False,False,False
places365,121,dining_room,places365-category:121,taxonomy,VERIFIED_DEPICTED_TYPE,False,True,SOURCE_TYPED_MAPPING,CONNECTED,9,True,False,True,False,False,False,False,False,False
places365,122,discotheque,places365-category:122,taxonomy,VERIFIED_DEPICTED_TYPE,False,True,SOURCE_TYPED_MAPPING,CONNECTED,10,True,False,True,False,False,False,False,False,False
places365,123,doorway/outdoor,places365-category:123,taxonomy,VERIFIED_DEPICTED_TYPE,False,True,SOURCE_TYPED_MAPPING,CONNECTED,9,True,False,True,False,False,False,False,False,False
places365,124,dorm_room,places365-category:124,taxonomy,VERIFIED_DEPICTED_TYPE,False,True,SOURCE_TYPED_MAPPING,CONNECTED,10,True,False,True,False,False,False,False,False,False
places365,125,downtown,places365-category:125,taxonomy,VERIFIED_DEPICTED_TYPE,False,True,SOURCE_TYPED_MAPPING,CONNECTED,8,True,False,True,False,False,False,False,False,False
places365,126,dressing_room,places365-category:126,taxonomy,VERIFIED_DEPICTED_TYPE,False,True,SOURCE_TYPED_MAPPING,CONNECTED,9,True,False,True,False,False,False,False,False,False
places365,127,driveway,places365-category:127,taxonomy,VERIFIED_DEPICTED_TYPE,False,True,SOURCE_TYPED_MAPPING,CONNECTED,8,True,False,True,False,False,False,False,False,False
places365,128,drugstore,places365-category:128,taxonomy,VERIFIED_DEPICTED_TYPE,False,True,SOURCE_TYPED_MAPPING,CONNECTED,11,True,False,True,False,False,False,False,False,False
places365,129,elevator/door,places365-category:129,taxonomy,NATIVE_LABEL_ONLY,False,False,NATIVE_LABEL_ONLY,NOT_ADMITTED,,True,False,False,False,False,False,False,False,False
places365,130,elevator_lobby,places365-category:130,taxonomy,NATIVE_LABEL_ONLY,False,False,NATIVE_LABEL_ONLY,NOT_ADMITTED,,True,False,False,False,False,False,False,False,False
places365,131,elevator_shaft,places365-category:131,taxonomy,VERIFIED_DEPICTED_TYPE,False,True,SOURCE_TYPED_MAPPING,CONNECTED,10,True,False,True,False,False,False,False,False,False
places365,132,embassy,places365-category:132,taxonomy,VERIFIED_DEPICTED_TYPE,False,True,SOURCE_TYPED_MAPPING,CONNECTED,10,True,False,True,False,False,False,False,False,False
places365,133,engine_room,places365-category:133,taxonomy,VERIFIED_DEPICTED_TYPE,False,True,SOURCE_TYPED_MAPPING,CONNECTED,9,True,False,True,False,False,False,False,False,False
places365,134,entrance_hall,places365-category:134,taxonomy,VERIFIED_DEPICTED_TYPE,False,True,SOURCE_TYPED_MAPPING,CONNECTED,9,True,False,True,False,False,False,False,False,False
places365,135,escalator/indoor,places365-category:135,taxonomy,VERIFIED_DEPICTED_TYPE,False,True,SOURCE_TYPED_MAPPING,CONNECTED,8,True,False,True,False,False,False,False,False,False
places365,136,excavation,places365-category:136,taxonomy,NATIVE_LABEL_ONLY,False,False,NATIVE_LABEL_ONLY,NOT_ADMITTED,,True,False,False,False,False,False,False,False,False
places365,137,fabric_store,places365-category:137,taxonomy,NATIVE_LABEL_ONLY,False,False,NATIVE_LABEL_ONLY,NOT_ADMITTED,,True,False,False,False,False,False,False,False,False
places365,138,farm,places365-category:138,taxonomy,VERIFIED_DEPICTED_TYPE,False,True,SOURCE_TYPED_MAPPING,CONNECTED,8,True,False,True,False,False,False,False,False,False
places365,139,fastfood_restaurant,places365-category:139,taxonomy,NATIVE_LABEL_ONLY,False,False,NATIVE_LABEL_ONLY,NOT_ADMITTED,,True,False,False,False,False,False,False,False,False
places365,140,field/cultivated,places365-category:140,taxonomy,NATIVE_LABEL_ONLY,False,False,NATIVE_LABEL_ONLY,NOT_ADMITTED,,True,False,False,False,False,False,False,False,False
places365,141,field/wild,places365-category:141,taxonomy,NATIVE_LABEL_ONLY,False,False,NATIVE_LABEL_ONLY,NOT_ADMITTED,,True,False,False,False,False,False,False,False,False
places365,142,field_road,places365-category:142,taxonomy,NATIVE_LABEL_ONLY,False,False,NATIVE_LABEL_ONLY,NOT_ADMITTED,,True,False,False,False,False,False,False,False,False
places365,143,fire_escape,places365-category:143,taxonomy,VERIFIED_DEPICTED_TYPE,False,True,SOURCE_TYPED_MAPPING,CONNECTED,8,True,False,True,False,False,False,False,False,False
places365,144,fire_station,places365-category:144,taxonomy,VERIFIED_DEPICTED_TYPE,False,True,SOURCE_TYPED_MAPPING,CONNECTED,8,True,False,True,False,False,False,False,False,False
places365,145,fishpond,places365-category:145,taxonomy,VERIFIED_DEPICTED_TYPE,False,True,SOURCE_TYPED_MAPPING,CONNECTED,7,True,False,True,False,False,False,False,False,False
places365,146,flea_market/indoor,places365-category:146,taxonomy,VERIFIED_DEPICTED_TYPE,False,True,SOURCE_TYPED_MAPPING,CONNECTED,12,True,False,True,False,False,False,False,False,False
places365,147,florist_shop/indoor,places365-category:147,taxonomy,VERIFIED_DEPICTED_TYPE,False,True,SOURCE_TYPED_MAPPING,CONNECTED,11,True,False,True,False,False,False,False,False,False
places365,148,food_court,places365-category:148,taxonomy,VERIFIED_DEPICTED_TYPE,False,True,SOURCE_TYPED_MAPPING,CONNECTED,9,True,False,True,False,False,False,False,False,False
places365,149,football_field,places365-category:149,taxonomy,VERIFIED_DEPICTED_TYPE,False,True,SOURCE_TYPED_MAPPING,CONNECTED,9,True,False,True,False,False,False,False,False,False
places365,150,forest/broadleaf,places365-category:150,taxonomy,VERIFIED_DEPICTED_TYPE,False,True,SOURCE_TYPED_MAPPING,CONNECTED,5,True,False,True,False,False,False,False,False,False
places365,151,forest_path,places365-category:151,taxonomy,NATIVE_LABEL_ONLY,False,False,NATIVE_LABEL_ONLY,NOT_ADMITTED,,True,False,False,False,False,False,False,False,False
places365,152,forest_road,places365-category:152,taxonomy,NATIVE_LABEL_ONLY,False,False,NATIVE_LABEL_ONLY,NOT_ADMITTED,,True,False,False,False,False,False,False,False,False
places365,153,formal_garden,places365-category:153,taxonomy,VERIFIED_DEPICTED_TYPE,False,True,SOURCE_TYPED_MAPPING,CONNECTED,10,True,False,True,False,False,False,False,False,False
places365,154,fountain,places365-category:154,taxonomy,NATIVE_LABEL_ONLY,False,False,NATIVE_LABEL_ONLY,NOT_ADMITTED,,True,False,False,False,False,False,False,False,False
places365,155,galley,places365-category:155,taxonomy,NATIVE_LABEL_ONLY,False,False,NATIVE_LABEL_ONLY,NOT_ADMITTED,,True,False,False,False,False,False,False,False,False
places365,156,garage/indoor,places365-category:156,taxonomy,NATIVE_LABEL_ONLY,False,False,NATIVE_LABEL_ONLY,NOT_ADMITTED,,True,False,False,False,False,False,False,False,False
places365,157,garage/outdoor,places365-category:157,taxonomy,NATIVE_LABEL_ONLY,False,False,NATIVE_LABEL_ONLY,NOT_ADMITTED,,True,False,False,False,False,False,False,False,False
places365,158,gas_station,places365-category:158,taxonomy,VERIFIED_DEPICTED_TYPE,False,True,SOURCE_TYPED_MAPPING,CONNECTED,9,True,False,True,False,False,False,False,False,False
places365,159,gazebo/exterior,places365-category:159,taxonomy,VERIFIED_DEPICTED_TYPE,False,True,SOURCE_TYPED_MAPPING,CONNECTED,8,True,False,True,False,False,False,False,False,False
places365,160,general_store/indoor,places365-category:160,taxonomy,VERIFIED_DEPICTED_TYPE,False,True,SOURCE_TYPED_MAPPING,CONNECTED,10,True,False,True,False,False,False,False,False,False
places365,161,general_store/outdoor,places365-category:161,taxonomy,VERIFIED_DEPICTED_TYPE,False,True,SOURCE_TYPED_MAPPING,CONNECTED,10,True,False,True,False,False,False,False,False,False
places365,162,gift_shop,places365-category:162,taxonomy,VERIFIED_DEPICTED_TYPE,False,True,SOURCE_TYPED_MAPPING,CONNECTED,11,True,False,True,False,False,False,False,False,False
places365,163,glacier,places365-category:163,taxonomy,VERIFIED_DEPICTED_TYPE,False,True,SOURCE_TYPED_MAPPING,CONNECTED,6,True,False,True,False,False,False,False,False,False
places365,164,golf_course,places365-category:164,taxonomy,VERIFIED_DEPICTED_TYPE,False,True,SOURCE_TYPED_MAPPING,CONNECTED,8,True,False,True,False,False,False,False,False,False
places365,165,greenhouse/indoor,places365-category:165,taxonomy,VERIFIED_DEPICTED_TYPE,False,True,SOURCE_TYPED_MAPPING,CONNECTED,8,True,False,True,False,False,False,False,False,False
places365,166,greenhouse/outdoor,places365-category:166,taxonomy,VERIFIED_DEPICTED_TYPE,False,True,SOURCE_TYPED_MAPPING,CONNECTED,8,True,False,True,False,False,False,False,False,False
places365,167,grotto,places365-category:167,taxonomy,VERIFIED_DEPICTED_TYPE,False,True,SOURCE_TYPED_MAPPING,CONNECTED,6,True,False,True,False,False,False,False,False,False
places365,168,gymnasium/indoor,places365-category:168,taxonomy,VERIFIED_DEPICTED_TYPE,False,True,SOURCE_TYPED_MAPPING,CONNECTED,8,True,False,True,False,False,False,False,False,False
places365,169,hangar/indoor,places365-category:169,taxonomy,VERIFIED_DEPICTED_TYPE,False,True,SOURCE_TYPED_MAPPING,CONNECTED,7,True,False,True,False,False,False,False,False,False
places365,170,hangar/outdoor,places365-category:170,taxonomy,VERIFIED_DEPICTED_TYPE,False,True,SOURCE_TYPED_MAPPING,CONNECTED,7,True,False,True,False,False,False,False,False,False
places365,171,harbor,places365-category:171,taxonomy,NATIVE_LABEL_ONLY,False,False,NATIVE_LABEL_ONLY,NOT_ADMITTED,,True,False,False,False,False,False,False,False,False
places365,172,hardware_store,places365-category:172,taxonomy,VERIFIED_DEPICTED_TYPE,False,True,SOURCE_TYPED_MAPPING,CONNECTED,11,True,False,True,False,False,False,False,False,False
places365,173,hayfield,places365-category:173,taxonomy,VERIFIED_DEPICTED_TYPE,False,True,SOURCE_TYPED_MAPPING,CONNECTED,7,True,False,True,False,False,False,False,False,False
places365,174,heliport,places365-category:174,taxonomy,VERIFIED_DEPICTED_TYPE,False,True,SOURCE_TYPED_MAPPING,CONNECTED,9,True,False,True,False,False,False,False,False,False
places365,175,highway,places365-category:175,taxonomy,VERIFIED_DEPICTED_TYPE,False,True,SOURCE_TYPED_MAPPING,CONNECTED,8,True,False,True,False,False,False,False,False,False
places365,176,home_office,places365-category:176,taxonomy,VERIFIED_DEPICTED_TYPE,False,True,SOURCE_TYPED_MAPPING,CONNECTED,10,True,False,True,False,False,False,False,False,False
places365,177,home_theater,places365-category:177,taxonomy,VERIFIED_DEPICTED_TYPE,False,True,SOURCE_TYPED_MAPPING,CONNECTED,9,True,False,True,False,False,False,False,False,False
places365,178,hospital,places365-category:178,taxonomy,VERIFIED_DEPICTED_TYPE,False,True,SOURCE_TYPED_MAPPING,CONNECTED,9,True,False,True,False,False,False,False,False,False
places365,179,hospital_room,places365-category:179,taxonomy,VERIFIED_DEPICTED_TYPE,False,True,SOURCE_TYPED_MAPPING,CONNECTED,9,True,False,True,False,False,False,False,False,False
places365,180,hot_spring,places365-category:180,taxonomy,VERIFIED_DEPICTED_TYPE,False,True,SOURCE_TYPED_MAPPING,CONNECTED,6,True,False,True,False,False,False,False,False,False
places365,181,hotel/outdoor,places365-category:181,taxonomy,VERIFIED_DEPICTED_TYPE,False,True,SOURCE_TYPED_MAPPING,CONNECTED,8,True,False,True,False,False,False,False,False,False
places365,182,hotel_room,places365-category:182,taxonomy,VERIFIED_DEPICTED_TYPE,False,True,SOURCE_TYPED_MAPPING,CONNECTED,10,True,False,True,False,False,False,False,False,False
places365,183,house,places365-category:183,taxonomy,NATIVE_LABEL_ONLY,False,False,NATIVE_LABEL_ONLY,NOT_ADMITTED,,True,False,False,False,False,False,False,False,False
places365,184,hunting_lodge/outdoor,places365-category:184,taxonomy,VERIFIED_DEPICTED_TYPE,False,True,SOURCE_TYPED_MAPPING,CONNECTED,9,True,False,True,False,False,False,False,False,False
places365,185,ice_cream_parlor,places365-category:185,taxonomy,NATIVE_LABEL_ONLY,False,False,NATIVE_LABEL_ONLY,NOT_ADMITTED,,True,False,False,False,False,False,False,False,False
places365,186,ice_floe,places365-category:186,taxonomy,VERIFIED_DEPICTED_TYPE,False,True,SOURCE_TYPED_MAPPING,CONNECTED,6,True,False,True,False,False,False,False,False,False
places365,187,ice_shelf,places365-category:187,taxonomy,VERIFIED_DEPICTED_TYPE,False,True,SOURCE_TYPED_MAPPING,CONNECTED,5,True,False,True,False,False,False,False,False,False
places365,188,ice_skating_rink/indoor,places365-category:188,taxonomy,VERIFIED_DEPICTED_TYPE,False,True,SOURCE_TYPED_MAPPING,CONNECTED,9,True,False,True,False,False,False,False,False,False
places365,189,ice_skating_rink/outdoor,places365-category:189,taxonomy,VERIFIED_DEPICTED_TYPE,False,True,SOURCE_TYPED_MAPPING,CONNECTED,9,True,False,True,False,False,False,False,False,False
places365,190,iceberg,places365-category:190,taxonomy,NATIVE_LABEL_ONLY,False,False,NATIVE_LABEL_ONLY,NOT_ADMITTED,,True,False,False,False,False,False,False,False,False
places365,191,igloo,places365-category:191,taxonomy,VERIFIED_DEPICTED_TYPE,False,True,SOURCE_TYPED_MAPPING,CONNECTED,9,True,False,True,False,False,False,False,False,False
places365,192,industrial_area,places365-category:192,taxonomy,VERIFIED_DEPICTED_TYPE,False,True,SOURCE_TYPED_MAPPING,CONNECTED,8,True,False,True,False,False,False,False,False,False
places365,193,inn/outdoor,places365-category:193,taxonomy,VERIFIED_DEPICTED_TYPE,False,True,SOURCE_TYPED_MAPPING,CONNECTED,9,True,False,True,False,False,False,False,False,False
places365,194,islet,places365-category:194,taxonomy,VERIFIED_DEPICTED_TYPE,False,True,SOURCE_TYPED_MAPPING,CONNECTED,6,True,False,True,False,False,False,False,False,False
places365,195,jacuzzi/indoor,places365-category:195,taxonomy,NATIVE_LABEL_ONLY,False,False,NATIVE_LABEL_ONLY,NOT_ADMITTED,,True,False,False,False,False,False,False,False,False
places365,196,jail_cell,places365-category:196,taxonomy,VERIFIED_DEPICTED_TYPE,False,True,SOURCE_TYPED_MAPPING,CONNECTED,9,True,False,True,False,False,False,False,False,False
places365,197,japanese_garden,places365-category:197,taxonomy,NATIVE_LABEL_ONLY,False,False,NATIVE_LABEL_ONLY,NOT_ADMITTED,,True,False,False,False,False,False,False,False,False
places365,198,jewelry_shop,places365-category:198,taxonomy,NATIVE_LABEL_ONLY,False,False,NATIVE_LABEL_ONLY,NOT_ADMITTED,,True,False,False,False,False,False,False,False,False
places365,199,junkyard,places365-category:199,taxonomy,VERIFIED_DEPICTED_TYPE,False,True,SOURCE_TYPED_MAPPING,CONNECTED,9,True,False,True,False,False,False,False,False,False
places365,200,kasbah,places365-category:200,taxonomy,VERIFIED_DEPICTED_TYPE,False,True,SOURCE_TYPED_MAPPING,CONNECTED,9,True,False,True,False,False,False,False,False,False
places365,201,kennel/outdoor,places365-category:201,taxonomy,VERIFIED_DEPICTED_TYPE,False,True,SOURCE_TYPED_MAPPING,CONNECTED,9,True,False,True,False,False,False,False,False,False
places365,202,kindergarden_classroom,places365-category:202,taxonomy,NATIVE_LABEL_ONLY,False,False,NATIVE_LABEL_ONLY,NOT_ADMITTED,,True,False,False,False,False,False,False,False,False
places365,203,kitchen,places365-category:203,taxonomy,VERIFIED_DEPICTED_TYPE,False,True,SOURCE_TYPED_MAPPING,CONNECTED,9,True,False,True,False,False,False,False,False,False
places365,204,lagoon,places365-category:204,taxonomy,VERIFIED_DEPICTED_TYPE,False,True,SOURCE_TYPED_MAPPING,CONNECTED,6,True,False,True,False,False,False,False,False,False
places365,205,lake/natural,places365-category:205,taxonomy,NATIVE_LABEL_ONLY,False,False,NATIVE_LABEL_ONLY,NOT_ADMITTED,,True,False,False,False,False,False,False,False,False
places365,206,landfill,places365-category:206,taxonomy,VERIFIED_DEPICTED_TYPE,False,True,SOURCE_TYPED_MAPPING,CONNECTED,7,True,False,True,False,False,False,False,False,False
places365,207,landing_deck,places365-category:207,taxonomy,VERIFIED_DEPICTED_TYPE,False,True,SOURCE_TYPED_MAPPING,CONNECTED,10,True,False,True,False,False,False,False,False,False
places365,208,laundromat,places365-category:208,taxonomy,VERIFIED_DEPICTED_TYPE,False,True,SOURCE_TYPED_MAPPING,CONNECTED,9,True,False,True,False,False,False,False,False,False
places365,209,lawn,places365-category:209,taxonomy,VERIFIED_DEPICTED_TYPE,False,True,SOURCE_TYPED_MAPPING,CONNECTED,9,True,False,True,False,False,False,False,False,False
places365,210,lecture_room,places365-category:210,taxonomy,VERIFIED_DEPICTED_TYPE,False,True,SOURCE_TYPED_MAPPING,CONNECTED,10,True,False,True,False,False,False,False,False,False
places365,211,legislative_chamber,places365-category:211,taxonomy,NATIVE_LABEL_ONLY,False,False,NATIVE_LABEL_ONLY,NOT_ADMITTED,,True,False,False,False,False,False,False,False,False
places365,212,library/indoor,places365-category:212,taxonomy,NATIVE_LABEL_ONLY,False,False,NATIVE_LABEL_ONLY,NOT_ADMITTED,,True,False,False,False,False,False,False,False,False
places365,213,library/outdoor,places365-category:213,taxonomy,NATIVE_LABEL_ONLY,False,False,NATIVE_LABEL_ONLY,NOT_ADMITTED,,True,False,False,False,False,False,False,False,False
places365,214,lighthouse,places365-category:214,taxonomy,VERIFIED_DEPICTED_TYPE,False,True,SOURCE_TYPED_MAPPING,CONNECTED,8,True,False,True,False,False,False,False,False,False
places365,215,living_room,places365-category:215,taxonomy,VERIFIED_DEPICTED_TYPE,False,True,SOURCE_TYPED_MAPPING,CONNECTED,9,True,False,True,False,False,False,False,False,False
places365,216,loading_dock,places365-category:216,taxonomy,VERIFIED_DEPICTED_TYPE,False,True,SOURCE_TYPED_MAPPING,CONNECTED,9,True,False,True,False,False,False,False,False,False
places365,217,lobby,places365-category:217,taxonomy,VERIFIED_DEPICTED_TYPE,False,True,SOURCE_TYPED_MAPPING,CONNECTED,9,True,False,True,False,False,False,False,False,False
places365,218,lock_chamber,places365-category:218,taxonomy,VERIFIED_DEPICTED_TYPE,False,True,SOURCE_TYPED_MAPPING,CONNECTED,9,True,False,True,False,False,False,False,False,False
places365,219,locker_room,places365-category:219,taxonomy,VERIFIED_DEPICTED_TYPE,False,True,SOURCE_TYPED_MAPPING,CONNECTED,9,True,False,True,False,False,False,False,False,False
places365,220,mansion,places365-category:220,taxonomy,NATIVE_LABEL_ONLY,False,False,NATIVE_LABEL_ONLY,NOT_ADMITTED,,True,False,False,False,False,False,False,False,False
places365,221,manufactured_home,places365-category:221,taxonomy,VERIFIED_DEPICTED_TYPE,False,True,SOURCE_TYPED_MAPPING,CONNECTED,8,True,False,True,False,False,False,False,False,False
places365,222,market/indoor,places365-category:222,taxonomy,NATIVE_LABEL_ONLY,False,False,NATIVE_LABEL_ONLY,NOT_ADMITTED,,True,False,False,False,False,False,False,False,False
places365,223,market/outdoor,places365-category:223,taxonomy,NATIVE_LABEL_ONLY,False,False,NATIVE_LABEL_ONLY,NOT_ADMITTED,,True,False,False,False,False,False,False,False,False
places365,224,marsh,places365-category:224,taxonomy,VERIFIED_DEPICTED_TYPE,False,True,SOURCE_TYPED_MAPPING,CONNECTED,6,True,False,True,False,False,False,False,False,False
places365,225,martial_arts_gym,places365-category:225,taxonomy,NATIVE_LABEL_ONLY,False,False,NATIVE_LABEL_ONLY,NOT_ADMITTED,,True,False,False,False,False,False,False,False,False
places365,226,mausoleum,places365-category:226,taxonomy,VERIFIED_DEPICTED_TYPE,False,True,SOURCE_TYPED_MAPPING,CONNECTED,9,True,False,True,False,False,False,False,False,False
places365,227,medina,places365-category:227,taxonomy,VERIFIED_DEPICTED_TYPE,False,True,SOURCE_TYPED_MAPPING,CONNECTED,9,True,False,True,False,False,False,False,False,False
places365,228,mezzanine,places365-category:228,taxonomy,NATIVE_LABEL_ONLY,False,False,NATIVE_LABEL_ONLY,NOT_ADMITTED,,True,False,False,False,False,False,False,False,False
places365,229,moat/water,places365-category:229,taxonomy,VERIFIED_DEPICTED_TYPE,False,True,SOURCE_TYPED_MAPPING,CONNECTED,9,True,False,True,False,False,False,False,False,False
places365,230,mosque/outdoor,places365-category:230,taxonomy,VERIFIED_DEPICTED_TYPE,False,True,SOURCE_TYPED_MAPPING,CONNECTED,9,True,False,True,False,False,False,False,False,False
places365,231,motel,places365-category:231,taxonomy,VERIFIED_DEPICTED_TYPE,False,True,SOURCE_TYPED_MAPPING,CONNECTED,10,True,False,True,False,False,False,False,False,False
places365,232,mountain,places365-category:232,taxonomy,VERIFIED_DEPICTED_TYPE,False,True,SOURCE_TYPED_MAPPING,CONNECTED,6,True,False,True,False,False,False,False,False,False
places365,233,mountain_path,places365-category:233,taxonomy,NATIVE_LABEL_ONLY,False,False,NATIVE_LABEL_ONLY,NOT_ADMITTED,,True,False,False,False,False,False,False,False,False
places365,234,mountain_snowy,places365-category:234,taxonomy,NATIVE_LABEL_ONLY,False,False,NATIVE_LABEL_ONLY,NOT_ADMITTED,,True,False,False,False,False,False,False,False,False
places365,235,movie_theater/indoor,places365-category:235,taxonomy,VERIFIED_DEPICTED_TYPE,False,True,SOURCE_TYPED_MAPPING,CONNECTED,9,True,False,True,False,False,False,False,False,False
places365,236,museum/indoor,places365-category:236,taxonomy,VERIFIED_DEPICTED_TYPE,False,True,SOURCE_TYPED_MAPPING,CONNECTED,8,True,False,True,False,False,False,False,False,False
places365,237,museum/outdoor,places365-category:237,taxonomy,VERIFIED_DEPICTED_TYPE,False,True,SOURCE_TYPED_MAPPING,CONNECTED,8,True,False,True,False,False,False,False,False,False
places365,238,music_studio,places365-category:238,taxonomy,NATIVE_LABEL_ONLY,False,False,NATIVE_LABEL_ONLY,NOT_ADMITTED,,True,False,False,False,False,False,False,False,False
places365,239,natural_history_museum,places365-category:239,taxonomy,NATIVE_LABEL_ONLY,False,False,NATIVE_LABEL_ONLY,NOT_ADMITTED,,True,False,False,False,False,False,False,False,False
places365,240,nursery,places365-category:240,taxonomy,VERIFIED_DEPICTED_TYPE,False,True,SOURCE_TYPED_MAPPING,CONNECTED,11,True,False,True,False,False,False,False,False,False
places365,241,nursing_home,places365-category:241,taxonomy,VERIFIED_DEPICTED_TYPE,False,True,SOURCE_TYPED_MAPPING,CONNECTED,9,True,False,True,False,False,False,False,False,False
places365,242,oast_house,places365-category:242,taxonomy,VERIFIED_DEPICTED_TYPE,False,True,SOURCE_TYPED_MAPPING,CONNECTED,9,True,False,True,False,False,False,False,False,False
places365,243,ocean,places365-category:243,taxonomy,VERIFIED_DEPICTED_TYPE,False,True,SOURCE_TYPED_MAPPING,CONNECTED,5,True,False,True,False,False,False,False,False,False
places365,244,office,places365-category:244,taxonomy,VERIFIED_DEPICTED_TYPE,False,True,SOURCE_TYPED_MAPPING,CONNECTED,9,True,False,True,False,False,False,False,False,False
places365,245,office_building,places365-category:245,taxonomy,VERIFIED_DEPICTED_TYPE,False,True,SOURCE_TYPED_MAPPING,CONNECTED,8,True,False,True,False,False,False,False,False,False
places365,246,office_cubicles,places365-category:246,taxonomy,NATIVE_LABEL_ONLY,False,False,NATIVE_LABEL_ONLY,NOT_ADMITTED,,True,False,False,False,False,False,False,False,False
places365,247,oilrig,places365-category:247,taxonomy,VERIFIED_DEPICTED_TYPE,False,True,SOURCE_TYPED_MAPPING,CONNECTED,10,True,False,True,False,False,False,False,False,False
places365,248,operating_room,places365-category:248,taxonomy,VERIFIED_DEPICTED_TYPE,False,True,SOURCE_TYPED_MAPPING,CONNECTED,10,True,False,True,False,False,False,False,False,False
places365,249,orchard,places365-category:249,taxonomy,VERIFIED_DEPICTED_TYPE,False,True,SOURCE_TYPED_MAPPING,CONNECTED,10,True,False,True,False,False,False,False,False,False
places365,250,orchestra_pit,places365-category:250,taxonomy,VERIFIED_DEPICTED_TYPE,False,True,SOURCE_TYPED_MAPPING,CONNECTED,8,True,False,True,False,False,False,False,False,False
places365,251,pagoda,places365-category:251,taxonomy,VERIFIED_DEPICTED_TYPE,False,True,SOURCE_TYPED_MAPPING,CONNECTED,10,True,False,True,False,False,False,False,False,False
places365,252,palace,places365-category:252,taxonomy,NATIVE_LABEL_ONLY,False,False,NATIVE_LABEL_ONLY,NOT_ADMITTED,,True,False,False,False,False,False,False,False,False
places365,253,pantry,places365-category:253,taxonomy,VERIFIED_DEPICTED_TYPE,False,True,SOURCE_TYPED_MAPPING,CONNECTED,10,True,False,True,False,False,False,False,False,False
places365,254,park,places365-category:254,taxonomy,NATIVE_LABEL_ONLY,False,False,NATIVE_LABEL_ONLY,NOT_ADMITTED,,True,False,False,False,False,False,False,False,False
places365,255,parking_garage/indoor,places365-category:255,taxonomy,NATIVE_LABEL_ONLY,False,False,NATIVE_LABEL_ONLY,NOT_ADMITTED,,True,False,False,False,False,False,False,False,False
places365,256,parking_garage/outdoor,places365-category:256,taxonomy,NATIVE_LABEL_ONLY,False,False,NATIVE_LABEL_ONLY,NOT_ADMITTED,,True,False,False,False,False,False,False,False,False
places365,257,parking_lot,places365-category:257,taxonomy,VERIFIED_DEPICTED_TYPE,False,True,SOURCE_TYPED_MAPPING,CONNECTED,9,True,False,True,False,False,False,False,False,False
places365,258,pasture,places365-category:258,taxonomy,NATIVE_LABEL_ONLY,False,False,NATIVE_LABEL_ONLY,NOT_ADMITTED,,True,False,False,False,False,False,False,False,False
places365,259,patio,places365-category:259,taxonomy,VERIFIED_DEPICTED_TYPE,False,True,SOURCE_TYPED_MAPPING,CONNECTED,8,True,False,True,False,False,False,False,False,False
places365,260,pavilion,places365-category:260,taxonomy,VERIFIED_DEPICTED_TYPE,False,True,SOURCE_TYPED_MAPPING,CONNECTED,9,True,False,True,False,False,False,False,False,False
places365,261,pet_shop,places365-category:261,taxonomy,VERIFIED_DEPICTED_TYPE,False,True,SOURCE_TYPED_MAPPING,CONNECTED,11,True,False,True,False,False,False,False,False,False
places365,262,pharmacy,places365-category:262,taxonomy,VERIFIED_DEPICTED_TYPE,False,True,SOURCE_TYPED_MAPPING,CONNECTED,11,True,False,True,False,False,False,False,False,False
places365,263,phone_booth,places365-category:263,taxonomy,VERIFIED_DEPICTED_TYPE,False,True,SOURCE_TYPED_MAPPING,CONNECTED,11,True,False,True,False,False,False,False,False,False
places365,264,physics_laboratory,places365-category:264,taxonomy,VERIFIED_DEPICTED_TYPE,False,True,SOURCE_TYPED_MAPPING,CONNECTED,9,True,False,True,False,False,False,False,False,False
places365,265,picnic_area,places365-category:265,taxonomy,VERIFIED_DEPICTED_TYPE,False,True,SOURCE_TYPED_MAPPING,CONNECTED,8,True,False,True,False,False,False,False,False,False
places365,266,pier,places365-category:266,taxonomy,NATIVE_LABEL_ONLY,False,False,NATIVE_LABEL_ONLY,NOT_ADMITTED,,True,False,False,False,False,False,False,False,False
places365,267,pizzeria,places365-category:267,taxonomy,VERIFIED_DEPICTED_TYPE,False,True,SOURCE_TYPED_MAPPING,CONNECTED,11,True,False,True,False,False,False,False,False,False
places365,268,playground,places365-category:268,taxonomy,NATIVE_LABEL_ONLY,False,False,NATIVE_LABEL_ONLY,NOT_ADMITTED,,True,False,False,False,False,False,False,False,False
places365,269,playroom,places365-category:269,taxonomy,VERIFIED_DEPICTED_TYPE,False,True,SOURCE_TYPED_MAPPING,CONNECTED,10,True,False,True,False,False,False,False,False,False
places365,270,plaza,places365-category:270,taxonomy,NATIVE_LABEL_ONLY,False,False,NATIVE_LABEL_ONLY,NOT_ADMITTED,,True,False,False,False,False,False,False,False,False
places365,271,pond,places365-category:271,taxonomy,VERIFIED_DEPICTED_TYPE,False,True,SOURCE_TYPED_MAPPING,CONNECTED,6,True,False,True,False,False,False,False,False,False
places365,272,porch,places365-category:272,taxonomy,VERIFIED_DEPICTED_TYPE,False,True,SOURCE_TYPED_MAPPING,CONNECTED,7,True,False,True,False,False,False,False,False,False
places365,273,promenade,places365-category:273,taxonomy,VERIFIED_DEPICTED_TYPE,False,True,SOURCE_TYPED_MAPPING,CONNECTED,9,True,False,True,False,False,False,False,False,False
places365,274,pub/indoor,places365-category:274,taxonomy,VERIFIED_DEPICTED_TYPE,False,True,SOURCE_TYPED_MAPPING,CONNECTED,9,True,False,True,False,False,False,False,False,False
places365,275,racecourse,places365-category:275,taxonomy,VERIFIED_DEPICTED_TYPE,False,True,SOURCE_TYPED_MAPPING,CONNECTED,8,True,False,True,False,False,False,False,False,False
places365,276,raceway,places365-category:276,taxonomy,NATIVE_LABEL_ONLY,False,False,NATIVE_LABEL_ONLY,NOT_ADMITTED,,True,False,False,False,False,False,False,False,False
places365,277,raft,places365-category:277,taxonomy,NATIVE_LABEL_ONLY,False,False,NATIVE_LABEL_ONLY,NOT_ADMITTED,,True,False,False,False,False,False,False,False,False
places365,278,railroad_track,places365-category:278,taxonomy,VERIFIED_DEPICTED_TYPE,False,True,SOURCE_TYPED_MAPPING,CONNECTED,7,True,False,True,False,False,False,False,False,False
places365,279,rainforest,places365-category:279,taxonomy,NATIVE_LABEL_ONLY,False,False,NATIVE_LABEL_ONLY,NOT_ADMITTED,,True,False,False,False,False,False,False,False,False
places365,280,reception,places365-category:280,taxonomy,VERIFIED_DEPICTED_TYPE,False,True,SOURCE_TYPED_MAPPING,CONNECTED,10,True,False,True,False,False,False,False,False,False
places365,281,recreation_room,places365-category:281,taxonomy,VERIFIED_DEPICTED_TYPE,False,True,SOURCE_TYPED_MAPPING,CONNECTED,9,True,False,True,False,False,False,False,False,False
places365,282,repair_shop,places365-category:282,taxonomy,VERIFIED_DEPICTED_TYPE,False,True,SOURCE_TYPED_MAPPING,CONNECTED,11,True,False,True,False,False,False,False,False,False
places365,283,residential_neighborhood,places365-category:283,taxonomy,NATIVE_LABEL_ONLY,False,False,NATIVE_LABEL_ONLY,NOT_ADMITTED,,True,False,False,False,False,False,False,False,False
places365,284,restaurant,places365-category:284,taxonomy,VERIFIED_DEPICTED_TYPE,False,True,SOURCE_TYPED_MAPPING,CONNECTED,8,True,False,True,False,False,False,False,False,False
places365,285,restaurant_kitchen,places365-category:285,taxonomy,NATIVE_LABEL_ONLY,False,False,NATIVE_LABEL_ONLY,NOT_ADMITTED,,True,False,False,False,False,False,False,False,False
places365,286,restaurant_patio,places365-category:286,taxonomy,NATIVE_LABEL_ONLY,False,False,NATIVE_LABEL_ONLY,NOT_ADMITTED,,True,False,False,False,False,False,False,False,False
places365,287,rice_paddy,places365-category:287,taxonomy,VERIFIED_DEPICTED_TYPE,False,True,SOURCE_TYPED_MAPPING,CONNECTED,9,True,False,True,False,False,False,False,False,False
places365,288,river,places365-category:288,taxonomy,VERIFIED_DEPICTED_TYPE,False,True,SOURCE_TYPED_MAPPING,CONNECTED,6,True,False,True,False,False,False,False,False,False
places365,289,rock_arch,places365-category:289,taxonomy,NATIVE_LABEL_ONLY,False,False,NATIVE_LABEL_ONLY,NOT_ADMITTED,,True,False,False,False,False,False,False,False,False
places365,290,roof_garden,places365-category:290,taxonomy,VERIFIED_DEPICTED_TYPE,False,True,SOURCE_TYPED_MAPPING,CONNECTED,10,True,False,True,False,False,False,False,False,False
places365,291,rope_bridge,places365-category:291,taxonomy,VERIFIED_DEPICTED_TYPE,False,True,SOURCE_TYPED_MAPPING,CONNECTED,8,True,False,True,False,False,False,False,False,False
places365,292,ruin,places365-category:292,taxonomy,NATIVE_LABEL_ONLY,False,False,NATIVE_LABEL_ONLY,NOT_ADMITTED,,True,False,False,False,False,False,False,False,False
places365,293,runway,places365-category:293,taxonomy,NATIVE_LABEL_ONLY,False,False,NATIVE_LABEL_ONLY,NOT_ADMITTED,,True,False,False,False,False,False,False,False,False
places365,294,sandbox,places365-category:294,taxonomy,NATIVE_LABEL_ONLY,False,False,NATIVE_LABEL_ONLY,NOT_ADMITTED,,True,False,False,False,False,False,False,False,False
places365,295,sauna,places365-category:295,taxonomy,VERIFIED_DEPICTED_TYPE,False,True,SOURCE_TYPED_MAPPING,CONNECTED,10,True,False,True,False,False,False,False,False,False
places365,296,schoolhouse,places365-category:296,taxonomy,VERIFIED_DEPICTED_TYPE,False,True,SOURCE_TYPED_MAPPING,CONNECTED,8,True,False,True,False,False,False,False,False,False
places365,297,science_museum,places365-category:297,taxonomy,VERIFIED_DEPICTED_TYPE,False,True,SOURCE_TYPED_MAPPING,CONNECTED,9,True,False,True,False,False,False,False,False,False
places365,298,server_room,places365-category:298,taxonomy,NATIVE_LABEL_ONLY,False,False,NATIVE_LABEL_ONLY,NOT_ADMITTED,,True,False,False,False,False,False,False,False,False
places365,299,shed,places365-category:299,taxonomy,VERIFIED_DEPICTED_TYPE,False,True,SOURCE_TYPED_MAPPING,CONNECTED,9,True,False,True,False,False,False,False,False,False
places365,300,shoe_shop,places365-category:300,taxonomy,VERIFIED_DEPICTED_TYPE,False,True,SOURCE_TYPED_MAPPING,CONNECTED,11,True,False,True,False,False,False,False,False,False
places365,301,shopfront,places365-category:301,taxonomy,VERIFIED_DEPICTED_TYPE,False,True,SOURCE_TYPED_MAPPING,CONNECTED,9,True,False,True,False,False,False,False,False,False
places365,302,shopping_mall/indoor,places365-category:302,taxonomy,VERIFIED_DEPICTED_TYPE,False,True,SOURCE_TYPED_MAPPING,CONNECTED,10,True,False,True,False,False,False,False,False,False
places365,303,shower,places365-category:303,taxonomy,NATIVE_LABEL_ONLY,False,False,NATIVE_LABEL_ONLY,NOT_ADMITTED,,True,False,False,False,False,False,False,False,False
places365,304,ski_resort,places365-category:304,taxonomy,VERIFIED_DEPICTED_TYPE,False,True,SOURCE_TYPED_MAPPING,CONNECTED,10,True,False,True,False,False,False,False,False,False
places365,305,ski_slope,places365-category:305,taxonomy,VERIFIED_DEPICTED_TYPE,False,True,SOURCE_TYPED_MAPPING,CONNECTED,6,True,False,True,False,False,False,False,False,False
places365,306,sky,places365-category:306,taxonomy,VERIFIED_DEPICTED_TYPE,False,True,SOURCE_TYPED_MAPPING,CONNECTED,7,True,False,True,False,False,False,False,False,False
places365,307,skyscraper,places365-category:307,taxonomy,VERIFIED_DEPICTED_TYPE,False,True,SOURCE_TYPED_MAPPING,CONNECTED,8,True,False,True,False,False,False,False,False,False
places365,308,slum,places365-category:308,taxonomy,VERIFIED_DEPICTED_TYPE,False,True,SOURCE_TYPED_MAPPING,CONNECTED,8,True,False,True,False,False,False,False,False,False
places365,309,snowfield,places365-category:309,taxonomy,VERIFIED_DEPICTED_TYPE,False,True,SOURCE_TYPED_MAPPING,CONNECTED,6,True,False,True,False,False,False,False,False,False
places365,310,soccer_field,places365-category:310,taxonomy,VERIFIED_DEPICTED_TYPE,False,True,SOURCE_TYPED_MAPPING,CONNECTED,9,True,False,True,False,False,False,False,False,False
places365,311,stable,places365-category:311,taxonomy,VERIFIED_DEPICTED_TYPE,False,True,SOURCE_TYPED_MAPPING,CONNECTED,9,True,False,True,False,False,False,False,False,False
places365,312,stadium/baseball,places365-category:312,taxonomy,VERIFIED_DEPICTED_TYPE,False,True,SOURCE_TYPED_MAPPING,CONNECTED,7,True,False,True,False,False,False,False,False,False
places365,313,stadium/football,places365-category:313,taxonomy,VERIFIED_DEPICTED_TYPE,False,True,SOURCE_TYPED_MAPPING,CONNECTED,7,True,False,True,False,False,False,False,False,False
places365,314,stadium/soccer,places365-category:314,taxonomy,VERIFIED_DEPICTED_TYPE,False,True,SOURCE_TYPED_MAPPING,CONNECTED,7,True,False,True,False,False,False,False,False,False
places365,315,stage/indoor,places365-category:315,taxonomy,NATIVE_LABEL_ONLY,False,False,NATIVE_LABEL_ONLY,NOT_ADMITTED,,True,False,False,False,False,False,False,False,False
places365,316,stage/outdoor,places365-category:316,taxonomy,NATIVE_LABEL_ONLY,False,False,NATIVE_LABEL_ONLY,NOT_ADMITTED,,True,False,False,False,False,False,False,False,False
places365,317,staircase,places365-category:317,taxonomy,VERIFIED_DEPICTED_TYPE,False,True,SOURCE_TYPED_MAPPING,CONNECTED,7,True,False,True,False,False,False,False,False,False
places365,318,storage_room,places365-category:318,taxonomy,VERIFIED_DEPICTED_TYPE,False,True,SOURCE_TYPED_MAPPING,CONNECTED,9,True,False,True,False,False,False,False,False,False
places365,319,street,places365-category:319,taxonomy,NATIVE_LABEL_ONLY,False,False,NATIVE_LABEL_ONLY,NOT_ADMITTED,,True,False,False,False,False,False,False,False,False
places365,320,subway_station/platform,places365-category:320,taxonomy,VERIFIED_DEPICTED_TYPE,False,True,SOURCE_TYPED_MAPPING,CONNECTED,9,True,False,True,False,False,False,False,False,False
places365,321,supermarket,places365-category:321,taxonomy,VERIFIED_DEPICTED_TYPE,False,True,SOURCE_TYPED_MAPPING,CONNECTED,12,True,False,True,False,False,False,False,False,False
places365,322,sushi_bar,places365-category:322,taxonomy,VERIFIED_DEPICTED_TYPE,False,True,SOURCE_TYPED_MAPPING,CONNECTED,12,True,False,True,False,False,False,False,False,False
places365,323,swamp,places365-category:323,taxonomy,VERIFIED_DEPICTED_TYPE,False,True,SOURCE_TYPED_MAPPING,CONNECTED,6,True,False,True,False,False,False,False,False,False
places365,324,swimming_hole,places365-category:324,taxonomy,VERIFIED_DEPICTED_TYPE,False,True,SOURCE_TYPED_MAPPING,CONNECTED,7,True,False,True,False,False,False,False,False,False
places365,325,swimming_pool/indoor,places365-category:325,taxonomy,VERIFIED_DEPICTED_TYPE,False,True,SOURCE_TYPED_MAPPING,CONNECTED,8,True,False,True,False,False,False,False,False,False
places365,326,swimming_pool/outdoor,places365-category:326,taxonomy,VERIFIED_DEPICTED_TYPE,False,True,SOURCE_TYPED_MAPPING,CONNECTED,8,True,False,True,False,False,False,False,False,False
places365,327,synagogue/outdoor,places365-category:327,taxonomy,VERIFIED_DEPICTED_TYPE,False,True,SOURCE_TYPED_MAPPING,CONNECTED,9,True,False,True,False,False,False,False,False,False
places365,328,television_room,places365-category:328,taxonomy,VERIFIED_DEPICTED_TYPE,False,True,SOURCE_TYPED_MAPPING,CONNECTED,9,True,False,True,False,False,False,False,False,False
places365,329,television_studio,places365-category:329,taxonomy,NATIVE_LABEL_ONLY,False,False,NATIVE_LABEL_ONLY,NOT_ADMITTED,,True,False,False,False,False,False,False,False,False
places365,330,temple/asia,places365-category:330,taxonomy,NATIVE_LABEL_ONLY,False,False,NATIVE_LABEL_ONLY,NOT_ADMITTED,,True,False,False,False,False,False,False,False,False
places365,331,throne_room,places365-category:331,taxonomy,NATIVE_LABEL_ONLY,False,False,NATIVE_LABEL_ONLY,NOT_ADMITTED,,True,False,False,False,False,False,False,False,False
places365,332,ticket_booth,places365-category:332,taxonomy,VERIFIED_DEPICTED_TYPE,False,True,SOURCE_TYPED_MAPPING,CONNECTED,10,True,False,True,False,False,False,False,False,False
places365,333,topiary_garden,places365-category:333,taxonomy,NATIVE_LABEL_ONLY,False,False,NATIVE_LABEL_ONLY,NOT_ADMITTED,,True,False,False,False,False,False,False,False,False
places365,334,tower,places365-category:334,taxonomy,NATIVE_LABEL_ONLY,False,False,NATIVE_LABEL_ONLY,NOT_ADMITTED,,True,False,False,False,False,False,False,False,False
places365,335,toyshop,places365-category:335,taxonomy,VERIFIED_DEPICTED_TYPE,False,True,SOURCE_TYPED_MAPPING,CONNECTED,11,True,False,True,False,False,False,False,False,False
places365,336,train_interior,places365-category:336,taxonomy,NATIVE_LABEL_ONLY,False,False,NATIVE_LABEL_ONLY,NOT_ADMITTED,,True,False,False,False,False,False,False,False,False
places365,337,train_station/platform,places365-category:337,taxonomy,VERIFIED_DEPICTED_TYPE,False,True,SOURCE_TYPED_MAPPING,CONNECTED,9,True,False,True,False,False,False,False,False,False
places365,338,tree_farm,places365-category:338,taxonomy,VERIFIED_DEPICTED_TYPE,False,True,SOURCE_TYPED_MAPPING,CONNECTED,6,True,False,True,False,False,False,False,False,False
places365,339,tree_house,places365-category:339,taxonomy,VERIFIED_DEPICTED_TYPE,False,True,SOURCE_TYPED_MAPPING,CONNECTED,8,True,False,True,False,False,False,False,False,False
places365,340,trench,places365-category:340,taxonomy,NATIVE_LABEL_ONLY,False,False,NATIVE_LABEL_ONLY,NOT_ADMITTED,,True,False,False,False,False,False,False,False,False
places365,341,tundra,places365-category:341,taxonomy,VERIFIED_DEPICTED_TYPE,False,True,SOURCE_TYPED_MAPPING,CONNECTED,6,True,False,True,False,False,False,False,False,False
places365,342,underwater/ocean_deep,places365-category:342,taxonomy,NATIVE_LABEL_ONLY,False,False,NATIVE_LABEL_ONLY,NOT_ADMITTED,,True,False,False,False,False,False,False,False,False
places365,343,utility_room,places365-category:343,taxonomy,NATIVE_LABEL_ONLY,False,False,NATIVE_LABEL_ONLY,NOT_ADMITTED,,True,False,False,False,False,False,False,False,False
places365,344,valley,places365-category:344,taxonomy,VERIFIED_DEPICTED_TYPE,False,True,SOURCE_TYPED_MAPPING,CONNECTED,6,True,False,True,False,False,False,False,False,False
places365,345,vegetable_garden,places365-category:345,taxonomy,VERIFIED_DEPICTED_TYPE,False,True,SOURCE_TYPED_MAPPING,CONNECTED,10,True,False,True,False,False,False,False,False,False
places365,346,veterinarians_office,places365-category:346,taxonomy,NATIVE_LABEL_ONLY,False,False,NATIVE_LABEL_ONLY,NOT_ADMITTED,,True,False,False,False,False,False,False,False,False
places365,347,viaduct,places365-category:347,taxonomy,VERIFIED_DEPICTED_TYPE,False,True,SOURCE_TYPED_MAPPING,CONNECTED,8,True,False,True,False,False,False,False,False,False
places365,348,village,places365-category:348,taxonomy,VERIFIED_DEPICTED_TYPE,False,True,SOURCE_TYPED_MAPPING,CONNECTED,8,True,False,True,False,False,False,False,False,False
places365,349,vineyard,places365-category:349,taxonomy,VERIFIED_DEPICTED_TYPE,False,True,SOURCE_TYPED_MAPPING,CONNECTED,9,True,False,True,False,False,False,False,False,False
places365,350,volcano,places365-category:350,taxonomy,NATIVE_LABEL_ONLY,False,False,NATIVE_LABEL_ONLY,NOT_ADMITTED,,True,False,False,False,False,False,False,False,False
places365,351,volleyball_court/outdoor,places365-category:351,taxonomy,VERIFIED_DEPICTED_TYPE,False,True,SOURCE_TYPED_MAPPING,CONNECTED,10,True,False,True,False,False,False,False,False,False
places365,352,waiting_room,places365-category:352,taxonomy,VERIFIED_DEPICTED_TYPE,False,True,SOURCE_TYPED_MAPPING,CONNECTED,9,True,False,True,False,False,False,False,False,False
places365,353,water_park,places365-category:353,taxonomy,NATIVE_LABEL_ONLY,False,False,NATIVE_LABEL_ONLY,NOT_ADMITTED,,True,False,False,False,False,False,False,False,False
places365,354,water_tower,places365-category:354,taxonomy,VERIFIED_DEPICTED_TYPE,False,True,SOURCE_TYPED_MAPPING,CONNECTED,11,True,False,True,False,False,False,False,False,False
places365,355,waterfall,places365-category:355,taxonomy,VERIFIED_DEPICTED_TYPE,False,True,SOURCE_TYPED_MAPPING,CONNECTED,5,True,False,True,False,False,False,False,False,False
places365,356,watering_hole,places365-category:356,taxonomy,VERIFIED_DEPICTED_TYPE,False,True,SOURCE_TYPED_MAPPING,CONNECTED,8,True,False,True,False,False,False,False,False,False
places365,357,wave,places365-category:357,taxonomy,NATIVE_LABEL_ONLY,False,False,NATIVE_LABEL_ONLY,NOT_ADMITTED,,True,False,False,False,False,False,False,False,False
places365,358,wet_bar,places365-category:358,taxonomy,VERIFIED_DEPICTED_TYPE,False,True,SOURCE_TYPED_MAPPING,CONNECTED,12,True,False,True,False,False,False,False,False,False
places365,359,wheat_field,places365-category:359,taxonomy,VERIFIED_DEPICTED_TYPE,False,True,SOURCE_TYPED_MAPPING,CONNECTED,10,True,False,True,False,False,False,False,False,False
places365,360,wind_farm,places365-category:360,taxonomy,VERIFIED_DEPICTED_TYPE,False,True,SOURCE_TYPED_MAPPING,CONNECTED,9,True,False,True,False,False,False,False,False,False
places365,361,windmill,places365-category:361,taxonomy,NATIVE_LABEL_ONLY,False,False,NATIVE_LABEL_ONLY,NOT_ADMITTED,,True,False,False,False,False,False,False,False,False
places365,362,yard,places365-category:362,taxonomy,NATIVE_LABEL_ONLY,False,False,NATIVE_LABEL_ONLY,NOT_ADMITTED,,True,False,False,False,False,False,False,False,False
places365,363,youth_hostel,places365-category:363,taxonomy,VERIFIED_DEPICTED_TYPE,False,True,SOURCE_TYPED_MAPPING,CONNECTED,8,True,False,True,False,False,False,False,False,False
places365,364,zen_garden,places365-category:364,taxonomy,NATIVE_LABEL_ONLY,False,False,NATIVE_LABEL_ONLY,NOT_ADMITTED,,True,False,False,False,False,False,False,False,False
resisc45,0,airplane,resisc45-category:0,taxonomy,VERIFIED_DEPICTED_TYPE,False,True,SOURCE_TYPED_MAPPING,CONNECTED,12,True,False,True,False,False,False,False,False,False
resisc45,1,airport,resisc45-category:1,taxonomy,VERIFIED_DEPICTED_TYPE,False,True,SOURCE_TYPED_MAPPING,CONNECTED,8,True,False,True,False,False,False,False,False,False
resisc45,2,baseball_diamond,resisc45-category:2,taxonomy,VERIFIED_DEPICTED_TYPE,False,True,SOURCE_TYPED_MAPPING,CONNECTED,9,True,False,True,False,False,False,False,False,False
resisc45,3,basketball_court,resisc45-category:3,taxonomy,VERIFIED_DEPICTED_TYPE,False,True,SOURCE_TYPED_MAPPING,CONNECTED,10,True,False,True,False,False,False,False,False,False
resisc45,4,beach,resisc45-category:4,taxonomy,VERIFIED_DEPICTED_TYPE,False,True,SOURCE_TYPED_MAPPING,CONNECTED,5,True,False,True,False,False,False,False,False,False
resisc45,5,bridge,resisc45-category:5,taxonomy,NATIVE_LABEL_ONLY,False,False,NATIVE_LABEL_ONLY,NOT_ADMITTED,,True,False,False,False,False,False,False,False,False
resisc45,6,chaparral,resisc45-category:6,taxonomy,NATIVE_LABEL_ONLY,False,False,NATIVE_LABEL_ONLY,NOT_ADMITTED,,True,False,False,False,False,False,False,False,False
resisc45,7,church,resisc45-category:7,taxonomy,VERIFIED_DEPICTED_TYPE,False,True,SOURCE_TYPED_MAPPING,CONNECTED,9,True,False,True,False,False,False,False,False,False
resisc45,8,circular_farmland,resisc45-category:8,taxonomy,NATIVE_LABEL_ONLY,False,False,NATIVE_LABEL_ONLY,NOT_ADMITTED,,True,False,False,False,False,False,False,False,False
resisc45,9,cloud,resisc45-category:9,taxonomy,NATIVE_LABEL_ONLY,False,False,NATIVE_LABEL_ONLY,NOT_ADMITTED,,True,False,False,False,False,False,False,False,False
resisc45,10,commercial_area,resisc45-category:10,taxonomy,VERIFIED_DEPICTED_TYPE,False,True,SOURCE_TYPED_MAPPING,CONNECTED,8,True,False,True,False,False,False,False,False,False
resisc45,11,dense_residential,resisc45-category:11,taxonomy,VERIFIED_DEPICTED_TYPE,False,True,SOURCE_TYPED_MAPPING,CONNECTED,7,True,False,True,False,False,False,False,False,False
resisc45,12,desert,resisc45-category:12,taxonomy,VERIFIED_DEPICTED_TYPE,False,True,SOURCE_TYPED_MAPPING,CONNECTED,6,True,False,True,False,False,False,False,False,False
resisc45,13,forest,resisc45-category:13,taxonomy,VERIFIED_DEPICTED_TYPE,False,True,SOURCE_TYPED_MAPPING,CONNECTED,5,True,False,True,False,False,False,False,False,False
resisc45,14,freeway,resisc45-category:14,taxonomy,VERIFIED_DEPICTED_TYPE,False,True,SOURCE_TYPED_MAPPING,CONNECTED,9,True,False,True,False,False,False,False,False,False
resisc45,15,golf_course,resisc45-category:15,taxonomy,VERIFIED_DEPICTED_TYPE,False,True,SOURCE_TYPED_MAPPING,CONNECTED,8,True,False,True,False,False,False,False,False,False
resisc45,16,ground_track_field,resisc45-category:16,taxonomy,VERIFIED_DEPICTED_TYPE,False,True,SOURCE_TYPED_MAPPING,CONNECTED,8,True,False,True,False,False,False,False,False,False
resisc45,17,harbor,resisc45-category:17,taxonomy,NATIVE_LABEL_ONLY,False,False,NATIVE_LABEL_ONLY,NOT_ADMITTED,,True,False,False,False,False,False,False,False,False
resisc45,18,industrial_area,resisc45-category:18,taxonomy,VERIFIED_DEPICTED_TYPE,False,True,SOURCE_TYPED_MAPPING,CONNECTED,8,True,False,True,False,False,False,False,False,False
resisc45,19,intersection,resisc45-category:19,taxonomy,VERIFIED_DEPICTED_TYPE,False,True,SOURCE_TYPED_MAPPING,CONNECTED,8,True,False,True,False,False,False,False,False,False
resisc45,20,island,resisc45-category:20,taxonomy,NATIVE_LABEL_ONLY,False,False,NATIVE_LABEL_ONLY,NOT_ADMITTED,,True,False,False,False,False,False,False,False,False
resisc45,21,lake,resisc45-category:21,taxonomy,NATIVE_LABEL_ONLY,False,False,NATIVE_LABEL_ONLY,NOT_ADMITTED,,True,False,False,False,False,False,False,False,False
resisc45,22,meadow,resisc45-category:22,taxonomy,VERIFIED_DEPICTED_TYPE,False,True,SOURCE_TYPED_MAPPING,CONNECTED,7,True,False,True,False,False,False,False,False,False
resisc45,23,medium_residential,resisc45-category:23,taxonomy,VERIFIED_DEPICTED_TYPE,False,True,SOURCE_TYPED_MAPPING,CONNECTED,7,True,False,True,False,False,False,False,False,False
resisc45,24,mobile_home_park,resisc45-category:24,taxonomy,NATIVE_LABEL_ONLY,False,False,NATIVE_LABEL_ONLY,NOT_ADMITTED,,True,False,False,False,False,False,False,False,False
resisc45,25,mountain,resisc45-category:25,taxonomy,VERIFIED_DEPICTED_TYPE,False,True,SOURCE_TYPED_MAPPING,CONNECTED,6,True,False,True,False,False,False,False,False,False
resisc45,26,overpass,resisc45-category:26,taxonomy,VERIFIED_DEPICTED_TYPE,False,True,SOURCE_TYPED_MAPPING,CONNECTED,8,True,False,True,False,False,False,False,False,False
resisc45,27,palace,resisc45-category:27,taxonomy,NATIVE_LABEL_ONLY,False,False,NATIVE_LABEL_ONLY,NOT_ADMITTED,,True,False,False,False,False,False,False,False,False
resisc45,28,parking_lot,resisc45-category:28,taxonomy,VERIFIED_DEPICTED_TYPE,False,True,SOURCE_TYPED_MAPPING,CONNECTED,9,True,False,True,False,False,False,False,False,False
resisc45,29,railway,resisc45-category:29,taxonomy,VERIFIED_DEPICTED_TYPE,False,True,SOURCE_TYPED_MAPPING,CONNECTED,7,True,False,True,False,False,False,False,False,False
resisc45,30,railway_station,resisc45-category:30,taxonomy,VERIFIED_DEPICTED_TYPE,False,True,SOURCE_TYPED_MAPPING,CONNECTED,9,True,False,True,False,False,False,False,False,False
resisc45,31,rectangular_farmland,resisc45-category:31,taxonomy,NATIVE_LABEL_ONLY,False,False,NATIVE_LABEL_ONLY,NOT_ADMITTED,,True,False,False,False,False,False,False,False,False
resisc45,32,river,resisc45-category:32,taxonomy,VERIFIED_DEPICTED_TYPE,False,True,SOURCE_TYPED_MAPPING,CONNECTED,6,True,False,True,False,False,False,False,False,False
resisc45,33,roundabout,resisc45-category:33,taxonomy,NATIVE_LABEL_ONLY,False,False,NATIVE_LABEL_ONLY,NOT_ADMITTED,,True,False,False,False,False,False,False,False,False
resisc45,34,runway,resisc45-category:34,taxonomy,NATIVE_LABEL_ONLY,False,False,NATIVE_LABEL_ONLY,NOT_ADMITTED,,True,False,False,False,False,False,False,False,False
resisc45,35,sea_ice,resisc45-category:35,taxonomy,NATIVE_LABEL_ONLY,False,False,NATIVE_LABEL_ONLY,NOT_ADMITTED,,True,False,False,False,False,False,False,False,False
resisc45,36,ship,resisc45-category:36,taxonomy,VERIFIED_DEPICTED_TYPE,False,True,SOURCE_TYPED_MAPPING,CONNECTED,11,True,False,True,False,False,False,False,False,False
resisc45,37,snowberg,resisc45-category:37,taxonomy,NATIVE_LABEL_ONLY,False,False,NATIVE_LABEL_ONLY,NOT_ADMITTED,,True,False,False,False,False,False,False,False,False
resisc45,38,sparse_residential,resisc45-category:38,taxonomy,VERIFIED_DEPICTED_TYPE,False,True,SOURCE_TYPED_MAPPING,CONNECTED,7,True,False,True,False,False,False,False,False,False
resisc45,39,stadium,resisc45-category:39,taxonomy,VERIFIED_DEPICTED_TYPE,False,True,SOURCE_TYPED_MAPPING,CONNECTED,7,True,False,True,False,False,False,False,False,False
resisc45,40,storage_tank,resisc45-category:40,taxonomy,VERIFIED_DEPICTED_TYPE,False,True,SOURCE_TYPED_MAPPING,CONNECTED,9,True,False,True,False,False,False,False,False,False
resisc45,41,tennis_court,resisc45-category:41,taxonomy,VERIFIED_DEPICTED_TYPE,False,True,SOURCE_TYPED_MAPPING,CONNECTED,10,True,False,True,False,False,False,False,False,False
resisc45,42,terrace,resisc45-category:42,taxonomy,NATIVE_LABEL_ONLY,False,False,NATIVE_LABEL_ONLY,NOT_ADMITTED,,True,False,False,False,False,False,False,False,False
resisc45,43,thermal_power_station,resisc45-category:43,taxonomy,VERIFIED_DEPICTED_TYPE,False,True,SOURCE_TYPED_MAPPING,CONNECTED,8,True,False,True,False,False,False,False,False,False
resisc45,44,wetland,resisc45-category:44,taxonomy,VERIFIED_DEPICTED_TYPE,False,True,SOURCE_TYPED_MAPPING,CONNECTED,5,True,False,True,False,False,False,False,False,False
stanford_cars,1,AM General Hummer SUV 2000,v26-car:9f68263aa2797f355941bfa9dd0833a1,taxonomy,VERIFIED,True,True,EXACT_IDENTITY,CONNECTED,12,True,True,True,False,False,False,False,True,False
stanford_cars,2,Acura RL Sedan 2012,epa:32066,taxonomy,VERIFIED,True,True,EXACT_IDENTITY,CONNECTED,12,True,True,True,False,False,False,False,True,False
stanford_cars,3,Acura TL Sedan 2012,v26-car:6eb94c4335ef3ca22ffb76de87e74f49,taxonomy,VERIFIED,True,True,EXACT_IDENTITY,CONNECTED,12,True,True,True,False,False,False,False,True,False
stanford_cars,4,Acura TL Type-S 2008,v26-car:9339eb2c53d9776691601e6758f83e8e,taxonomy,VERIFIED,True,True,EXACT_IDENTITY,CONNECTED,12,True,True,True,False,False,False,False,True,False
stanford_cars,5,Acura TSX Sedan 2012,v26-car:ffb8fdc4fdb3019c03c850a2e83a830a,taxonomy,VERIFIED,True,True,EXACT_IDENTITY,CONNECTED,9,True,True,True,False,False,False,False,True,False
stanford_cars,6,Acura Integra Type R 2001,v26-car:fcb8ab77e9d9e3a78b2282b7dc18cba9,taxonomy,VERIFIED,True,True,EXACT_IDENTITY,CONNECTED,12,True,True,True,False,False,False,False,True,False
stanford_cars,7,Acura ZDX Hatchback 2012,v26-car:7169c5459767781fe16b200d312cfeaf,taxonomy,VERIFIED,True,True,EXACT_IDENTITY,CONNECTED,12,True,True,True,False,False,False,False,True,False
stanford_cars,8,Aston Martin V8 Vantage Convertible 2012,v26-car:0458a07d5ad05c0f6fbca341fcc7c6ca,taxonomy,VERIFIED,True,True,EXACT_IDENTITY,CONNECTED,12,True,True,True,False,False,False,False,True,False
stanford_cars,9,Aston Martin V8 Vantage Coupe 2012,v26-car:de50a3ec4af2c4886a6870a625c1fc9f,taxonomy,VERIFIED,True,True,EXACT_IDENTITY,CONNECTED,12,True,True,True,False,False,False,False,True,False
stanford_cars,10,Aston Martin Virage Convertible 2012,vehicle-configuration:2c84c8d0b2817e5f636938fd4bf7c3f6,taxonomy,VERIFIED,True,True,EXACT_IDENTITY,CONNECTED,10,True,True,True,False,False,False,False,True,False
stanford_cars,11,Aston Martin Virage Coupe 2012,vehicle-configuration:820278f969fce647260e365ad02fab76,taxonomy,VERIFIED,True,True,EXACT_IDENTITY,CONNECTED,10,True,True,True,False,False,False,False,True,False
stanford_cars,12,Audi RS 4 Convertible 2008,v26-car:78107acfa137a9c677b88fa4dbb1e4cc,taxonomy,VERIFIED,True,True,EXACT_IDENTITY,CONNECTED,9,True,True,True,False,False,False,False,True,False
stanford_cars,13,Audi A5 Coupe 2012,v26-car:99541d47ecfd76665ed2c081b133bb48,taxonomy,VERIFIED,True,True,EXACT_IDENTITY,CONNECTED,12,True,True,True,False,False,False,False,True,False
stanford_cars,14,Audi TTS Coupe 2012,v26-car:172307e18a60e4148ed1251ddfe41c36,taxonomy,VERIFIED,True,True,EXACT_IDENTITY,CONNECTED,12,True,True,True,False,False,False,False,True,False
stanford_cars,15,Audi R8 Coupe 2012,v26-car:7357bbd71ffb09fa6ff54c4826ea1390,taxonomy,VERIFIED,True,True,EXACT_IDENTITY,CONNECTED,9,True,True,True,False,False,False,False,True,False
stanford_cars,16,Audi V8 Sedan 1994,epa:10852,taxonomy,VERIFIED,True,True,EXACT_IDENTITY,CONNECTED,12,True,True,True,False,False,False,False,True,False
stanford_cars,17,Audi 100 Sedan 1994,v26-car:0c43225ae19f3ea02af395b8f6691db0,taxonomy,VERIFIED,True,True,EXACT_IDENTITY,CONNECTED,12,True,True,True,False,False,False,False,True,False
stanford_cars,18,Audi 100 Wagon 1994,v26-car:e861385eef8a92b75de9193a7ba12349,taxonomy,VERIFIED,True,True,EXACT_IDENTITY,CONNECTED,12,True,True,True,False,False,False,False,True,False
stanford_cars,19,Audi TT Hatchback 2011,v26-car:e67b0efe556ce2872ad4b458e7bd573c,taxonomy,VERIFIED,True,True,EXACT_IDENTITY,CONNECTED,12,True,True,True,False,False,False,False,True,False
stanford_cars,20,Audi S6 Sedan 2011,epa:30357,taxonomy,VERIFIED,True,True,EXACT_IDENTITY,CONNECTED,12,True,True,True,False,False,False,False,True,False
stanford_cars,21,Audi S5 Convertible 2012,v26-car:86e5b8d4487f57f27e80dbca69d3edce,taxonomy,VERIFIED,True,True,EXACT_IDENTITY,CONNECTED,12,True,True,True,False,False,False,False,True,False
stanford_cars,22,Audi S5 Coupe 2012,v26-car:e27b64ebce9e7bd7bac6828d2cc03eef,taxonomy,VERIFIED,True,True,EXACT_IDENTITY,CONNECTED,12,True,True,True,False,False,False,False,True,False
stanford_cars,23,Audi S4 Sedan 2012,v26-car:269b6fe53c91d4e5cbb70fd1848f4c3a,taxonomy,VERIFIED,True,True,EXACT_IDENTITY,CONNECTED,12,True,True,True,False,False,False,False,True,False
stanford_cars,24,Audi S4 Sedan 2007,v26-car:6ce20ad3cabb7acc80f08e4705a0af8b,taxonomy,VERIFIED,True,True,EXACT_IDENTITY,CONNECTED,12,True,True,True,False,False,False,False,True,False
stanford_cars,25,Audi TT RS Coupe 2012,epa:31567,taxonomy,VERIFIED,True,True,EXACT_IDENTITY,CONNECTED,12,True,True,True,False,False,False,False,True,False
stanford_cars,26,BMW ActiveHybrid 5 Sedan 2012,epa:33363,taxonomy,VERIFIED,True,True,EXACT_IDENTITY,CONNECTED,12,True,True,True,False,False,False,False,True,False
stanford_cars,27,BMW 1 Series Convertible 2012,v26-car:39aca576ed30a21d47637fdfed31eb34,taxonomy,VERIFIED,True,True,EXACT_IDENTITY,CONNECTED,12,True,True,True,False,False,False,False,True,False
stanford_cars,28,BMW 1 Series Coupe 2012,v26-car:dc09ccac75917cff03a03b2e86c3dccf,taxonomy,VERIFIED,True,True,EXACT_IDENTITY,CONNECTED,12,True,True,True,False,False,False,False,True,False
stanford_cars,29,BMW 3 Series Sedan 2012,v26-car:cd5cfd3fc37471a95e2bc4f97e78e0b4,taxonomy,VERIFIED,True,True,EXACT_IDENTITY,CONNECTED,12,True,True,True,False,False,False,False,True,False
stanford_cars,30,BMW 3 Series Wagon 2012,v26-car:a7abae57b574b3bf56906b8058bfdc4a,taxonomy,VERIFIED,True,True,EXACT_IDENTITY,CONNECTED,12,True,True,True,False,False,False,False,True,False
stanford_cars,31,BMW 6 Series Convertible 2007,v26-car:7cd979723703dba5612904ac4a4474a0,taxonomy,VERIFIED,True,True,EXACT_IDENTITY,CONNECTED,12,True,True,True,False,False,False,False,True,False
stanford_cars,32,BMW X5 SUV 2007,v26-car:f1a6559c9590907b2c8f6fc523ea2224,taxonomy,VERIFIED,True,True,EXACT_IDENTITY,CONNECTED,12,True,True,True,False,False,False,False,True,False
stanford_cars,33,BMW X6 SUV 2012,v26-car:eb4430ca15cf42bd3f2124baa88e0d12,taxonomy,VERIFIED,True,True,EXACT_IDENTITY,CONNECTED,12,True,True,True,False,False,False,False,True,False
stanford_cars,34,BMW M3 Coupe 2012,v26-car:d1a987fd70deddeff1ff248c5e5cf0a5,taxonomy,VERIFIED,True,True,EXACT_IDENTITY,CONNECTED,12,True,True,True,False,False,False,False,True,False
stanford_cars,35,BMW M5 Sedan 2010,v26-car:45b5b84b63f5a17bcd376aca233aba5d,taxonomy,VERIFIED,True,True,EXACT_IDENTITY,CONNECTED,12,True,True,True,False,False,False,False,True,False
stanford_cars,36,BMW M6 Convertible 2010,v26-car:5fc64e03f76d458f97b628d3478d7480,taxonomy,VERIFIED,True,True,EXACT_IDENTITY,CONNECTED,12,True,True,True,False,False,False,False,True,False
stanford_cars,37,BMW X3 SUV 2012,v26-car:e5c52517be9b228d08df83148d08acf3,taxonomy,VERIFIED,True,True,EXACT_IDENTITY,CONNECTED,12,True,True,True,False,False,False,False,True,False
stanford_cars,38,BMW Z4 Convertible 2012,v26-car:221dcfea2c541b6ed1dacfe79513a41b,taxonomy,VERIFIED,True,True,EXACT_IDENTITY,CONNECTED,12,True,True,True,False,False,False,False,True,False
stanford_cars,39,Bentley Continental Supersports Conv. Convertible 2012,v26-car:ce0e2122ef5934845a6affce1f124789,taxonomy,VERIFIED,True,True,EXACT_IDENTITY,CONNECTED,12,True,True,True,False,False,False,False,True,False
stanford_cars,40,Bentley Arnage Sedan 2009,epa:25267,taxonomy,VERIFIED,True,True,EXACT_IDENTITY,CONNECTED,9,True,True,True,False,False,False,False,True,False
stanford_cars,41,Bentley Mulsanne Sedan 2011,epa:31007,taxonomy,VERIFIED,True,True,EXACT_IDENTITY,CONNECTED,9,True,True,True,False,False,False,False,True,False
stanford_cars,42,Bentley Continental GT Coupe 2012,epa:31181,taxonomy,VERIFIED,True,True,EXACT_IDENTITY,CONNECTED,12,True,True,True,False,False,False,False,True,False
stanford_cars,43,Bentley Continental GT Coupe 2007,epa:23172,taxonomy,VERIFIED,True,True,EXACT_IDENTITY,CONNECTED,12,True,True,True,False,False,False,False,True,False
stanford_cars,44,Bentley Continental Flying Spur Sedan 2007,epa:23239,taxonomy,VERIFIED,True,True,EXACT_IDENTITY,CONNECTED,12,True,True,True,False,False,False,False,True,False
stanford_cars,45,Bugatti Veyron 16.4 Convertible 2009,v26-car:f0fa65bbae967b00e069e832b2775042,taxonomy,VERIFIED,True,True,EXACT_IDENTITY,CONNECTED,12,True,True,True,False,False,False,False,True,False
stanford_cars,46,Bugatti Veyron 16.4 Coupe 2009,v26-car:ae49940a0fb83893f192d05fa3097898,taxonomy,VERIFIED,True,True,EXACT_IDENTITY,CONNECTED,12,True,True,True,False,False,False,False,True,False
stanford_cars,47,Buick Regal GS 2012,v26-car:853400578726d74578bacc9c6e5db42b,taxonomy,VERIFIED,True,True,EXACT_IDENTITY,CONNECTED,12,True,True,True,False,False,False,False,True,False
stanford_cars,48,Buick Rainier SUV 2007,v26-car:c38787aa512709138ce05978e2753481,taxonomy,VERIFIED,True,True,EXACT_IDENTITY,CONNECTED,9,True,True,True,False,False,False,False,True,False
stanford_cars,49,Buick Verano Sedan 2012,epa:32160,taxonomy,VERIFIED,True,True,EXACT_IDENTITY,CONNECTED,12,True,True,True,False,False,False,False,True,False
stanford_cars,50,Buick Enclave SUV 2012,v26-car:3224ad9dfdee412fe2084a060b6263bf,taxonomy,VERIFIED,True,True,EXACT_IDENTITY,CONNECTED,12,True,True,True,False,False,False,False,True,False
stanford_cars,51,Cadillac CTS-V Sedan 2012,v26-car:600809234c0642124ffc0725c737244a,taxonomy,VERIFIED,True,True,EXACT_IDENTITY,CONNECTED,12,True,True,True,False,False,False,False,True,False
stanford_cars,52,Cadillac SRX SUV 2012,v26-car:594dbf16867afe0b525a947585738218,taxonomy,VERIFIED,True,True,EXACT_IDENTITY,CONNECTED,9,True,True,True,False,False,False,False,True,False
stanford_cars,53,Cadillac Escalade EXT Crew Cab 2007,v26-car:cffaf308246862ee9997d40097afb011,taxonomy,VERIFIED,True,True,EXACT_IDENTITY,CONNECTED,12,True,True,True,False,False,False,False,True,False
stanford_cars,54,Chevrolet Silverado 1500 Hybrid Crew Cab 2012,v26-car:776386917223d97436a271b7bfb5f7b3,taxonomy,VERIFIED,True,True,EXACT_IDENTITY,CONNECTED,12,True,True,True,False,False,False,False,True,False
stanford_cars,55,Chevrolet Corvette Convertible 2012,v26-car:d848d2f704a1a9dae824017e84438ef5,taxonomy,VERIFIED,True,True,EXACT_IDENTITY,CONNECTED,9,True,True,True,False,False,False,False,True,False
stanford_cars,56,Chevrolet Corvette ZR1 2012,v26-car:a5282ffb380a20288218adad2a63170d,taxonomy,VERIFIED,True,True,EXACT_IDENTITY,CONNECTED,12,True,True,True,False,False,False,False,True,False
stanford_cars,57,Chevrolet Corvette Ron Fellows Edition Z06 2007,v26-car:e86b979a5c6bb0b82129a9af86d01a23,taxonomy,VERIFIED,True,True,EXACT_IDENTITY,CONNECTED,12,True,True,True,False,False,False,False,True,False
stanford_cars,58,Chevrolet Traverse SUV 2012,v26-car:afaf907e4d14b681f5e72f46e5e4be5b,taxonomy,VERIFIED,True,True,EXACT_IDENTITY,CONNECTED,9,True,True,True,False,False,False,False,True,False
stanford_cars,59,Chevrolet Camaro Convertible 2012,v26-car:a4b6b4bc75bd4e357e1036bf3ff1bbb5,taxonomy,VERIFIED,True,True,EXACT_IDENTITY,CONNECTED,9,True,True,True,False,False,False,False,True,False
stanford_cars,60,Chevrolet HHR SS 2010,v26-car:1da04044dc54b9faf1f2be43df689a3c,taxonomy,VERIFIED,True,True,EXACT_IDENTITY,CONNECTED,12,True,True,True,False,False,False,False,True,False
stanford_cars,61,Chevrolet Impala Sedan 2007,v26-car:62ae749ac59501c4107546028b04c430,taxonomy,VERIFIED,True,True,EXACT_IDENTITY,CONNECTED,12,True,True,True,False,False,False,False,True,False
stanford_cars,62,Chevrolet Tahoe Hybrid SUV 2012,v26-car:21bece7e8ef06032e72cd8b39e59fbac,taxonomy,VERIFIED,True,True,EXACT_IDENTITY,CONNECTED,9,True,True,True,False,False,False,False,True,False
stanford_cars,63,Chevrolet Sonic Sedan 2012,v26-car:760d8db381519d27c28358b333254367,taxonomy,VERIFIED,True,True,EXACT_IDENTITY,CONNECTED,9,True,True,True,False,False,False,False,True,False
stanford_cars,64,Chevrolet Express Cargo Van 2007,v26-car:c88df0601baf6390ab5c05a5b03e2ed6,taxonomy,VERIFIED,True,True,EXACT_IDENTITY,CONNECTED,12,True,True,True,False,False,False,False,True,False
stanford_cars,65,Chevrolet Avalanche Crew Cab 2012,v26-car:84e32ca13138ab4c75b03ac009d99c6a,taxonomy,VERIFIED,True,True,EXACT_IDENTITY,CONNECTED,12,True,True,True,False,False,False,False,True,False
stanford_cars,66,Chevrolet Cobalt SS 2010,v26-car:bbfed5d978feeeceb195101708fe844f,taxonomy,VERIFIED,True,True,EXACT_IDENTITY,CONNECTED,12,True,True,True,False,False,False,False,True,False
stanford_cars,67,Chevrolet Malibu Hybrid Sedan 2010,v26-car:160adc27944baeb4e7d6ef9e03392d9b,taxonomy,VERIFIED,True,True,EXACT_IDENTITY,CONNECTED,9,True,True,True,False,False,False,False,True,False
stanford_cars,68,Chevrolet TrailBlazer SS 2009,v26-car:63fa5c96bde5f2c473c91b11fbda380d,taxonomy,VERIFIED,True,True,EXACT_IDENTITY,CONNECTED,12,True,True,True,False,False,False,False,True,False
stanford_cars,69,Chevrolet Silverado 2500HD Regular Cab 2012,v26-car:3dc101f15b58e583be64dbab0a47c557,taxonomy,VERIFIED,True,True,EXACT_IDENTITY,CONNECTED,12,True,True,True,False,False,False,False,True,False
stanford_cars,70,Chevrolet Silverado 1500 Classic Extended Cab 2007,v26-car:f99c82ab08b78ee298a6f16229a50c0a,taxonomy,VERIFIED,True,True,EXACT_IDENTITY,CONNECTED,12,True,True,True,False,False,False,False,True,False
stanford_cars,71,Chevrolet Express Van 2007,v26-car:098b82acabcbb52be355a34c09627290,taxonomy,VERIFIED,True,True,EXACT_IDENTITY,CONNECTED,12,True,True,True,False,False,False,False,True,False
stanford_cars,72,Chevrolet Monte Carlo Coupe 2007,v26-car:b0542799b2276e8f8f580f1dcd6e6d8a,taxonomy,VERIFIED,True,True,EXACT_IDENTITY,CONNECTED,9,True,True,True,False,False,False,False,True,False
stanford_cars,73,Chevrolet Malibu Sedan 2007,v26-car:86b2becac8feb27dec208168a356e731,taxonomy,VERIFIED,True,True,EXACT_IDENTITY,CONNECTED,9,True,True,True,False,False,False,False,True,False
stanford_cars,74,Chevrolet Silverado 1500 Extended Cab 2012,v26-car:88a5959e64dd7077d1d28052b2ab89d4,taxonomy,VERIFIED,True,True,EXACT_IDENTITY,CONNECTED,12,True,True,True,False,False,False,False,True,False
stanford_cars,75,Chevrolet Silverado 1500 Regular Cab 2012,v26-car:1f51ac8969ce4e47453e4c85101d99b9,taxonomy,VERIFIED,True,True,EXACT_IDENTITY,CONNECTED,12,True,True,True,False,False,False,False,True,False
stanford_cars,76,Chrysler Aspen SUV 2009,v26-car:7307b3190a435e367eb4a216e203fc87,taxonomy,VERIFIED,True,True,EXACT_IDENTITY,CONNECTED,9,True,True,True,False,False,False,False,True,False
stanford_cars,77,Chrysler Sebring Convertible 2010,v26-car:f94681984f71d81662ac7b85a0e46c10,taxonomy,VERIFIED,True,True,EXACT_IDENTITY,CONNECTED,9,True,True,True,False,False,False,False,True,False
stanford_cars,78,Chrysler Town and Country Minivan 2012,epa:31461,taxonomy,VERIFIED,True,True,EXACT_IDENTITY,CONNECTED,9,True,True,True,False,False,False,False,True,False
stanford_cars,79,Chrysler 300 SRT-8 2010,v26-car:18f27f04afd45659e57ec52f99e758df,taxonomy,VERIFIED,True,True,EXACT_IDENTITY,CONNECTED,12,True,True,True,False,False,False,False,True,False
stanford_cars,80,Chrysler Crossfire Convertible 2008,v26-car:5baa3cd910d1300a42958ec3cd5b25c2,taxonomy,VERIFIED,True,True,EXACT_IDENTITY,CONNECTED,12,True,True,True,False,False,False,False,True,False
stanford_cars,81,Chrysler PT Cruiser Convertible 2008,v26-car:1d86ad9aa5e66ea7829c080fd54e199f,taxonomy,VERIFIED,True,True,EXACT_IDENTITY,CONNECTED,9,True,True,True,False,False,False,False,True,False
stanford_cars,82,Daewoo Nubira Wagon 2002,v26-car:b8c597634c9f2164a7edc2e3e9ae8d23,taxonomy,VERIFIED,True,True,EXACT_IDENTITY,CONNECTED,12,True,True,True,False,False,False,False,True,False
stanford_cars,83,Dodge Caliber Wagon 2012,v26-car:5620ae81d0e97fa9fe9e53ccba6f3ecf,taxonomy,VERIFIED,True,True,EXACT_IDENTITY,CONNECTED,12,True,True,True,False,False,False,False,True,False
stanford_cars,84,Dodge Caliber Wagon 2007,v26-car:fda411e3ec490a41c783531facb59166,taxonomy,VERIFIED,True,True,EXACT_IDENTITY,CONNECTED,12,True,True,True,False,False,False,False,True,False
stanford_cars,85,Dodge Caravan Minivan 1997,v26-car:2d80f63799f7fa1821834ef35e3711cb,taxonomy,VERIFIED,True,True,EXACT_IDENTITY,CONNECTED,12,True,True,True,False,False,False,False,True,False
stanford_cars,86,Dodge Ram Pickup 3500 Crew Cab 2010,v26-car:6eedbcc6dc0c302aafc139d821e9f0c0,taxonomy,VERIFIED,True,True,EXACT_IDENTITY,CONNECTED,12,True,True,True,False,False,False,False,True,False
stanford_cars,87,Dodge Ram Pickup 3500 Quad Cab 2009,v26-car:c8c37418b9ffa07281b898e46d70666b,taxonomy,VERIFIED,True,True,EXACT_IDENTITY,CONNECTED,12,True,True,True,False,False,False,False,True,False
stanford_cars,88,Dodge Sprinter Cargo Van 2009,v26-car:7024ef0c0339307f2e3a7c75524c04a0,taxonomy,VERIFIED,True,True,EXACT_IDENTITY,CONNECTED,12,True,True,True,False,False,False,False,True,False
stanford_cars,89,Dodge Journey SUV 2012,v26-car:b7cfe4e94b6f6869d83978574ecae879,taxonomy,VERIFIED,True,True,EXACT_IDENTITY,CONNECTED,12,True,True,True,False,False,False,False,True,False
stanford_cars,90,Dodge Dakota Crew Cab 2010,v26-car:01c33d5a16aaa2c77b5fd3863d5f7813,taxonomy,VERIFIED,True,True,EXACT_IDENTITY,CONNECTED,12,True,True,True,False,False,False,False,True,False
stanford_cars,91,Dodge Dakota Club Cab 2007,v26-car:212bc6857060f73e7e684088c1a87cad,taxonomy,VERIFIED,True,True,EXACT_IDENTITY,CONNECTED,12,True,True,True,False,False,False,False,True,False
stanford_cars,92,Dodge Magnum Wagon 2008,v26-car:f7c9bdafe145ebee4c9967047b584306,taxonomy,VERIFIED,True,True,EXACT_IDENTITY,CONNECTED,12,True,True,True,False,False,False,False,True,False
stanford_cars,93,Dodge Challenger SRT8 2011,v26-car:904204c3d602d7d45ca4bdc520b3df55,taxonomy,VERIFIED,True,True,EXACT_IDENTITY,CONNECTED,9,True,True,True,False,False,False,False,True,False
stanford_cars,94,Dodge Durango SUV 2012,v26-car:b86c05981a898627883c07e24ca1fd00,taxonomy,VERIFIED,True,True,EXACT_IDENTITY,CONNECTED,12,True,True,True,False,False,False,False,True,False
stanford_cars,95,Dodge Durango SUV 2007,v26-car:bf39dc45b392aae8aa7282a15c4a15c0,taxonomy,VERIFIED,True,True,EXACT_IDENTITY,CONNECTED,12,True,True,True,False,False,False,False,True,False
stanford_cars,96,Dodge Charger Sedan 2012,v26-car:2745158617df35a6696a78f88b5c87cd,taxonomy,VERIFIED,True,True,EXACT_IDENTITY,CONNECTED,12,True,True,True,False,False,False,False,True,False
stanford_cars,97,Dodge Charger SRT-8 2009,v26-car:d09c6fa95d806d4f28283f55a3f8c9ee,taxonomy,VERIFIED,True,True,EXACT_IDENTITY,CONNECTED,12,True,True,True,False,False,False,False,True,False
stanford_cars,98,Eagle Talon Hatchback 1998,v26-car:e614e160a05d5c2b4bca77e696719cc7,taxonomy,VERIFIED,True,True,EXACT_IDENTITY,CONNECTED,12,True,True,True,False,False,False,False,True,False
stanford_cars,99,FIAT 500 Abarth 2012,v26-car:38e77701220320c83ba284908e9f9eae,taxonomy,VERIFIED,True,True,EXACT_IDENTITY,CONNECTED,9,True,True,True,False,False,False,False,True,False
stanford_cars,100,FIAT 500 Convertible 2012,v26-car:ed9a64db887c160873e52bb83e7c158c,taxonomy,VERIFIED,True,True,EXACT_IDENTITY,CONNECTED,9,True,True,True,False,False,False,False,True,False
stanford_cars,101,Ferrari FF Coupe 2012,v26-car:7683808395d814c695c1609bddfbea31,taxonomy,VERIFIED,True,True,EXACT_IDENTITY,CONNECTED,9,True,True,True,False,False,False,False,True,False
stanford_cars,102,Ferrari California Convertible 2012,v26-car:86bfd9c0b31999988a9529bdad1e3fd6,taxonomy,VERIFIED,True,True,EXACT_IDENTITY,CONNECTED,9,True,True,True,False,False,False,False,True,False
stanford_cars,103,Ferrari 458 Italia Convertible 2012,v26-car:97fdd4532bd7966227e89cc1e4e9e38d,taxonomy,VERIFIED,True,True,EXACT_IDENTITY,CONNECTED,12,True,True,True,False,False,False,False,True,False
stanford_cars,104,Ferrari 458 Italia Coupe 2012,v26-car:16a9d00b2c96999ce857cc62fd77db46,taxonomy,VERIFIED,True,True,EXACT_IDENTITY,CONNECTED,12,True,True,True,False,False,False,False,True,False
stanford_cars,105,Fisker Karma Sedan 2012,epa:32516,taxonomy,VERIFIED,True,True,EXACT_IDENTITY,CONNECTED,9,True,True,True,False,False,False,False,True,False
stanford_cars,106,Ford F-450 Super Duty Crew Cab 2012,v26-car:1827d72d6314c492100a6288548cab8d,taxonomy,VERIFIED,True,True,EXACT_IDENTITY,CONNECTED,12,True,True,True,False,False,False,False,True,False
stanford_cars,107,Ford Mustang Convertible 2007,v26-car:9564195f0bd940214ad96a16becf5c72,taxonomy,VERIFIED,True,True,EXACT_IDENTITY,CONNECTED,12,True,True,True,False,False,False,False,True,False
stanford_cars,108,Ford Freestar Minivan 2007,v26-car:8c180984fc1e3049f84d31c9272b6682,taxonomy,VERIFIED,True,True,EXACT_IDENTITY,CONNECTED,12,True,True,True,False,False,False,False,True,False
stanford_cars,109,Ford Expedition EL SUV 2009,v26-car:4e05e746f14d7af7873481b9547406a9,taxonomy,VERIFIED,True,True,EXACT_IDENTITY,CONNECTED,12,True,True,True,False,False,False,False,True,False
stanford_cars,110,Ford Edge SUV 2012,v26-car:1b18c8712b8eca62a8def8131cbe5224,taxonomy,VERIFIED,True,True,EXACT_IDENTITY,CONNECTED,9,True,True,True,False,False,False,False,True,False
stanford_cars,111,Ford Ranger SuperCab 2011,v26-car:a42ce2a5c0c774d31111f3acc06956d7,taxonomy,VERIFIED,True,True,EXACT_IDENTITY,CONNECTED,12,True,True,True,False,False,False,False,True,False
stanford_cars,112,Ford GT Coupe 2006,v26-car:758c0020bfbca4b9c146596cc0d33899,taxonomy,VERIFIED,True,True,EXACT_IDENTITY,CONNECTED,9,True,True,True,False,False,False,False,True,False
stanford_cars,113,Ford F-150 Regular Cab 2012,v26-car:61992490402348434957ada4f4094bff,taxonomy,VERIFIED,True,True,EXACT_IDENTITY,CONNECTED,12,True,True,True,False,False,False,False,True,False
stanford_cars,114,Ford F-150 Regular Cab 2007,v26-car:d0e64dd2c95e7620e9b440c7752aed54,taxonomy,VERIFIED,True,True,EXACT_IDENTITY,CONNECTED,12,True,True,True,False,False,False,False,True,False
stanford_cars,115,Ford Focus Sedan 2007,v26-car:297a168f4599d9b3a494bbdde54603ab,taxonomy,VERIFIED,True,True,EXACT_IDENTITY,CONNECTED,12,True,True,True,False,False,False,False,True,False
stanford_cars,116,Ford E-Series Wagon Van 2012,v26-car:0e9414c5e4be4cb254f7d7774e574af5,taxonomy,VERIFIED,True,True,EXACT_IDENTITY,CONNECTED,12,True,True,True,False,False,False,False,True,False
stanford_cars,117,Ford Fiesta Sedan 2012,v26-car:f0f33d284ad66d4f7b9e33c025f7e735,taxonomy,VERIFIED,True,True,EXACT_IDENTITY,CONNECTED,9,True,True,True,False,False,False,False,True,False
stanford_cars,118,GMC Terrain SUV 2012,v26-car:98a1b1f5c6085a979531adf5b7fe0347,taxonomy,VERIFIED,True,True,EXACT_IDENTITY,CONNECTED,9,True,True,True,False,False,False,False,True,False
stanford_cars,119,GMC Savana Van 2012,v26-car:000660014e4d80251239ea777bae6666,taxonomy,VERIFIED,True,True,EXACT_IDENTITY,CONNECTED,12,True,True,True,False,False,False,False,True,False
stanford_cars,120,GMC Yukon Hybrid SUV 2012,v26-car:664daf621e87c63f2c05c99638476197,taxonomy,VERIFIED,True,True,EXACT_IDENTITY,CONNECTED,12,True,True,True,False,False,False,False,True,False
stanford_cars,121,GMC Acadia SUV 2012,v26-car:807a38dd1ffd2d68e6606740cb57031c,taxonomy,VERIFIED,True,True,EXACT_IDENTITY,CONNECTED,12,True,True,True,False,False,False,False,True,False
stanford_cars,122,GMC Canyon Extended Cab 2012,v26-car:460abd7a49662fb48d898366d732a3ff,taxonomy,VERIFIED,True,True,EXACT_IDENTITY,CONNECTED,12,True,True,True,False,False,False,False,True,False
stanford_cars,123,Geo Metro Convertible 1993,v26-car:573089bdeaa49ef1b9fa2c58bc815814,taxonomy,VERIFIED,True,True,EXACT_IDENTITY,CONNECTED,12,True,True,True,False,False,False,False,True,False
stanford_cars,124,HUMMER H3T Crew Cab 2010,v26-car:7bef180ba8119a403855f8b10b11edb4,taxonomy,VERIFIED,True,True,EXACT_IDENTITY,CONNECTED,12,True,True,True,False,False,False,False,True,False
stanford_cars,125,HUMMER H2 SUT Crew Cab 2009,v26-car:70a4168826431f97ba5b16042d990fa4,taxonomy,VERIFIED,True,True,EXACT_IDENTITY,CONNECTED,9,True,True,True,False,False,False,False,True,False
stanford_cars,126,Honda Odyssey Minivan 2012,v26-car:fcc15d897e1573adb5fdd1b10905bc8d,taxonomy,VERIFIED,True,True,EXACT_IDENTITY,CONNECTED,9,True,True,True,False,False,False,False,True,False
stanford_cars,127,Honda Odyssey Minivan 2007,v26-car:640ddc2e6eb56b9c48f52a2a43f9fc74,taxonomy,VERIFIED,True,True,EXACT_IDENTITY,CONNECTED,9,True,True,True,False,False,False,False,True,False
stanford_cars,128,Honda Accord Coupe 2012,v26-car:c59886d919a2fb1bdff3f322e0d26310,taxonomy,VERIFIED,True,True,EXACT_IDENTITY,CONNECTED,9,True,True,True,False,False,False,False,True,False
stanford_cars,129,Honda Accord Sedan 2012,v26-car:45d07ec1da258cac45286b3d650a5a5c,taxonomy,VERIFIED,True,True,EXACT_IDENTITY,CONNECTED,9,True,True,True,False,False,False,False,True,False
stanford_cars,130,Hyundai Veloster Hatchback 2012,v26-car:621e6e534edc86141ab1ec980db59801,taxonomy,VERIFIED,True,True,EXACT_IDENTITY,CONNECTED,9,True,True,True,False,False,False,False,True,False
stanford_cars,131,Hyundai Santa Fe SUV 2012,v26-car:a0f9fae55c575ff05b9986497d316958,taxonomy,VERIFIED,True,True,EXACT_IDENTITY,CONNECTED,12,True,True,True,False,False,False,False,True,False
stanford_cars,132,Hyundai Tucson SUV 2012,v26-car:3801b560649ef22130cd72e27cca5b96,taxonomy,VERIFIED,True,True,EXACT_IDENTITY,CONNECTED,9,True,True,True,False,False,False,False,True,False
stanford_cars,133,Hyundai Veracruz SUV 2012,v26-car:db8759065d8f18fb0337b05fba297a58,taxonomy,VERIFIED,True,True,EXACT_IDENTITY,CONNECTED,9,True,True,True,False,False,False,False,True,False
stanford_cars,134,Hyundai Sonata Hybrid Sedan 2012,v26-car:ee1618d392dfff28271f3507a4f840a1,taxonomy,VERIFIED,True,True,EXACT_IDENTITY,CONNECTED,12,True,True,True,False,False,False,False,True,False
stanford_cars,135,Hyundai Elantra Sedan 2007,v26-car:ece671ecfb086b81765e54b4a6998254,taxonomy,VERIFIED,True,True,EXACT_IDENTITY,CONNECTED,9,True,True,True,False,False,False,False,True,False
stanford_cars,136,Hyundai Accent Sedan 2012,v26-car:deac91dacbc3eed81c2341b2560509df,taxonomy,VERIFIED,True,True,EXACT_IDENTITY,CONNECTED,9,True,True,True,False,False,False,False,True,False
stanford_cars,137,Hyundai Genesis Sedan 2012,v26-car:26bb6d08fbc815d295c26ecca4bfbdc1,taxonomy,VERIFIED,True,True,EXACT_IDENTITY,CONNECTED,9,True,True,True,False,False,False,False,True,False
stanford_cars,138,Hyundai Sonata Sedan 2012,v26-car:5ce3ae1ca5ccd78dad6b2f2d2a3c88f4,taxonomy,VERIFIED,True,True,EXACT_IDENTITY,CONNECTED,12,True,True,True,False,False,False,False,True,False
stanford_cars,139,Hyundai Elantra Touring Hatchback 2012,v26-car:3a383e252a90866115fbdf57819c0ed3,taxonomy,VERIFIED,True,True,EXACT_IDENTITY,CONNECTED,9,True,True,True,False,False,False,False,True,False
stanford_cars,140,Hyundai Azera Sedan 2012,epa:32188,taxonomy,VERIFIED,True,True,EXACT_IDENTITY,CONNECTED,9,True,True,True,False,False,False,False,True,False
stanford_cars,141,Infiniti G Coupe IPL 2012,v26-car:8182a61449e24e433e0d1bb1104d2446,taxonomy,VERIFIED,True,True,EXACT_IDENTITY,CONNECTED,12,True,True,True,False,False,False,False,True,False
stanford_cars,142,Infiniti QX56 SUV 2011,v26-car:961d6c639ab16793122f923888f57c65,taxonomy,VERIFIED,True,True,EXACT_IDENTITY,CONNECTED,12,True,True,True,False,False,False,False,True,False
stanford_cars,143,Isuzu Ascender SUV 2008,v26-car:ed0ebeca5be3b7803c915c4cca43630b,taxonomy,VERIFIED,True,True,EXACT_IDENTITY,CONNECTED,12,True,True,True,False,False,False,False,True,False
stanford_cars,144,Jaguar XK XKR 2012,v26-car:4c4b638d1f3f066bf563a313ed6a3b62,taxonomy,VERIFIED,True,True,EXACT_IDENTITY,CONNECTED,12,True,True,True,False,False,False,False,True,False
stanford_cars,145,Jeep Patriot SUV 2012,v26-car:b36080bdba02ac1633ecdb7e86b366d3,taxonomy,VERIFIED,True,True,EXACT_IDENTITY,CONNECTED,9,True,True,True,False,False,False,False,True,False
stanford_cars,146,Jeep Wrangler SUV 2012,v26-car:5076a817ea04284fe453ac39fcb342f8,taxonomy,VERIFIED,True,True,EXACT_IDENTITY,CONNECTED,9,True,True,True,False,False,False,False,True,False
stanford_cars,147,Jeep Liberty SUV 2012,v26-car:1e701057e5da54e0123bdfa2a1e3c49b,taxonomy,VERIFIED,True,True,EXACT_IDENTITY,CONNECTED,12,True,True,True,False,False,False,False,True,False
stanford_cars,148,Jeep Grand Cherokee SUV 2012,v26-car:6d403280e9b9a9f98b3d809c49a551d5,taxonomy,VERIFIED,True,True,EXACT_IDENTITY,CONNECTED,9,True,True,True,False,False,False,False,True,False
stanford_cars,149,Jeep Compass SUV 2012,v26-car:79504647da7f0d75a07e828c0f9a40e3,taxonomy,VERIFIED,True,True,EXACT_IDENTITY,CONNECTED,9,True,True,True,False,False,False,False,True,False
stanford_cars,150,Lamborghini Reventon Coupe 2008,v26-car:2a436916d2fcd17e0acb8f7606de5c84,taxonomy,VERIFIED,True,True,EXACT_IDENTITY,CONNECTED,12,True,True,True,False,False,False,False,True,False
stanford_cars,151,Lamborghini Aventador Coupe 2012,epa:31087,taxonomy,VERIFIED,True,True,EXACT_IDENTITY,CONNECTED,12,True,True,True,False,False,False,False,True,False
stanford_cars,152,Lamborghini Gallardo LP 570-4 Superleggera 2012,v26-car:4d1189d45d5aaf6dcc065b6d014fe264,taxonomy,VERIFIED,True,True,EXACT_IDENTITY,CONNECTED,12,True,True,True,False,False,False,False,True,False
stanford_cars,153,Lamborghini Diablo Coupe 2001,v26-car:3884510a5a27b0ceee8573885a088c45,taxonomy,VERIFIED,True,True,EXACT_IDENTITY,CONNECTED,9,True,True,True,False,False,False,False,True,False
stanford_cars,154,Land Rover Range Rover SUV 2012,v26-car:86391921906a6b3d30f0abef45f5e138,taxonomy,VERIFIED,True,True,EXACT_IDENTITY,CONNECTED,9,True,True,True,False,False,False,False,True,False
stanford_cars,155,Land Rover LR2 SUV 2012,epa:32141,taxonomy,VERIFIED,True,True,EXACT_IDENTITY,CONNECTED,12,True,True,True,False,False,False,False,True,False
stanford_cars,156,Lincoln Town Car Sedan 2011,v26-car:4ca2e7ac6440f3e84c5dd3fcb3c39e0a,taxonomy,VERIFIED,True,True,EXACT_IDENTITY,CONNECTED,12,True,True,True,False,False,False,False,True,False
stanford_cars,157,MINI Cooper Roadster Convertible 2012,v26-car:1f39a5c1bc0e3fd9d0770d75d8ef3bf0,taxonomy,VERIFIED,True,True,EXACT_IDENTITY,CONNECTED,9,True,True,True,False,False,False,False,True,False
stanford_cars,158,Maybach Landaulet Convertible 2012,epa:32320,taxonomy,VERIFIED,True,True,EXACT_IDENTITY,CONNECTED,12,True,True,True,False,False,False,False,True,False
stanford_cars,159,Mazda Tribute SUV 2011,v26-car:cfcc0057423f86644616d81f5e8769eb,taxonomy,VERIFIED,True,True,EXACT_IDENTITY,CONNECTED,12,True,True,True,False,False,False,False,True,False
stanford_cars,160,McLaren MP4-12C Coupe 2012,v26-car:6f732a70612e4ffa8773dafc25112084,taxonomy,VERIFIED,True,True,EXACT_IDENTITY,CONNECTED,9,True,True,True,False,False,False,False,True,False
stanford_cars,161,Mercedes-Benz 300-Class Convertible 1993,v26-car:2c16b48b4b21409966a760bfad19662d,taxonomy,VERIFIED,True,True,EXACT_IDENTITY,CONNECTED,12,True,True,True,False,False,False,False,True,False
stanford_cars,162,Mercedes-Benz C-Class Sedan 2012,v26-car:542052ddd27031f481753325a9cc349c,taxonomy,VERIFIED,True,True,EXACT_IDENTITY,CONNECTED,9,True,True,True,False,False,False,False,True,False
stanford_cars,163,Mercedes-Benz SL-Class Coupe 2009,v26-car:cacd15943d5499a9262fe62199d5e8c8,taxonomy,VERIFIED,True,True,EXACT_IDENTITY,CONNECTED,9,True,True,True,False,False,False,False,True,False
stanford_cars,164,Mercedes-Benz E-Class Sedan 2012,v26-car:c24b49c0e29aabb6c6b454662b4ba12a,taxonomy,VERIFIED,True,True,EXACT_IDENTITY,CONNECTED,9,True,True,True,False,False,False,False,True,False
stanford_cars,165,Mercedes-Benz S-Class Sedan 2012,v26-car:e84c9e7c1f54f3bcd60fbc12b86d5add,taxonomy,VERIFIED,True,True,EXACT_IDENTITY,CONNECTED,9,True,True,True,False,False,False,False,True,False
stanford_cars,166,Mercedes-Benz Sprinter Van 2012,v26-car:77e4e3201da676a757d0a7e418118955,taxonomy,VERIFIED,True,True,EXACT_IDENTITY,CONNECTED,12,True,True,True,False,False,False,False,True,False
stanford_cars,167,Mitsubishi Lancer Sedan 2012,v26-car:9b403c7938a947651ecdc1ae6e35993e,taxonomy,VERIFIED,True,True,EXACT_IDENTITY,CONNECTED,9,True,True,True,False,False,False,False,True,False
stanford_cars,168,Nissan Leaf Hatchback 2012,epa:32154,taxonomy,VERIFIED,True,True,EXACT_IDENTITY,CONNECTED,9,True,True,True,False,False,False,False,True,False
stanford_cars,169,Nissan NV Passenger Van 2012,v26-car:8e6c9b0d4d0ce8928d79084e8473fb3d,taxonomy,VERIFIED,True,True,EXACT_IDENTITY,CONNECTED,12,True,True,True,False,False,False,False,True,False
stanford_cars,170,Nissan Juke Hatchback 2012,v26-car:1f776c1615fc9a855ff40571c0c2f153,taxonomy,VERIFIED,True,True,EXACT_IDENTITY,CONNECTED,9,True,True,True,False,False,False,False,True,False
stanford_cars,171,Nissan 240SX Coupe 1998,v26-car:b866227c8ab024ce31df1bfab41e5ee9,taxonomy,VERIFIED,True,True,EXACT_IDENTITY,CONNECTED,12,True,True,True,False,False,False,False,True,False
stanford_cars,172,Plymouth Neon Coupe 1999,v26-car:7113aefa1bf219e4ef3829dbf851534e,taxonomy,VERIFIED,True,True,EXACT_IDENTITY,CONNECTED,9,True,True,True,False,False,False,False,True,False
stanford_cars,173,Porsche Panamera Sedan 2012,epa:31805,taxonomy,VERIFIED,True,True,EXACT_IDENTITY,CONNECTED,12,True,True,True,False,False,False,False,True,False
stanford_cars,174,Ram C/V Cargo Van Minivan 2012,epa:32228,taxonomy,VERIFIED,True,True,EXACT_IDENTITY,CONNECTED,12,True,True,True,False,False,False,False,True,False
stanford_cars,175,Rolls-Royce Phantom Drophead Coupe Convertible 2012,v26-car:2ed42f9056e9582e5a6886445e3e479b,taxonomy,VERIFIED,True,True,EXACT_IDENTITY,CONNECTED,9,True,True,True,False,False,False,False,True,False
stanford_cars,176,Rolls-Royce Ghost Sedan 2012,epa:32100,taxonomy,VERIFIED,True,True,EXACT_IDENTITY,CONNECTED,9,True,True,True,False,False,False,False,True,False
stanford_cars,177,Rolls-Royce Phantom Sedan 2012,epa:31413,taxonomy,VERIFIED,True,True,EXACT_IDENTITY,CONNECTED,9,True,True,True,False,False,False,False,True,False
stanford_cars,178,Scion xD Hatchback 2012,v26-car:36156529e0cf423c34b687ad08d8b15c,taxonomy,VERIFIED,True,True,EXACT_IDENTITY,CONNECTED,12,True,True,True,False,False,False,False,True,False
stanford_cars,179,Spyker C8 Convertible 2009,vehicle-configuration:6e4a7d438b1894977e353fa9b8d23dc5,taxonomy,VERIFIED,True,True,EXACT_IDENTITY,CONNECTED,10,True,True,True,False,False,False,False,True,False
stanford_cars,180,Spyker C8 Coupe 2009,vehicle-configuration:6bde90924ea65b056a3caec28897591a,taxonomy,VERIFIED,True,True,EXACT_IDENTITY,CONNECTED,10,True,True,True,False,False,False,False,True,False
stanford_cars,181,Suzuki Aerio Sedan 2007,v26-car:5f68ce1fe49e8b68c6df2ca83373e718,taxonomy,VERIFIED,True,True,EXACT_IDENTITY,CONNECTED,12,True,True,True,False,False,False,False,True,False
stanford_cars,182,Suzuki Kizashi Sedan 2012,v26-car:e9fed259f908bb1e814e60d2db7dbe07,taxonomy,VERIFIED,True,True,EXACT_IDENTITY,CONNECTED,12,True,True,True,False,False,False,False,True,False
stanford_cars,183,Suzuki SX4 Hatchback 2012,v26-car:84f6c8aa869b442dcc1c5630ec20d0e6,taxonomy,VERIFIED,True,True,EXACT_IDENTITY,CONNECTED,9,True,True,True,False,False,False,False,True,False
stanford_cars,184,Suzuki SX4 Sedan 2012,v26-car:88ab5c8072f3e1507ad8ba997442b03f,taxonomy,VERIFIED,True,True,EXACT_IDENTITY,CONNECTED,9,True,True,True,False,False,False,False,True,False
stanford_cars,185,Tesla Model S Sedan 2012,epa:32557,taxonomy,VERIFIED,True,True,EXACT_IDENTITY,CONNECTED,12,True,True,True,False,False,False,False,True,False
stanford_cars,186,Toyota Sequoia SUV 2012,v26-car:143a9ca5a2245714942a0d8b4bc5b4f2,taxonomy,VERIFIED,True,True,EXACT_IDENTITY,CONNECTED,12,True,True,True,False,False,False,False,True,False
stanford_cars,187,Toyota Camry Sedan 2012,v26-car:2bd97e03d13d2b8b41db217722af6fbd,taxonomy,VERIFIED,True,True,EXACT_IDENTITY,CONNECTED,12,True,True,True,False,False,False,False,True,False
stanford_cars,188,Toyota Corolla Sedan 2012,v26-car:62a2cfb20ee9f5f946803a324e7baaba,taxonomy,VERIFIED,True,True,EXACT_IDENTITY,CONNECTED,12,True,True,True,False,False,False,False,True,False
stanford_cars,189,Toyota 4Runner SUV 2012,v26-car:175b252e4c14e44b7d5dd0e274119132,taxonomy,VERIFIED,True,True,EXACT_IDENTITY,CONNECTED,12,True,True,True,False,False,False,False,True,False
stanford_cars,190,Volkswagen Golf Hatchback 2012,v26-car:6dfb3d7aec6fd5a6501d64ba9ef69d85,taxonomy,VERIFIED,True,True,EXACT_IDENTITY,CONNECTED,12,True,True,True,False,False,False,False,True,False
stanford_cars,191,Volkswagen Golf Hatchback 1991,v26-car:c07d0cab0e31efec4ea52df21222da2e,taxonomy,VERIFIED,True,True,EXACT_IDENTITY,CONNECTED,12,True,True,True,False,False,False,False,True,False
stanford_cars,192,Volkswagen Beetle Hatchback 2012,v26-car:9a8860fe1db8e3507bde7c72f3e83e14,taxonomy,VERIFIED,True,True,EXACT_IDENTITY,CONNECTED,9,True,True,True,False,False,False,False,True,False
stanford_cars,193,Volvo C30 Hatchback 2012,v26-car:447ef06a2a3e1d4de7187e66bbcb3591,taxonomy,VERIFIED,True,True,EXACT_IDENTITY,CONNECTED,9,True,True,True,False,False,False,False,True,False
stanford_cars,194,Volvo 240 Sedan 1993,v26-car:61e9675f338f619e2c13cc279e57fcb7,taxonomy,VERIFIED,True,True,EXACT_IDENTITY,CONNECTED,12,True,True,True,False,False,False,False,True,False
stanford_cars,195,Volvo XC90 SUV 2007,v26-car:9f209cd93d7cc5aba855ff1897ded183,taxonomy,VERIFIED,True,True,EXACT_IDENTITY,CONNECTED,9,True,True,True,False,False,False,False,True,False
stanford_cars,196,smart fortwo Convertible 2012,v26-car:81decb3fe20f6a2c83ddbd6e241094b8,taxonomy,VERIFIED,True,True,EXACT_IDENTITY,CONNECTED,9,True,True,True,False,False,False,False,True,False
stanford_dogs,1,Chihuahua,wikidata-v4:Q653,taxonomy,VERIFIED,True,True,EXACT_IDENTITY,CONNECTED,9,True,True,True,False,False,False,False,False,False
stanford_dogs,2,Japanese spaniel,wikidata-v4:Q38146,taxonomy,VERIFIED,True,True,EXACT_IDENTITY,CONNECTED,9,True,True,True,False,False,False,False,False,False
stanford_dogs,3,Maltese dog,wikidata-v4:Q38751,taxonomy,VERIFIED,True,True,EXACT_IDENTITY,CONNECTED,9,True,True,True,False,False,False,False,False,False
stanford_dogs,4,Pekinese,wikidata-v4:Q38959,taxonomy,VERIFIED,True,True,EXACT_IDENTITY,CONNECTED,9,True,True,True,False,False,False,False,False,False
stanford_dogs,5,Shih Tzu,wikidata-v4:Q39357,taxonomy,VERIFIED,True,True,EXACT_IDENTITY,CONNECTED,9,True,True,True,False,False,False,False,False,False
stanford_dogs,6,Blenheim spaniel,wordnet31:02089298-n,taxonomy,VERIFIED,True,True,EXACT_IDENTITY,CONNECTED,12,True,True,True,False,False,False,False,False,False
stanford_dogs,7,papillon,wikidata-v4:Q38115,taxonomy,VERIFIED,True,True,EXACT_IDENTITY,CONNECTED,9,True,True,True,False,False,False,False,False,False
stanford_dogs,8,toy terrier,wordnet31:02089698-n,taxonomy,VERIFIED,True,True,EXACT_IDENTITY,CONNECTED,10,True,True,True,False,False,False,False,False,False
stanford_dogs,9,Rhodesian ridgeback,wikidata-v4:Q39026,taxonomy,VERIFIED,True,True,EXACT_IDENTITY,CONNECTED,9,True,True,True,False,False,False,False,False,False
stanford_dogs,10,Afghan hound,wikidata-v4:Q21080,taxonomy,VERIFIED,True,True,EXACT_IDENTITY,CONNECTED,9,True,True,True,False,False,False,False,False,False
stanford_dogs,11,basset,wordnet31:02090890-n,taxonomy,VERIFIED,True,True,EXACT_IDENTITY,CONNECTED,11,True,True,True,False,False,False,False,False,False
stanford_dogs,12,beagle,wikidata-v4:Q21102,taxonomy,VERIFIED,True,True,EXACT_IDENTITY,CONNECTED,9,True,True,True,False,False,False,False,False,False
stanford_dogs,13,bloodhound,wikidata-v4:Q21098,taxonomy,VERIFIED,True,True,EXACT_IDENTITY,CONNECTED,9,True,True,True,False,False,False,False,False,False
stanford_dogs,14,bluetick,wordnet31:02091284-n,taxonomy,VERIFIED,True,True,EXACT_IDENTITY,CONNECTED,11,True,True,True,False,False,False,False,False,False
stanford_dogs,15,black and tan coonhound,wikidata-v4:Q37537,taxonomy,VERIFIED,True,True,EXACT_IDENTITY,CONNECTED,9,True,True,True,False,False,False,False,False,False
stanford_dogs,16,Walker hound,wikidata-v4:Q39244,taxonomy,VERIFIED,True,True,EXACT_IDENTITY,CONNECTED,9,True,True,True,False,False,False,False,False,False
stanford_dogs,17,English foxhound,wikidata-v4:Q37789,taxonomy,VERIFIED,True,True,EXACT_IDENTITY,CONNECTED,9,True,True,True,False,False,False,False,False,False
stanford_dogs,18,redbone,wordnet31:02093031-n,taxonomy,VERIFIED,True,True,EXACT_IDENTITY,CONNECTED,11,True,True,True,False,False,False,False,False,False
stanford_dogs,19,borzoi,wikidata-v4:Q37866,taxonomy,VERIFIED,True,True,EXACT_IDENTITY,CONNECTED,9,True,True,True,False,False,False,False,False,False
stanford_dogs,20,Irish wolfhound,wikidata-v4:Q38668,taxonomy,VERIFIED,True,True,EXACT_IDENTITY,CONNECTED,9,True,True,True,False,False,False,False,False,False
stanford_dogs,21,Italian greyhound,wikidata-v4:Q38503,taxonomy,VERIFIED,True,True,EXACT_IDENTITY,CONNECTED,9,True,True,True,False,False,False,False,False,False
stanford_dogs,22,whippet,wikidata-v4:Q39122,taxonomy,VERIFIED,True,True,EXACT_IDENTITY,CONNECTED,9,True,True,True,False,False,False,False,False,False
stanford_dogs,23,Ibizan hound,wikidata-v4:Q37755,taxonomy,VERIFIED,True,True,EXACT_IDENTITY,CONNECTED,9,True,True,True,False,False,False,False,False,False
stanford_dogs,24,Norwegian elkhound,wikidata-v4:Q38803,taxonomy,VERIFIED,True,True,EXACT_IDENTITY,CONNECTED,9,True,True,True,False,False,False,False,False,False
stanford_dogs,25,otterhound,wikidata-v4:Q38922,taxonomy,VERIFIED,True,True,EXACT_IDENTITY,CONNECTED,9,True,True,True,False,False,False,False,False,False
stanford_dogs,26,Saluki,wikidata-v4:Q39108,taxonomy,VERIFIED,True,True,EXACT_IDENTITY,CONNECTED,9,True,True,True,False,False,False,False,False,False
stanford_dogs,27,Scottish deerhound,wikidata-v4:Q37929,taxonomy,VERIFIED,True,True,EXACT_IDENTITY,CONNECTED,9,True,True,True,False,False,False,False,False,False
stanford_dogs,28,Weimaraner,wikidata-v4:Q38965,taxonomy,VERIFIED,True,True,EXACT_IDENTITY,CONNECTED,9,True,True,True,False,False,False,False,False,False
stanford_dogs,29,Staffordshire bullterrier,wordnet31:02095908-n,taxonomy,VERIFIED,True,True,EXACT_IDENTITY,CONNECTED,12,True,True,True,False,False,False,False,False,False
stanford_dogs,30,American Staffordshire terrier,wikidata-v4:Q37688,taxonomy,VERIFIED,True,True,EXACT_IDENTITY,CONNECTED,9,True,True,True,False,False,False,False,False,False
stanford_dogs,31,Bedlington terrier,wikidata-v4:Q37582,taxonomy,VERIFIED,True,True,EXACT_IDENTITY,CONNECTED,9,True,True,True,False,False,False,False,False,False
stanford_dogs,32,Border terrier,wikidata-v4:Q37558,taxonomy,VERIFIED,True,True,EXACT_IDENTITY,CONNECTED,9,True,True,True,False,False,False,False,False,False
stanford_dogs,33,Kerry blue terrier,wikidata-v4:Q38025,taxonomy,VERIFIED,True,True,EXACT_IDENTITY,CONNECTED,9,True,True,True,False,False,False,False,False,False
stanford_dogs,34,Irish terrier,wikidata-v4:Q38644,taxonomy,VERIFIED,True,True,EXACT_IDENTITY,CONNECTED,9,True,True,True,False,False,False,False,False,False
stanford_dogs,35,Norfolk terrier,wikidata-v4:Q38940,taxonomy,VERIFIED,True,True,EXACT_IDENTITY,CONNECTED,9,True,True,True,False,False,False,False,False,False
stanford_dogs,36,Norwich terrier,wikidata-v4:Q38934,taxonomy,VERIFIED,True,True,EXACT_IDENTITY,CONNECTED,9,True,True,True,False,False,False,False,False,False
stanford_dogs,37,Yorkshire terrier,wikidata-v4:Q39330,taxonomy,VERIFIED,True,True,EXACT_IDENTITY,CONNECTED,9,True,True,True,False,False,False,False,False,False
stanford_dogs,38,wire haired fox terrier,wordnet31:02097966-n,taxonomy,VERIFIED,True,True,EXACT_IDENTITY,CONNECTED,12,True,True,True,False,False,False,False,False,False
stanford_dogs,39,Lakeland terrier,wikidata-v4:Q38110,taxonomy,VERIFIED,True,True,EXACT_IDENTITY,CONNECTED,9,True,True,True,False,False,False,False,False,False
stanford_dogs,40,Sealyham terrier,wikidata-v4:Q39068,taxonomy,VERIFIED,True,True,EXACT_IDENTITY,CONNECTED,9,True,True,True,False,False,False,False,False,False
stanford_dogs,41,Airedale,wordnet31:02098703-n,taxonomy,VERIFIED,True,True,EXACT_IDENTITY,CONNECTED,11,True,True,True,False,False,False,False,False,False
stanford_dogs,42,cairn,wordnet31:02098829-n,taxonomy,VERIFIED,True,True,EXACT_IDENTITY,CONNECTED,11,True,True,True,False,False,False,False,False,False
stanford_dogs,43,Australian terrier,wikidata-v4:Q37530,taxonomy,VERIFIED,True,True,EXACT_IDENTITY,CONNECTED,9,True,True,True,False,False,False,False,False,False
stanford_dogs,44,Dandie Dinmont,wordnet31:02099089-n,taxonomy,VERIFIED,True,True,EXACT_IDENTITY,CONNECTED,11,True,True,True,False,False,False,False,False,False
stanford_dogs,45,Boston bull,wordnet31:02099237-n,taxonomy,VERIFIED,True,True,EXACT_IDENTITY,CONNECTED,11,True,True,True,False,False,False,False,False,False
stanford_dogs,46,miniature schnauzer,wikidata-v4:Q38999,taxonomy,VERIFIED,True,True,EXACT_IDENTITY,CONNECTED,9,True,True,True,False,False,False,False,False,False
stanford_dogs,47,giant schnauzer,wikidata-v4:Q38688,taxonomy,VERIFIED,True,True,EXACT_IDENTITY,CONNECTED,9,True,True,True,False,False,False,False,False,False
stanford_dogs,48,standard schnauzer,wikidata-v4:Q39605,taxonomy,VERIFIED,True,True,EXACT_IDENTITY,CONNECTED,9,True,True,True,False,False,False,False,False,False
stanford_dogs,49,Scotch terrier,wordnet31:02099950-n,taxonomy,VERIFIED,True,True,EXACT_IDENTITY,CONNECTED,11,True,True,True,False,False,False,False,False,False
stanford_dogs,50,Tibetan terrier,wikidata-v4:Q38796,taxonomy,VERIFIED,True,True,EXACT_IDENTITY,CONNECTED,9,True,True,True,False,False,False,False,False,False
stanford_dogs,51,silky terrier,wordnet31:02100310-n,taxonomy,VERIFIED,True,True,EXACT_IDENTITY,CONNECTED,11,True,True,True,False,False,False,False,False,False
stanford_dogs,52,soft coated wheaten terrier,wikidata-v4:Q38047,taxonomy,VERIFIED,True,True,EXACT_IDENTITY,CONNECTED,9,True,True,True,False,False,False,False,False,False
stanford_dogs,53,West Highland white terrier,wikidata-v4:Q17510,taxonomy,VERIFIED,True,True,EXACT_IDENTITY,CONNECTED,9,True,True,True,False,False,False,False,False,False
stanford_dogs,54,Lhasa,wordnet31:02101065-n,taxonomy,VERIFIED,True,True,EXACT_IDENTITY,CONNECTED,11,True,True,True,False,False,False,False,False,False
stanford_dogs,55,flat coated retriever,wikidata-v4:Q29200,taxonomy,VERIFIED,True,True,EXACT_IDENTITY,CONNECTED,9,True,True,True,False,False,False,False,False,False
stanford_dogs,56,curly coated retriever,wikidata-v4:Q38375,taxonomy,VERIFIED,True,True,EXACT_IDENTITY,CONNECTED,9,True,True,True,False,False,False,False,False,False
stanford_dogs,57,golden retriever,wikidata-v4:Q38686,taxonomy,VERIFIED,True,True,EXACT_IDENTITY,CONNECTED,9,True,True,True,False,False,False,False,False,False
stanford_dogs,58,Labrador retriever,wikidata-v4:Q38726,taxonomy,VERIFIED,True,True,EXACT_IDENTITY,CONNECTED,9,True,True,True,False,False,False,False,False,False
stanford_dogs,59,Chesapeake Bay retriever,wikidata-v4:Q29084,taxonomy,VERIFIED,True,True,EXACT_IDENTITY,CONNECTED,9,True,True,True,False,False,False,False,False,False
stanford_dogs,60,German short haired pointer,wordnet31:02102888-n,taxonomy,VERIFIED,True,True,EXACT_IDENTITY,CONNECTED,12,True,True,True,False,False,False,False,False,False
stanford_dogs,61,vizsla,wordnet31:02103235-n,taxonomy,VERIFIED,True,True,EXACT_IDENTITY,CONNECTED,12,True,True,True,False,False,False,False,False,False
stanford_dogs,62,English setter,wikidata-v4:Q38309,taxonomy,VERIFIED,True,True,EXACT_IDENTITY,CONNECTED,9,True,True,True,False,False,False,False,False,False
stanford_dogs,63,Irish setter,wordnet31:02103529-n,taxonomy,VERIFIED,True,True,EXACT_IDENTITY,CONNECTED,12,True,True,True,False,False,False,False,False,False
stanford_dogs,64,Gordon setter,wikidata-v4:Q38301,taxonomy,VERIFIED,True,True,EXACT_IDENTITY,CONNECTED,9,True,True,True,False,False,False,False,False,False
stanford_dogs,65,Brittany spaniel,wordnet31:02104040-n,taxonomy,VERIFIED,True,True,EXACT_IDENTITY,CONNECTED,12,True,True,True,False,False,False,False,False,False
stanford_dogs,66,clumber,wordnet31:02104208-n,taxonomy,VERIFIED,True,True,EXACT_IDENTITY,CONNECTED,12,True,True,True,False,False,False,False,False,False
stanford_dogs,67,English springer,wordnet31:02104692-n,taxonomy,VERIFIED,True,True,EXACT_IDENTITY,CONNECTED,13,True,True,True,False,False,False,False,False,False
stanford_dogs,68,Welsh springer spaniel,wikidata-v4:Q39047,taxonomy,VERIFIED,True,True,EXACT_IDENTITY,CONNECTED,9,True,True,True,False,False,False,False,False,False
stanford_dogs,69,cocker spaniel,wordnet31:02104970-n,taxonomy,VERIFIED,True,True,EXACT_IDENTITY,CONNECTED,12,True,True,True,False,False,False,False,False,False
stanford_dogs,70,Sussex spaniel,wikidata-v4:Q39138,taxonomy,VERIFIED,True,True,EXACT_IDENTITY,CONNECTED,9,True,True,True,False,False,False,False,False,False
stanford_dogs,71,Irish water spaniel,wikidata-v4:Q38162,taxonomy,VERIFIED,True,True,EXACT_IDENTITY,CONNECTED,9,True,True,True,False,False,False,False,False,False
stanford_dogs,72,kuvasz,wikidata-v4:Q38467,taxonomy,VERIFIED,True,True,EXACT_IDENTITY,CONNECTED,9,True,True,True,False,False,False,False,False,False
stanford_dogs,73,schipperke,wikidata-v4:Q39010,taxonomy,VERIFIED,True,True,EXACT_IDENTITY,CONNECTED,9,True,True,True,False,False,False,False,False,False
stanford_dogs,74,groenendael,wikidata-v4:Q38399,taxonomy,VERIFIED,True,True,EXACT_IDENTITY,CONNECTED,10,True,True,True,False,False,False,False,False,False
stanford_dogs,75,malinois,wikidata-v4:Q38494,taxonomy,VERIFIED,True,True,EXACT_IDENTITY,CONNECTED,10,True,True,True,False,False,False,False,False,False
stanford_dogs,76,briard,wikidata-v4:Q37821,taxonomy,VERIFIED,True,True,EXACT_IDENTITY,CONNECTED,9,True,True,True,False,False,False,False,False,False
stanford_dogs,77,kelpie,wordnet31:02108064-n,taxonomy,VERIFIED,True,True,EXACT_IDENTITY,CONNECTED,11,True,True,True,False,False,False,False,False,False
stanford_dogs,78,komondor,wikidata-v4:Q38675,taxonomy,VERIFIED,True,True,EXACT_IDENTITY,CONNECTED,9,True,True,True,False,False,False,False,False,False
stanford_dogs,79,Old English sheepdog,wikidata-v4:Q37704,taxonomy,VERIFIED,True,True,EXACT_IDENTITY,CONNECTED,9,True,True,True,False,False,False,False,False,False
stanford_dogs,80,Shetland sheepdog,wikidata-v4:Q39058,taxonomy,VERIFIED,True,True,EXACT_IDENTITY,CONNECTED,9,True,True,True,False,False,False,False,False,False
stanford_dogs,81,collie,wordnet31:02108682-n,taxonomy,VERIFIED,True,True,EXACT_IDENTITY,CONNECTED,11,True,True,True,False,False,False,False,False,False
stanford_dogs,82,Border collie,wikidata-v4:Q37710,taxonomy,VERIFIED,True,True,EXACT_IDENTITY,CONNECTED,9,True,True,True,False,False,False,False,False,False
stanford_dogs,83,Bouvier des Flandres,wikidata-v4:Q37896,taxonomy,VERIFIED,True,True,EXACT_IDENTITY,CONNECTED,9,True,True,True,False,False,False,False,False,False
stanford_dogs,84,Rottweiler,wikidata-v4:Q39093,taxonomy,VERIFIED,True,True,EXACT_IDENTITY,CONNECTED,9,True,True,True,False,False,False,False,False,False
stanford_dogs,85,German shepherd,wikidata-v4:Q38280,taxonomy,VERIFIED,True,True,EXACT_IDENTITY,CONNECTED,9,True,True,True,False,False,False,False,False,False
stanford_dogs,86,Doberman,wikidata-v4:Q38358,taxonomy,VERIFIED,True,True,EXACT_IDENTITY,CONNECTED,9,True,True,True,False,False,False,False,False,False
stanford_dogs,87,miniature pinscher,wikidata-v4:Q38990,taxonomy,VERIFIED,True,True,EXACT_IDENTITY,CONNECTED,9,True,True,True,False,False,False,False,False,False
stanford_dogs,88,Greater Swiss Mountain dog,wikidata-v4:Q38121,taxonomy,VERIFIED,True,True,EXACT_IDENTITY,CONNECTED,9,True,True,True,False,False,False,False,False,False
stanford_dogs,89,Bernese mountain dog,wikidata-v4:Q37608,taxonomy,VERIFIED,True,True,EXACT_IDENTITY,CONNECTED,9,True,True,True,False,False,False,False,False,False
stanford_dogs,90,Appenzeller,wordnet31:02110560-n,taxonomy,VERIFIED,True,True,EXACT_IDENTITY,CONNECTED,11,True,True,True,False,False,False,False,False,False
stanford_dogs,91,EntleBucher,wordnet31:02110652-n,taxonomy,VERIFIED,True,True,EXACT_IDENTITY,CONNECTED,11,True,True,True,False,False,False,False,False,False
stanford_dogs,92,boxer,wikidata-v4:Q38496,taxonomy,VERIFIED,True,True,EXACT_IDENTITY,CONNECTED,9,True,True,True,False,False,False,False,False,False
stanford_dogs,93,bull mastiff,wordnet31:02111074-n,taxonomy,VERIFIED,True,True,EXACT_IDENTITY,CONNECTED,10,True,True,True,False,False,False,False,False,False
stanford_dogs,94,Tibetan mastiff,wikidata-v4:Q39322,taxonomy,VERIFIED,True,True,EXACT_IDENTITY,CONNECTED,9,True,True,True,False,False,False,False,False,False
stanford_dogs,95,French bulldog,wikidata-v4:Q29149,taxonomy,VERIFIED,True,True,EXACT_IDENTITY,CONNECTED,9,True,True,True,False,False,False,False,False,False
stanford_dogs,96,Great Dane,wikidata-v4:Q5414,taxonomy,VERIFIED,True,True,EXACT_IDENTITY,CONNECTED,9,True,True,True,False,False,False,False,False,False
stanford_dogs,97,Saint Bernard,wikidata:Q38090,taxonomy,VERIFIED,True,True,EXACT_IDENTITY,CONNECTED,9,True,True,True,False,False,False,False,False,False
stanford_dogs,98,Eskimo dog,wordnet31:02112613-n,taxonomy,VERIFIED,True,True,EXACT_IDENTITY,CONNECTED,10,True,True,True,False,False,False,False,False,False
stanford_dogs,99,malamute,wikidata-v4:Q21206,taxonomy,VERIFIED,True,True,EXACT_IDENTITY,CONNECTED,9,True,True,True,False,False,False,False,False,False
stanford_dogs,100,Siberian husky,wikidata-v4:Q39295,taxonomy,VERIFIED,True,True,EXACT_IDENTITY,CONNECTED,9,True,True,True,False,False,False,False,False,False
stanford_dogs,101,affenpinscher,wikidata-v4:Q7254,taxonomy,VERIFIED,True,True,EXACT_IDENTITY,CONNECTED,9,True,True,True,False,False,False,False,False,False
stanford_dogs,102,basenji,wikidata-v4:Q37871,taxonomy,VERIFIED,True,True,EXACT_IDENTITY,CONNECTED,9,True,True,True,False,False,False,False,False,False
stanford_dogs,103,pug,wikidata-v4:Q38698,taxonomy,VERIFIED,True,True,EXACT_IDENTITY,CONNECTED,9,True,True,True,False,False,False,False,False,False
stanford_dogs,104,Leonberg,wordnet31:02113781-n,taxonomy,VERIFIED,True,True,EXACT_IDENTITY,CONNECTED,9,True,True,True,False,False,False,False,False,False
stanford_dogs,105,Newfoundland,wordnet31:02113929-n,taxonomy,VERIFIED,True,True,EXACT_IDENTITY,CONNECTED,9,True,True,True,False,False,False,False,False,False
stanford_dogs,106,Great Pyrenees,wordnet31:02114152-n,taxonomy,VERIFIED,True,True,EXACT_IDENTITY,CONNECTED,9,True,True,True,False,False,False,False,False,False
stanford_dogs,107,Samoyed,wikidata-v4:Q39002,taxonomy,VERIFIED,True,True,EXACT_IDENTITY,CONNECTED,9,True,True,True,False,False,False,False,False,False
stanford_dogs,108,Pomeranian,wordnet31:02114670-n,taxonomy,VERIFIED,True,True,EXACT_IDENTITY,CONNECTED,10,True,True,True,False,False,False,False,False,False
stanford_dogs,109,chow,wordnet31:02114789-n,taxonomy,VERIFIED,True,True,EXACT_IDENTITY,CONNECTED,10,True,True,True,False,False,False,False,False,False
stanford_dogs,110,keeshond,wikidata-v4:Q38843,taxonomy,VERIFIED,True,True,EXACT_IDENTITY,CONNECTED,9,True,True,True,False,False,False,False,False,False
stanford_dogs,111,Brabancon griffon,wordnet31:02115358-n,taxonomy,VERIFIED,True,True,EXACT_IDENTITY,CONNECTED,10,True,True,True,False,False,False,False,False,False
stanford_dogs,112,Pembroke,wordnet31:02115675-n,taxonomy,VERIFIED,True,True,EXACT_IDENTITY,CONNECTED,10,True,True,True,False,False,False,False,False,False
stanford_dogs,113,Cardigan,wordnet31:02115838-n,taxonomy,VERIFIED,True,True,EXACT_IDENTITY,CONNECTED,10,True,True,True,False,False,False,False,False,False
stanford_dogs,114,toy poodle,wikidata-v4:Q11831662,taxonomy,VERIFIED,True,True,EXACT_IDENTITY,CONNECTED,9,True,True,True,False,False,False,False,False,False
stanford_dogs,115,miniature poodle,wordnet31:02116364-n,taxonomy,VERIFIED,True,True,EXACT_IDENTITY,CONNECTED,10,True,True,True,False,False,False,False,False,False
stanford_dogs,116,standard poodle,wordnet31:02116451-n,taxonomy,VERIFIED,True,True,EXACT_IDENTITY,CONNECTED,10,True,True,True,False,False,False,False,False,False
stanford_dogs,117,Mexican hairless,wordnet31:02116630-n,taxonomy,VERIFIED,True,True,EXACT_IDENTITY,CONNECTED,9,True,True,True,False,False,False,False,False,False
stanford_dogs,118,dingo,wikidata-v4:Q38584,taxonomy,VERIFIED,True,True,EXACT_IDENTITY,CONNECTED,9,True,True,True,False,False,False,False,False,False
stanford_dogs,119,dhole,wikidata:Q132585,taxonomy,VERIFIED,True,True,EXACT_IDENTITY,CONNECTED,48,True,True,True,False,True,False,False,False,False
stanford_dogs,120,African hunting dog,v26-gbif:ab4e0be5a06ed7cb46e088e40c2d4a07,taxonomy,VERIFIED,True,True,EXACT_IDENTITY,CONNECTED,14,True,True,True,False,True,False,False,False,False
sun397,0,/a/abbey,sun397-category:0,taxonomy,NATIVE_LABEL_ONLY,False,False,NATIVE_LABEL_ONLY,NOT_ADMITTED,,True,False,False,False,False,False,False,False,False
sun397,1,/a/airplane_cabin,sun397-category:1,taxonomy,NATIVE_LABEL_ONLY,False,False,NATIVE_LABEL_ONLY,NOT_ADMITTED,,True,False,False,False,False,False,False,False,False
sun397,2,/a/airport_terminal,sun397-category:2,taxonomy,VERIFIED_DEPICTED_TYPE,False,True,SOURCE_TYPED_MAPPING,CONNECTED,9,True,False,True,False,False,False,False,False,False
sun397,3,/a/alley,sun397-category:3,taxonomy,NATIVE_LABEL_ONLY,False,False,NATIVE_LABEL_ONLY,NOT_ADMITTED,,True,False,False,False,False,False,False,False,False
sun397,4,/a/amphitheater,sun397-category:4,taxonomy,NATIVE_LABEL_ONLY,False,False,NATIVE_LABEL_ONLY,NOT_ADMITTED,,True,False,False,False,False,False,False,False,False
sun397,5,/a/amusement_arcade,sun397-category:5,taxonomy,VERIFIED_DEPICTED_TYPE,False,True,SOURCE_TYPED_MAPPING,CONNECTED,10,True,False,True,False,False,False,False,False,False
sun397,6,/a/amusement_park,sun397-category:6,taxonomy,VERIFIED_DEPICTED_TYPE,False,True,SOURCE_TYPED_MAPPING,CONNECTED,9,True,False,True,False,False,False,False,False,False
sun397,7,/a/anechoic_chamber,sun397-category:7,taxonomy,VERIFIED_DEPICTED_TYPE,False,True,SOURCE_TYPED_MAPPING,CONNECTED,9,True,False,True,False,False,False,False,False,False
sun397,8,/a/apartment_building/outdoor,sun397-category:8,taxonomy,VERIFIED_DEPICTED_TYPE,False,True,SOURCE_TYPED_MAPPING,CONNECTED,8,True,False,True,False,False,False,False,False,False
sun397,9,/a/apse/indoor,sun397-category:9,taxonomy,VERIFIED_DEPICTED_TYPE,False,True,SOURCE_TYPED_MAPPING,CONNECTED,10,True,False,True,False,False,False,False,False,False
sun397,10,/a/aquarium,sun397-category:10,taxonomy,VERIFIED_DEPICTED_TYPE,False,True,SOURCE_TYPED_MAPPING,CONNECTED,10,True,False,True,False,False,False,False,False,False
sun397,11,/a/aqueduct,sun397-category:11,taxonomy,VERIFIED_DEPICTED_TYPE,False,True,SOURCE_TYPED_MAPPING,CONNECTED,9,True,False,True,False,False,False,False,False,False
sun397,12,/a/arch,sun397-category:12,taxonomy,NATIVE_LABEL_ONLY,False,False,NATIVE_LABEL_ONLY,NOT_ADMITTED,,True,False,False,False,False,False,False,False,False
sun397,13,/a/archive,sun397-category:13,taxonomy,VERIFIED_DEPICTED_TYPE,False,True,SOURCE_TYPED_MAPPING,CONNECTED,8,True,False,True,False,False,False,False,False,False
sun397,14,/a/arrival_gate/outdoor,sun397-category:14,taxonomy,VERIFIED_DEPICTED_TYPE,False,True,SOURCE_TYPED_MAPPING,CONNECTED,10,True,False,True,False,False,False,False,False,False
sun397,15,/a/art_gallery,sun397-category:15,taxonomy,VERIFIED_DEPICTED_TYPE,False,True,SOURCE_TYPED_MAPPING,CONNECTED,9,True,False,True,False,False,False,False,False,False
sun397,16,/a/art_school,sun397-category:16,taxonomy,VERIFIED_DEPICTED_TYPE,False,True,SOURCE_TYPED_MAPPING,CONNECTED,10,True,False,True,False,False,False,False,False,False
sun397,17,/a/art_studio,sun397-category:17,taxonomy,NATIVE_LABEL_ONLY,False,False,NATIVE_LABEL_ONLY,NOT_ADMITTED,,True,False,False,False,False,False,False,False,False
sun397,18,/a/assembly_line,sun397-category:18,taxonomy,VERIFIED_DEPICTED_TYPE,False,True,SOURCE_TYPED_MAPPING,CONNECTED,9,True,False,True,False,False,False,False,False,False
sun397,19,/a/athletic_field/outdoor,sun397-category:19,taxonomy,VERIFIED_DEPICTED_TYPE,False,True,SOURCE_TYPED_MAPPING,CONNECTED,8,True,False,True,False,False,False,False,False,False
sun397,20,/a/atrium/public,sun397-category:20,taxonomy,NATIVE_LABEL_ONLY,False,False,NATIVE_LABEL_ONLY,NOT_ADMITTED,,True,False,False,False,False,False,False,False,False
sun397,21,/a/attic,sun397-category:21,taxonomy,NATIVE_LABEL_ONLY,False,False,NATIVE_LABEL_ONLY,NOT_ADMITTED,,True,False,False,False,False,False,False,False,False
sun397,22,/a/auditorium,sun397-category:22,taxonomy,VERIFIED_DEPICTED_TYPE,False,True,SOURCE_TYPED_MAPPING,CONNECTED,8,True,False,True,False,False,False,False,False,False
sun397,23,/a/auto_factory,sun397-category:23,taxonomy,VERIFIED_DEPICTED_TYPE,False,True,SOURCE_TYPED_MAPPING,CONNECTED,10,True,False,True,False,False,False,False,False,False
sun397,24,/b/badlands,sun397-category:24,taxonomy,VERIFIED_DEPICTED_TYPE,False,True,SOURCE_TYPED_MAPPING,CONNECTED,5,True,False,True,False,False,False,False,False,False
sun397,25,/b/badminton_court/indoor,sun397-category:25,taxonomy,VERIFIED_DEPICTED_TYPE,False,True,SOURCE_TYPED_MAPPING,CONNECTED,10,True,False,True,False,False,False,False,False,False
sun397,26,/b/baggage_claim,sun397-category:26,taxonomy,VERIFIED_DEPICTED_TYPE,False,True,SOURCE_TYPED_MAPPING,CONNECTED,8,True,False,True,False,False,False,False,False,False
sun397,27,/b/bakery/shop,sun397-category:27,taxonomy,VERIFIED_DEPICTED_TYPE,False,True,SOURCE_TYPED_MAPPING,CONNECTED,8,True,False,True,False,False,False,False,False,False
sun397,28,/b/balcony/exterior,sun397-category:28,taxonomy,NATIVE_LABEL_ONLY,False,False,NATIVE_LABEL_ONLY,NOT_ADMITTED,,True,False,False,False,False,False,False,False,False
sun397,29,/b/balcony/interior,sun397-category:29,taxonomy,NATIVE_LABEL_ONLY,False,False,NATIVE_LABEL_ONLY,NOT_ADMITTED,,True,False,False,False,False,False,False,False,False
sun397,30,/b/ball_pit,sun397-category:30,taxonomy,NATIVE_LABEL_ONLY,False,False,NATIVE_LABEL_ONLY,NOT_ADMITTED,,True,False,False,False,False,False,False,False,False
sun397,31,/b/ballroom,sun397-category:31,taxonomy,VERIFIED_DEPICTED_TYPE,False,True,SOURCE_TYPED_MAPPING,CONNECTED,9,True,False,True,False,False,False,False,False,False
sun397,32,/b/bamboo_forest,sun397-category:32,taxonomy,NATIVE_LABEL_ONLY,False,False,NATIVE_LABEL_ONLY,NOT_ADMITTED,,True,False,False,False,False,False,False,False,False
sun397,33,/b/banquet_hall,sun397-category:33,taxonomy,NATIVE_LABEL_ONLY,False,False,NATIVE_LABEL_ONLY,NOT_ADMITTED,,True,False,False,False,False,False,False,False,False
sun397,34,/b/bar,sun397-category:34,taxonomy,NATIVE_LABEL_ONLY,False,False,NATIVE_LABEL_ONLY,NOT_ADMITTED,,True,False,False,False,False,False,False,False,False
sun397,35,/b/barn,sun397-category:35,taxonomy,VERIFIED_DEPICTED_TYPE,False,True,SOURCE_TYPED_MAPPING,CONNECTED,9,True,False,True,False,False,False,False,False,False
sun397,36,/b/barndoor,sun397-category:36,taxonomy,VERIFIED_DEPICTED_TYPE,False,True,SOURCE_TYPED_MAPPING,CONNECTED,8,True,False,True,False,False,False,False,False,False
sun397,37,/b/baseball_field,sun397-category:37,taxonomy,VERIFIED_DEPICTED_TYPE,False,True,SOURCE_TYPED_MAPPING,CONNECTED,9,True,False,True,False,False,False,False,False,False
sun397,38,/b/basement,sun397-category:38,taxonomy,NATIVE_LABEL_ONLY,False,False,NATIVE_LABEL_ONLY,NOT_ADMITTED,,True,False,False,False,False,False,False,False,False
sun397,39,/b/basilica,sun397-category:39,taxonomy,NATIVE_LABEL_ONLY,False,False,NATIVE_LABEL_ONLY,NOT_ADMITTED,,True,False,False,False,False,False,False,False,False
sun397,40,/b/basketball_court/outdoor,sun397-category:40,taxonomy,VERIFIED_DEPICTED_TYPE,False,True,SOURCE_TYPED_MAPPING,CONNECTED,10,True,False,True,False,False,False,False,False,False
sun397,41,/b/bathroom,sun397-category:41,taxonomy,NATIVE_LABEL_ONLY,False,False,NATIVE_LABEL_ONLY,NOT_ADMITTED,,True,False,False,False,False,False,False,False,False
sun397,42,/b/batters_box,sun397-category:42,taxonomy,NATIVE_LABEL_ONLY,False,False,NATIVE_LABEL_ONLY,NOT_ADMITTED,,True,False,False,False,False,False,False,False,False
sun397,43,/b/bayou,sun397-category:43,taxonomy,VERIFIED_DEPICTED_TYPE,False,True,SOURCE_TYPED_MAPPING,CONNECTED,6,True,False,True,False,False,False,False,False,False
sun397,44,/b/bazaar/indoor,sun397-category:44,taxonomy,NATIVE_LABEL_ONLY,False,False,NATIVE_LABEL_ONLY,NOT_ADMITTED,,True,False,False,False,False,False,False,False,False
sun397,45,/b/bazaar/outdoor,sun397-category:45,taxonomy,NATIVE_LABEL_ONLY,False,False,NATIVE_LABEL_ONLY,NOT_ADMITTED,,True,False,False,False,False,False,False,False,False
sun397,46,/b/beach,sun397-category:46,taxonomy,VERIFIED_DEPICTED_TYPE,False,True,SOURCE_TYPED_MAPPING,CONNECTED,5,True,False,True,False,False,False,False,False,False
sun397,47,/b/beauty_salon,sun397-category:47,taxonomy,VERIFIED_DEPICTED_TYPE,False,True,SOURCE_TYPED_MAPPING,CONNECTED,11,True,False,True,False,False,False,False,False,False
sun397,48,/b/bedroom,sun397-category:48,taxonomy,VERIFIED_DEPICTED_TYPE,False,True,SOURCE_TYPED_MAPPING,CONNECTED,9,True,False,True,False,False,False,False,False,False
sun397,49,/b/berth,sun397-category:49,taxonomy,NATIVE_LABEL_ONLY,False,False,NATIVE_LABEL_ONLY,NOT_ADMITTED,,True,False,False,False,False,False,False,False,False
sun397,50,/b/biology_laboratory,sun397-category:50,taxonomy,VERIFIED_DEPICTED_TYPE,False,True,SOURCE_TYPED_MAPPING,CONNECTED,9,True,False,True,False,False,False,False,False,False
sun397,51,/b/bistro/indoor,sun397-category:51,taxonomy,VERIFIED_DEPICTED_TYPE,False,True,SOURCE_TYPED_MAPPING,CONNECTED,9,True,False,True,False,False,False,False,False,False
sun397,52,/b/boardwalk,sun397-category:52,taxonomy,VERIFIED_DEPICTED_TYPE,False,True,SOURCE_TYPED_MAPPING,CONNECTED,9,True,False,True,False,False,False,False,False,False
sun397,53,/b/boat_deck,sun397-category:53,taxonomy,VERIFIED_DEPICTED_TYPE,False,True,SOURCE_TYPED_MAPPING,CONNECTED,11,True,False,True,False,False,False,False,False,False
sun397,54,/b/boathouse,sun397-category:54,taxonomy,VERIFIED_DEPICTED_TYPE,False,True,SOURCE_TYPED_MAPPING,CONNECTED,10,True,False,True,False,False,False,False,False,False
sun397,55,/b/bookstore,sun397-category:55,taxonomy,VERIFIED_DEPICTED_TYPE,False,True,SOURCE_TYPED_MAPPING,CONNECTED,11,True,False,True,False,False,False,False,False,False
sun397,56,/b/booth/indoor,sun397-category:56,taxonomy,NATIVE_LABEL_ONLY,False,False,NATIVE_LABEL_ONLY,NOT_ADMITTED,,True,False,False,False,False,False,False,False,False
sun397,57,/b/botanical_garden,sun397-category:57,taxonomy,VERIFIED_DEPICTED_TYPE,False,True,SOURCE_TYPED_MAPPING,CONNECTED,7,True,False,True,False,False,False,False,False,False
sun397,58,/b/bow_window/indoor,sun397-category:58,taxonomy,VERIFIED_DEPICTED_TYPE,False,True,SOURCE_TYPED_MAPPING,CONNECTED,10,True,False,True,False,False,False,False,False,False
sun397,59,/b/bow_window/outdoor,sun397-category:59,taxonomy,VERIFIED_DEPICTED_TYPE,False,True,SOURCE_TYPED_MAPPING,CONNECTED,10,True,False,True,False,False,False,False,False,False
sun397,60,/b/bowling_alley,sun397-category:60,taxonomy,NATIVE_LABEL_ONLY,False,False,NATIVE_LABEL_ONLY,NOT_ADMITTED,,True,False,False,False,False,False,False,False,False
sun397,61,/b/boxing_ring,sun397-category:61,taxonomy,VERIFIED_DEPICTED_TYPE,False,True,SOURCE_TYPED_MAPPING,CONNECTED,10,True,False,True,False,False,False,False,False,False
sun397,62,/b/brewery/indoor,sun397-category:62,taxonomy,VERIFIED_DEPICTED_TYPE,False,True,SOURCE_TYPED_MAPPING,CONNECTED,9,True,False,True,False,False,False,False,False,False
sun397,63,/b/bridge,sun397-category:63,taxonomy,NATIVE_LABEL_ONLY,False,False,NATIVE_LABEL_ONLY,NOT_ADMITTED,,True,False,False,False,False,False,False,False,False
sun397,64,/b/building_facade,sun397-category:64,taxonomy,NATIVE_LABEL_ONLY,False,False,NATIVE_LABEL_ONLY,NOT_ADMITTED,,True,False,False,False,False,False,False,False,False
sun397,65,/b/bullring,sun397-category:65,taxonomy,VERIFIED_DEPICTED_TYPE,False,True,SOURCE_TYPED_MAPPING,CONNECTED,8,True,False,True,False,False,False,False,False,False
sun397,66,/b/burial_chamber,sun397-category:66,taxonomy,VERIFIED_DEPICTED_TYPE,False,True,SOURCE_TYPED_MAPPING,CONNECTED,8,True,False,True,False,False,False,False,False,False
sun397,67,/b/bus_interior,sun397-category:67,taxonomy,NATIVE_LABEL_ONLY,False,False,NATIVE_LABEL_ONLY,NOT_ADMITTED,,True,False,False,False,False,False,False,False,False
sun397,68,/b/butchers_shop,sun397-category:68,taxonomy,NATIVE_LABEL_ONLY,False,False,NATIVE_LABEL_ONLY,NOT_ADMITTED,,True,False,False,False,False,False,False,False,False
sun397,69,/b/butte,sun397-category:69,taxonomy,VERIFIED_DEPICTED_TYPE,False,True,SOURCE_TYPED_MAPPING,CONNECTED,7,True,False,True,False,False,False,False,False,False
sun397,70,/c/cabin/outdoor,sun397-category:70,taxonomy,NATIVE_LABEL_ONLY,False,False,NATIVE_LABEL_ONLY,NOT_ADMITTED,,True,False,False,False,False,False,False,False,False
sun397,71,/c/cafeteria,sun397-category:71,taxonomy,VERIFIED_DEPICTED_TYPE,False,True,SOURCE_TYPED_MAPPING,CONNECTED,9,True,False,True,False,False,False,False,False,False
sun397,72,/c/campsite,sun397-category:72,taxonomy,VERIFIED_DEPICTED_TYPE,False,True,SOURCE_TYPED_MAPPING,CONNECTED,9,True,False,True,False,False,False,False,False,False
sun397,73,/c/campus,sun397-category:73,taxonomy,VERIFIED_DEPICTED_TYPE,False,True,SOURCE_TYPED_MAPPING,CONNECTED,9,True,False,True,False,False,False,False,False,False
sun397,74,/c/canal/natural,sun397-category:74,taxonomy,NATIVE_LABEL_ONLY,False,False,NATIVE_LABEL_ONLY,NOT_ADMITTED,,True,False,False,False,False,False,False,False,False
sun397,75,/c/canal/urban,sun397-category:75,taxonomy,NATIVE_LABEL_ONLY,False,False,NATIVE_LABEL_ONLY,NOT_ADMITTED,,True,False,False,False,False,False,False,False,False
sun397,76,/c/candy_store,sun397-category:76,taxonomy,VERIFIED_DEPICTED_TYPE,False,True,SOURCE_TYPED_MAPPING,CONNECTED,11,True,False,True,False,False,False,False,False,False
sun397,77,/c/canyon,sun397-category:77,taxonomy,VERIFIED_DEPICTED_TYPE,False,True,SOURCE_TYPED_MAPPING,CONNECTED,8,True,False,True,False,False,False,False,False,False
sun397,78,/c/car_interior/backseat,sun397-category:78,taxonomy,NATIVE_LABEL_ONLY,False,False,NATIVE_LABEL_ONLY,NOT_ADMITTED,,True,False,False,False,False,False,False,False,False
sun397,79,/c/car_interior/frontseat,sun397-category:79,taxonomy,NATIVE_LABEL_ONLY,False,False,NATIVE_LABEL_ONLY,NOT_ADMITTED,,True,False,False,False,False,False,False,False,False
sun397,80,/c/carrousel,sun397-category:80,taxonomy,VERIFIED_DEPICTED_TYPE,False,True,SOURCE_TYPED_MAPPING,CONNECTED,11,True,False,True,False,False,False,False,False,False
sun397,81,/c/casino/indoor,sun397-category:81,taxonomy,VERIFIED_DEPICTED_TYPE,False,True,SOURCE_TYPED_MAPPING,CONNECTED,9,True,False,True,False,False,False,False,False,False
sun397,82,/c/castle,sun397-category:82,taxonomy,NATIVE_LABEL_ONLY,False,False,NATIVE_LABEL_ONLY,NOT_ADMITTED,,True,False,False,False,False,False,False,False,False
sun397,83,/c/catacomb,sun397-category:83,taxonomy,VERIFIED_DEPICTED_TYPE,False,True,SOURCE_TYPED_MAPPING,CONNECTED,10,True,False,True,False,False,False,False,False,False
sun397,84,/c/cathedral/indoor,sun397-category:84,taxonomy,NATIVE_LABEL_ONLY,False,False,NATIVE_LABEL_ONLY,NOT_ADMITTED,,True,False,False,False,False,False,False,False,False
sun397,85,/c/cathedral/outdoor,sun397-category:85,taxonomy,NATIVE_LABEL_ONLY,False,False,NATIVE_LABEL_ONLY,NOT_ADMITTED,,True,False,False,False,False,False,False,False,False
sun397,86,/c/cavern/indoor,sun397-category:86,taxonomy,NATIVE_LABEL_ONLY,False,False,NATIVE_LABEL_ONLY,NOT_ADMITTED,,True,False,False,False,False,False,False,False,False
sun397,87,/c/cemetery,sun397-category:87,taxonomy,VERIFIED_DEPICTED_TYPE,False,True,SOURCE_TYPED_MAPPING,CONNECTED,9,True,False,True,False,False,False,False,False,False
sun397,88,/c/chalet,sun397-category:88,taxonomy,VERIFIED_DEPICTED_TYPE,False,True,SOURCE_TYPED_MAPPING,CONNECTED,9,True,False,True,False,False,False,False,False,False
sun397,89,/c/cheese_factory,sun397-category:89,taxonomy,NATIVE_LABEL_ONLY,False,False,NATIVE_LABEL_ONLY,NOT_ADMITTED,,True,False,False,False,False,False,False,False,False
sun397,90,/c/chemistry_lab,sun397-category:90,taxonomy,VERIFIED_DEPICTED_TYPE,False,True,SOURCE_TYPED_MAPPING,CONNECTED,9,True,False,True,False,False,False,False,False,False
sun397,91,/c/chicken_coop/indoor,sun397-category:91,taxonomy,VERIFIED_DEPICTED_TYPE,False,True,SOURCE_TYPED_MAPPING,CONNECTED,9,True,False,True,False,False,False,False,False,False
sun397,92,/c/chicken_coop/outdoor,sun397-category:92,taxonomy,VERIFIED_DEPICTED_TYPE,False,True,SOURCE_TYPED_MAPPING,CONNECTED,9,True,False,True,False,False,False,False,False,False
sun397,93,/c/childs_room,sun397-category:93,taxonomy,NATIVE_LABEL_ONLY,False,False,NATIVE_LABEL_ONLY,NOT_ADMITTED,,True,False,False,False,False,False,False,False,False
sun397,94,/c/church/indoor,sun397-category:94,taxonomy,VERIFIED_DEPICTED_TYPE,False,True,SOURCE_TYPED_MAPPING,CONNECTED,9,True,False,True,False,False,False,False,False,False
sun397,95,/c/church/outdoor,sun397-category:95,taxonomy,VERIFIED_DEPICTED_TYPE,False,True,SOURCE_TYPED_MAPPING,CONNECTED,9,True,False,True,False,False,False,False,False,False
sun397,96,/c/classroom,sun397-category:96,taxonomy,VERIFIED_DEPICTED_TYPE,False,True,SOURCE_TYPED_MAPPING,CONNECTED,9,True,False,True,False,False,False,False,False,False
sun397,97,/c/clean_room,sun397-category:97,taxonomy,VERIFIED_DEPICTED_TYPE,False,True,SOURCE_TYPED_MAPPING,CONNECTED,9,True,False,True,False,False,False,False,False,False
sun397,98,/c/cliff,sun397-category:98,taxonomy,VERIFIED_DEPICTED_TYPE,False,True,SOURCE_TYPED_MAPPING,CONNECTED,5,True,False,True,False,False,False,False,False,False
sun397,99,/c/cloister/indoor,sun397-category:99,taxonomy,NATIVE_LABEL_ONLY,False,False,NATIVE_LABEL_ONLY,NOT_ADMITTED,,True,False,False,False,False,False,False,False,False
sun397,100,/c/closet,sun397-category:100,taxonomy,NATIVE_LABEL_ONLY,False,False,NATIVE_LABEL_ONLY,NOT_ADMITTED,,True,False,False,False,False,False,False,False,False
sun397,101,/c/clothing_store,sun397-category:101,taxonomy,VERIFIED_DEPICTED_TYPE,False,True,SOURCE_TYPED_MAPPING,CONNECTED,11,True,False,True,False,False,False,False,False,False
sun397,102,/c/coast,sun397-category:102,taxonomy,NATIVE_LABEL_ONLY,False,False,NATIVE_LABEL_ONLY,NOT_ADMITTED,,True,False,False,False,False,False,False,False,False
sun397,103,/c/cockpit,sun397-category:103,taxonomy,NATIVE_LABEL_ONLY,False,False,NATIVE_LABEL_ONLY,NOT_ADMITTED,,True,False,False,False,False,False,False,False,False
sun397,104,/c/coffee_shop,sun397-category:104,taxonomy,VERIFIED_DEPICTED_TYPE,False,True,SOURCE_TYPED_MAPPING,CONNECTED,9,True,False,True,False,False,False,False,False,False
sun397,105,/c/computer_room,sun397-category:105,taxonomy,NATIVE_LABEL_ONLY,False,False,NATIVE_LABEL_ONLY,NOT_ADMITTED,,True,False,False,False,False,False,False,False,False
sun397,106,/c/conference_center,sun397-category:106,taxonomy,VERIFIED_DEPICTED_TYPE,False,True,SOURCE_TYPED_MAPPING,CONNECTED,9,True,False,True,False,False,False,False,False,False
sun397,107,/c/conference_room,sun397-category:107,taxonomy,VERIFIED_DEPICTED_TYPE,False,True,SOURCE_TYPED_MAPPING,CONNECTED,9,True,False,True,False,False,False,False,False,False
sun397,108,/c/construction_site,sun397-category:108,taxonomy,NATIVE_LABEL_ONLY,False,False,NATIVE_LABEL_ONLY,NOT_ADMITTED,,True,False,False,False,False,False,False,False,False
sun397,109,/c/control_room,sun397-category:109,taxonomy,VERIFIED_DEPICTED_TYPE,False,True,SOURCE_TYPED_MAPPING,CONNECTED,9,True,False,True,False,False,False,False,False,False
sun397,110,/c/control_tower/outdoor,sun397-category:110,taxonomy,VERIFIED_DEPICTED_TYPE,False,True,SOURCE_TYPED_MAPPING,CONNECTED,8,True,False,True,False,False,False,False,False,False
sun397,111,/c/corn_field,sun397-category:111,taxonomy,VERIFIED_DEPICTED_TYPE,False,True,SOURCE_TYPED_MAPPING,CONNECTED,10,True,False,True,False,False,False,False,False,False
sun397,112,/c/corral,sun397-category:112,taxonomy,VERIFIED_DEPICTED_TYPE,False,True,SOURCE_TYPED_MAPPING,CONNECTED,10,True,False,True,False,False,False,False,False,False
sun397,113,/c/corridor,sun397-category:113,taxonomy,VERIFIED_DEPICTED_TYPE,False,True,SOURCE_TYPED_MAPPING,CONNECTED,9,True,False,True,False,False,False,False,False,False
sun397,114,/c/cottage_garden,sun397-category:114,taxonomy,NATIVE_LABEL_ONLY,False,False,NATIVE_LABEL_ONLY,NOT_ADMITTED,,True,False,False,False,False,False,False,False,False
sun397,115,/c/courthouse,sun397-category:115,taxonomy,NATIVE_LABEL_ONLY,False,False,NATIVE_LABEL_ONLY,NOT_ADMITTED,,True,False,False,False,False,False,False,False,False
sun397,116,/c/courtroom,sun397-category:116,taxonomy,VERIFIED_DEPICTED_TYPE,False,True,SOURCE_TYPED_MAPPING,CONNECTED,9,True,False,True,False,False,False,False,False,False
sun397,117,/c/courtyard,sun397-category:117,taxonomy,VERIFIED_DEPICTED_TYPE,False,True,SOURCE_TYPED_MAPPING,CONNECTED,8,True,False,True,False,False,False,False,False,False
sun397,118,/c/covered_bridge/exterior,sun397-category:118,taxonomy,VERIFIED_DEPICTED_TYPE,False,True,SOURCE_TYPED_MAPPING,CONNECTED,8,True,False,True,False,False,False,False,False,False
sun397,119,/c/creek,sun397-category:119,taxonomy,NATIVE_LABEL_ONLY,False,False,NATIVE_LABEL_ONLY,NOT_ADMITTED,,True,False,False,False,False,False,False,False,False
sun397,120,/c/crevasse,sun397-category:120,taxonomy,VERIFIED_DEPICTED_TYPE,False,True,SOURCE_TYPED_MAPPING,CONNECTED,8,True,False,True,False,False,False,False,False,False
sun397,121,/c/crosswalk,sun397-category:121,taxonomy,VERIFIED_DEPICTED_TYPE,False,True,SOURCE_TYPED_MAPPING,CONNECTED,8,True,False,True,False,False,False,False,False,False
sun397,122,/c/cubicle/office,sun397-category:122,taxonomy,NATIVE_LABEL_ONLY,False,False,NATIVE_LABEL_ONLY,NOT_ADMITTED,,True,False,False,False,False,False,False,False,False
sun397,123,/d/dam,sun397-category:123,taxonomy,NATIVE_LABEL_ONLY,False,False,NATIVE_LABEL_ONLY,NOT_ADMITTED,,True,False,False,False,False,False,False,False,False
sun397,124,/d/delicatessen,sun397-category:124,taxonomy,NATIVE_LABEL_ONLY,False,False,NATIVE_LABEL_ONLY,NOT_ADMITTED,,True,False,False,False,False,False,False,False,False
sun397,125,/d/dentists_office,sun397-category:125,taxonomy,NATIVE_LABEL_ONLY,False,False,NATIVE_LABEL_ONLY,NOT_ADMITTED,,True,False,False,False,False,False,False,False,False
sun397,126,/d/desert/sand,sun397-category:126,taxonomy,VERIFIED_DEPICTED_TYPE,False,True,SOURCE_TYPED_MAPPING,CONNECTED,6,True,False,True,False,False,False,False,False,False
sun397,127,/d/desert/vegetation,sun397-category:127,taxonomy,VERIFIED_DEPICTED_TYPE,False,True,SOURCE_TYPED_MAPPING,CONNECTED,6,True,False,True,False,False,False,False,False,False
sun397,128,/d/diner/indoor,sun397-category:128,taxonomy,NATIVE_LABEL_ONLY,False,False,NATIVE_LABEL_ONLY,NOT_ADMITTED,,True,False,False,False,False,False,False,False,False
sun397,129,/d/diner/outdoor,sun397-category:129,taxonomy,NATIVE_LABEL_ONLY,False,False,NATIVE_LABEL_ONLY,NOT_ADMITTED,,True,False,False,False,False,False,False,False,False
sun397,130,/d/dinette/home,sun397-category:130,taxonomy,VERIFIED_DEPICTED_TYPE,False,True,SOURCE_TYPED_MAPPING,CONNECTED,9,True,False,True,False,False,False,False,False,False
sun397,131,/d/dinette/vehicle,sun397-category:131,taxonomy,VERIFIED_DEPICTED_TYPE,False,True,SOURCE_TYPED_MAPPING,CONNECTED,9,True,False,True,False,False,False,False,False,False
sun397,132,/d/dining_car,sun397-category:132,taxonomy,VERIFIED_DEPICTED_TYPE,False,True,SOURCE_TYPED_MAPPING,CONNECTED,11,True,False,True,False,False,False,False,False,False
sun397,133,/d/dining_room,sun397-category:133,taxonomy,VERIFIED_DEPICTED_TYPE,False,True,SOURCE_TYPED_MAPPING,CONNECTED,9,True,False,True,False,False,False,False,False,False
sun397,134,/d/discotheque,sun397-category:134,taxonomy,VERIFIED_DEPICTED_TYPE,False,True,SOURCE_TYPED_MAPPING,CONNECTED,10,True,False,True,False,False,False,False,False,False
sun397,135,/d/dock,sun397-category:135,taxonomy,NATIVE_LABEL_ONLY,False,False,NATIVE_LABEL_ONLY,NOT_ADMITTED,,True,False,False,False,False,False,False,False,False
sun397,136,/d/doorway/outdoor,sun397-category:136,taxonomy,VERIFIED_DEPICTED_TYPE,False,True,SOURCE_TYPED_MAPPING,CONNECTED,9,True,False,True,False,False,False,False,False,False
sun397,137,/d/dorm_room,sun397-category:137,taxonomy,VERIFIED_DEPICTED_TYPE,False,True,SOURCE_TYPED_MAPPING,CONNECTED,10,True,False,True,False,False,False,False,False,False
sun397,138,/d/driveway,sun397-category:138,taxonomy,VERIFIED_DEPICTED_TYPE,False,True,SOURCE_TYPED_MAPPING,CONNECTED,8,True,False,True,False,False,False,False,False,False
sun397,139,/d/driving_range/outdoor,sun397-category:139,taxonomy,VERIFIED_DEPICTED_TYPE,False,True,SOURCE_TYPED_MAPPING,CONNECTED,9,True,False,True,False,False,False,False,False,False
sun397,140,/d/drugstore,sun397-category:140,taxonomy,VERIFIED_DEPICTED_TYPE,False,True,SOURCE_TYPED_MAPPING,CONNECTED,11,True,False,True,False,False,False,False,False,False
sun397,141,/e/electrical_substation,sun397-category:141,taxonomy,NATIVE_LABEL_ONLY,False,False,NATIVE_LABEL_ONLY,NOT_ADMITTED,,True,False,False,False,False,False,False,False,False
sun397,142,/e/elevator/door,sun397-category:142,taxonomy,NATIVE_LABEL_ONLY,False,False,NATIVE_LABEL_ONLY,NOT_ADMITTED,,True,False,False,False,False,False,False,False,False
sun397,143,/e/elevator/interior,sun397-category:143,taxonomy,NATIVE_LABEL_ONLY,False,False,NATIVE_LABEL_ONLY,NOT_ADMITTED,,True,False,False,False,False,False,False,False,False
sun397,144,/e/elevator_shaft,sun397-category:144,taxonomy,VERIFIED_DEPICTED_TYPE,False,True,SOURCE_TYPED_MAPPING,CONNECTED,10,True,False,True,False,False,False,False,False,False
sun397,145,/e/engine_room,sun397-category:145,taxonomy,VERIFIED_DEPICTED_TYPE,False,True,SOURCE_TYPED_MAPPING,CONNECTED,9,True,False,True,False,False,False,False,False,False
sun397,146,/e/escalator/indoor,sun397-category:146,taxonomy,VERIFIED_DEPICTED_TYPE,False,True,SOURCE_TYPED_MAPPING,CONNECTED,8,True,False,True,False,False,False,False,False,False
sun397,147,/e/excavation,sun397-category:147,taxonomy,NATIVE_LABEL_ONLY,False,False,NATIVE_LABEL_ONLY,NOT_ADMITTED,,True,False,False,False,False,False,False,False,False
sun397,148,/f/factory/indoor,sun397-category:148,taxonomy,VERIFIED_DEPICTED_TYPE,False,True,SOURCE_TYPED_MAPPING,CONNECTED,9,True,False,True,False,False,False,False,False,False
sun397,149,/f/fairway,sun397-category:149,taxonomy,NATIVE_LABEL_ONLY,False,False,NATIVE_LABEL_ONLY,NOT_ADMITTED,,True,False,False,False,False,False,False,False,False
sun397,150,/f/fastfood_restaurant,sun397-category:150,taxonomy,NATIVE_LABEL_ONLY,False,False,NATIVE_LABEL_ONLY,NOT_ADMITTED,,True,False,False,False,False,False,False,False,False
sun397,151,/f/field/cultivated,sun397-category:151,taxonomy,NATIVE_LABEL_ONLY,False,False,NATIVE_LABEL_ONLY,NOT_ADMITTED,,True,False,False,False,False,False,False,False,False
sun397,152,/f/field/wild,sun397-category:152,taxonomy,NATIVE_LABEL_ONLY,False,False,NATIVE_LABEL_ONLY,NOT_ADMITTED,,True,False,False,False,False,False,False,False,False
sun397,153,/f/fire_escape,sun397-category:153,taxonomy,VERIFIED_DEPICTED_TYPE,False,True,SOURCE_TYPED_MAPPING,CONNECTED,8,True,False,True,False,False,False,False,False,False
sun397,154,/f/fire_station,sun397-category:154,taxonomy,VERIFIED_DEPICTED_TYPE,False,True,SOURCE_TYPED_MAPPING,CONNECTED,8,True,False,True,False,False,False,False,False,False
sun397,155,/f/firing_range/indoor,sun397-category:155,taxonomy,VERIFIED_DEPICTED_TYPE,False,True,SOURCE_TYPED_MAPPING,CONNECTED,9,True,False,True,False,False,False,False,False,False
sun397,156,/f/fishpond,sun397-category:156,taxonomy,VERIFIED_DEPICTED_TYPE,False,True,SOURCE_TYPED_MAPPING,CONNECTED,7,True,False,True,False,False,False,False,False,False
sun397,157,/f/florist_shop/indoor,sun397-category:157,taxonomy,VERIFIED_DEPICTED_TYPE,False,True,SOURCE_TYPED_MAPPING,CONNECTED,11,True,False,True,False,False,False,False,False,False
sun397,158,/f/food_court,sun397-category:158,taxonomy,VERIFIED_DEPICTED_TYPE,False,True,SOURCE_TYPED_MAPPING,CONNECTED,9,True,False,True,False,False,False,False,False,False
sun397,159,/f/forest/broadleaf,sun397-category:159,taxonomy,VERIFIED_DEPICTED_TYPE,False,True,SOURCE_TYPED_MAPPING,CONNECTED,5,True,False,True,False,False,False,False,False,False
sun397,160,/f/forest/needleleaf,sun397-category:160,taxonomy,VERIFIED_DEPICTED_TYPE,False,True,SOURCE_TYPED_MAPPING,CONNECTED,5,True,False,True,False,False,False,False,False,False
sun397,161,/f/forest_path,sun397-category:161,taxonomy,NATIVE_LABEL_ONLY,False,False,NATIVE_LABEL_ONLY,NOT_ADMITTED,,True,False,False,False,False,False,False,False,False
sun397,162,/f/forest_road,sun397-category:162,taxonomy,NATIVE_LABEL_ONLY,False,False,NATIVE_LABEL_ONLY,NOT_ADMITTED,,True,False,False,False,False,False,False,False,False
sun397,163,/f/formal_garden,sun397-category:163,taxonomy,VERIFIED_DEPICTED_TYPE,False,True,SOURCE_TYPED_MAPPING,CONNECTED,10,True,False,True,False,False,False,False,False,False
sun397,164,/f/fountain,sun397-category:164,taxonomy,NATIVE_LABEL_ONLY,False,False,NATIVE_LABEL_ONLY,NOT_ADMITTED,,True,False,False,False,False,False,False,False,False
sun397,165,/g/galley,sun397-category:165,taxonomy,NATIVE_LABEL_ONLY,False,False,NATIVE_LABEL_ONLY,NOT_ADMITTED,,True,False,False,False,False,False,False,False,False
sun397,166,/g/game_room,sun397-category:166,taxonomy,VERIFIED_DEPICTED_TYPE,False,True,SOURCE_TYPED_MAPPING,CONNECTED,10,True,False,True,False,False,False,False,False,False
sun397,167,/g/garage/indoor,sun397-category:167,taxonomy,NATIVE_LABEL_ONLY,False,False,NATIVE_LABEL_ONLY,NOT_ADMITTED,,True,False,False,False,False,False,False,False,False
sun397,168,/g/garbage_dump,sun397-category:168,taxonomy,VERIFIED_DEPICTED_TYPE,False,True,SOURCE_TYPED_MAPPING,CONNECTED,9,True,False,True,False,False,False,False,False,False
sun397,169,/g/gas_station,sun397-category:169,taxonomy,VERIFIED_DEPICTED_TYPE,False,True,SOURCE_TYPED_MAPPING,CONNECTED,9,True,False,True,False,False,False,False,False,False
sun397,170,/g/gazebo/exterior,sun397-category:170,taxonomy,VERIFIED_DEPICTED_TYPE,False,True,SOURCE_TYPED_MAPPING,CONNECTED,8,True,False,True,False,False,False,False,False,False
sun397,171,/g/general_store/indoor,sun397-category:171,taxonomy,VERIFIED_DEPICTED_TYPE,False,True,SOURCE_TYPED_MAPPING,CONNECTED,10,True,False,True,False,False,False,False,False,False
sun397,172,/g/general_store/outdoor,sun397-category:172,taxonomy,VERIFIED_DEPICTED_TYPE,False,True,SOURCE_TYPED_MAPPING,CONNECTED,10,True,False,True,False,False,False,False,False,False
sun397,173,/g/gift_shop,sun397-category:173,taxonomy,VERIFIED_DEPICTED_TYPE,False,True,SOURCE_TYPED_MAPPING,CONNECTED,11,True,False,True,False,False,False,False,False,False
sun397,174,/g/golf_course,sun397-category:174,taxonomy,VERIFIED_DEPICTED_TYPE,False,True,SOURCE_TYPED_MAPPING,CONNECTED,8,True,False,True,False,False,False,False,False,False
sun397,175,/g/greenhouse/indoor,sun397-category:175,taxonomy,VERIFIED_DEPICTED_TYPE,False,True,SOURCE_TYPED_MAPPING,CONNECTED,8,True,False,True,False,False,False,False,False,False
sun397,176,/g/greenhouse/outdoor,sun397-category:176,taxonomy,VERIFIED_DEPICTED_TYPE,False,True,SOURCE_TYPED_MAPPING,CONNECTED,8,True,False,True,False,False,False,False,False,False
sun397,177,/g/gymnasium/indoor,sun397-category:177,taxonomy,VERIFIED_DEPICTED_TYPE,False,True,SOURCE_TYPED_MAPPING,CONNECTED,8,True,False,True,False,False,False,False,False,False
sun397,178,/h/hangar/indoor,sun397-category:178,taxonomy,VERIFIED_DEPICTED_TYPE,False,True,SOURCE_TYPED_MAPPING,CONNECTED,7,True,False,True,False,False,False,False,False,False
sun397,179,/h/hangar/outdoor,sun397-category:179,taxonomy,VERIFIED_DEPICTED_TYPE,False,True,SOURCE_TYPED_MAPPING,CONNECTED,7,True,False,True,False,False,False,False,False,False
sun397,180,/h/harbor,sun397-category:180,taxonomy,NATIVE_LABEL_ONLY,False,False,NATIVE_LABEL_ONLY,NOT_ADMITTED,,True,False,False,False,False,False,False,False,False
sun397,181,/h/hayfield,sun397-category:181,taxonomy,VERIFIED_DEPICTED_TYPE,False,True,SOURCE_TYPED_MAPPING,CONNECTED,7,True,False,True,False,False,False,False,False,False
sun397,182,/h/heliport,sun397-category:182,taxonomy,VERIFIED_DEPICTED_TYPE,False,True,SOURCE_TYPED_MAPPING,CONNECTED,9,True,False,True,False,False,False,False,False,False
sun397,183,/h/herb_garden,sun397-category:183,taxonomy,VERIFIED_DEPICTED_TYPE,False,True,SOURCE_TYPED_MAPPING,CONNECTED,10,True,False,True,False,False,False,False,False,False
sun397,184,/h/highway,sun397-category:184,taxonomy,VERIFIED_DEPICTED_TYPE,False,True,SOURCE_TYPED_MAPPING,CONNECTED,8,True,False,True,False,False,False,False,False,False
sun397,185,/h/hill,sun397-category:185,taxonomy,NATIVE_LABEL_ONLY,False,False,NATIVE_LABEL_ONLY,NOT_ADMITTED,,True,False,False,False,False,False,False,False,False
sun397,186,/h/home_office,sun397-category:186,taxonomy,VERIFIED_DEPICTED_TYPE,False,True,SOURCE_TYPED_MAPPING,CONNECTED,10,True,False,True,False,False,False,False,False,False
sun397,187,/h/hospital,sun397-category:187,taxonomy,VERIFIED_DEPICTED_TYPE,False,True,SOURCE_TYPED_MAPPING,CONNECTED,9,True,False,True,False,False,False,False,False,False
sun397,188,/h/hospital_room,sun397-category:188,taxonomy,VERIFIED_DEPICTED_TYPE,False,True,SOURCE_TYPED_MAPPING,CONNECTED,9,True,False,True,False,False,False,False,False,False
sun397,189,/h/hot_spring,sun397-category:189,taxonomy,VERIFIED_DEPICTED_TYPE,False,True,SOURCE_TYPED_MAPPING,CONNECTED,6,True,False,True,False,False,False,False,False,False
sun397,190,/h/hot_tub/outdoor,sun397-category:190,taxonomy,VERIFIED_DEPICTED_TYPE,False,True,SOURCE_TYPED_MAPPING,CONNECTED,10,True,False,True,False,False,False,False,False,False
sun397,191,/h/hotel/outdoor,sun397-category:191,taxonomy,VERIFIED_DEPICTED_TYPE,False,True,SOURCE_TYPED_MAPPING,CONNECTED,8,True,False,True,False,False,False,False,False,False
sun397,192,/h/hotel_room,sun397-category:192,taxonomy,VERIFIED_DEPICTED_TYPE,False,True,SOURCE_TYPED_MAPPING,CONNECTED,10,True,False,True,False,False,False,False,False,False
sun397,193,/h/house,sun397-category:193,taxonomy,NATIVE_LABEL_ONLY,False,False,NATIVE_LABEL_ONLY,NOT_ADMITTED,,True,False,False,False,False,False,False,False,False
sun397,194,/h/hunting_lodge/outdoor,sun397-category:194,taxonomy,VERIFIED_DEPICTED_TYPE,False,True,SOURCE_TYPED_MAPPING,CONNECTED,9,True,False,True,False,False,False,False,False,False
sun397,195,/i/ice_cream_parlor,sun397-category:195,taxonomy,NATIVE_LABEL_ONLY,False,False,NATIVE_LABEL_ONLY,NOT_ADMITTED,,True,False,False,False,False,False,False,False,False
sun397,196,/i/ice_floe,sun397-category:196,taxonomy,VERIFIED_DEPICTED_TYPE,False,True,SOURCE_TYPED_MAPPING,CONNECTED,6,True,False,True,False,False,False,False,False,False
sun397,197,/i/ice_shelf,sun397-category:197,taxonomy,VERIFIED_DEPICTED_TYPE,False,True,SOURCE_TYPED_MAPPING,CONNECTED,5,True,False,True,False,False,False,False,False,False
sun397,198,/i/ice_skating_rink/indoor,sun397-category:198,taxonomy,VERIFIED_DEPICTED_TYPE,False,True,SOURCE_TYPED_MAPPING,CONNECTED,9,True,False,True,False,False,False,False,False,False
sun397,199,/i/ice_skating_rink/outdoor,sun397-category:199,taxonomy,VERIFIED_DEPICTED_TYPE,False,True,SOURCE_TYPED_MAPPING,CONNECTED,9,True,False,True,False,False,False,False,False,False
sun397,200,/i/iceberg,sun397-category:200,taxonomy,NATIVE_LABEL_ONLY,False,False,NATIVE_LABEL_ONLY,NOT_ADMITTED,,True,False,False,False,False,False,False,False,False
sun397,201,/i/igloo,sun397-category:201,taxonomy,VERIFIED_DEPICTED_TYPE,False,True,SOURCE_TYPED_MAPPING,CONNECTED,9,True,False,True,False,False,False,False,False,False
sun397,202,/i/industrial_area,sun397-category:202,taxonomy,VERIFIED_DEPICTED_TYPE,False,True,SOURCE_TYPED_MAPPING,CONNECTED,8,True,False,True,False,False,False,False,False,False
sun397,203,/i/inn/outdoor,sun397-category:203,taxonomy,VERIFIED_DEPICTED_TYPE,False,True,SOURCE_TYPED_MAPPING,CONNECTED,9,True,False,True,False,False,False,False,False,False
sun397,204,/i/islet,sun397-category:204,taxonomy,VERIFIED_DEPICTED_TYPE,False,True,SOURCE_TYPED_MAPPING,CONNECTED,6,True,False,True,False,False,False,False,False,False
sun397,205,/j/jacuzzi/indoor,sun397-category:205,taxonomy,NATIVE_LABEL_ONLY,False,False,NATIVE_LABEL_ONLY,NOT_ADMITTED,,True,False,False,False,False,False,False,False,False
sun397,206,/j/jail/indoor,sun397-category:206,taxonomy,VERIFIED_DEPICTED_TYPE,False,True,SOURCE_TYPED_MAPPING,CONNECTED,11,True,False,True,False,False,False,False,False,False
sun397,207,/j/jail_cell,sun397-category:207,taxonomy,VERIFIED_DEPICTED_TYPE,False,True,SOURCE_TYPED_MAPPING,CONNECTED,9,True,False,True,False,False,False,False,False,False
sun397,208,/j/jewelry_shop,sun397-category:208,taxonomy,NATIVE_LABEL_ONLY,False,False,NATIVE_LABEL_ONLY,NOT_ADMITTED,,True,False,False,False,False,False,False,False,False
sun397,209,/k/kasbah,sun397-category:209,taxonomy,VERIFIED_DEPICTED_TYPE,False,True,SOURCE_TYPED_MAPPING,CONNECTED,9,True,False,True,False,False,False,False,False,False
sun397,210,/k/kennel/indoor,sun397-category:210,taxonomy,VERIFIED_DEPICTED_TYPE,False,True,SOURCE_TYPED_MAPPING,CONNECTED,9,True,False,True,False,False,False,False,False,False
sun397,211,/k/kennel/outdoor,sun397-category:211,taxonomy,VERIFIED_DEPICTED_TYPE,False,True,SOURCE_TYPED_MAPPING,CONNECTED,9,True,False,True,False,False,False,False,False,False
sun397,212,/k/kindergarden_classroom,sun397-category:212,taxonomy,NATIVE_LABEL_ONLY,False,False,NATIVE_LABEL_ONLY,NOT_ADMITTED,,True,False,False,False,False,False,False,False,False
sun397,213,/k/kitchen,sun397-category:213,taxonomy,VERIFIED_DEPICTED_TYPE,False,True,SOURCE_TYPED_MAPPING,CONNECTED,9,True,False,True,False,False,False,False,False,False
sun397,214,/k/kitchenette,sun397-category:214,taxonomy,VERIFIED_DEPICTED_TYPE,False,True,SOURCE_TYPED_MAPPING,CONNECTED,10,True,False,True,False,False,False,False,False,False
sun397,215,/l/labyrinth/outdoor,sun397-category:215,taxonomy,NATIVE_LABEL_ONLY,False,False,NATIVE_LABEL_ONLY,NOT_ADMITTED,,True,False,False,False,False,False,False,False,False
sun397,216,/l/lake/natural,sun397-category:216,taxonomy,NATIVE_LABEL_ONLY,False,False,NATIVE_LABEL_ONLY,NOT_ADMITTED,,True,False,False,False,False,False,False,False,False
sun397,217,/l/landfill,sun397-category:217,taxonomy,VERIFIED_DEPICTED_TYPE,False,True,SOURCE_TYPED_MAPPING,CONNECTED,7,True,False,True,False,False,False,False,False,False
sun397,218,/l/landing_deck,sun397-category:218,taxonomy,VERIFIED_DEPICTED_TYPE,False,True,SOURCE_TYPED_MAPPING,CONNECTED,10,True,False,True,False,False,False,False,False,False
sun397,219,/l/laundromat,sun397-category:219,taxonomy,VERIFIED_DEPICTED_TYPE,False,True,SOURCE_TYPED_MAPPING,CONNECTED,9,True,False,True,False,False,False,False,False,False
sun397,220,/l/lecture_room,sun397-category:220,taxonomy,VERIFIED_DEPICTED_TYPE,False,True,SOURCE_TYPED_MAPPING,CONNECTED,10,True,False,True,False,False,False,False,False,False
sun397,221,/l/library/indoor,sun397-category:221,taxonomy,NATIVE_LABEL_ONLY,False,False,NATIVE_LABEL_ONLY,NOT_ADMITTED,,True,False,False,False,False,False,False,False,False
sun397,222,/l/library/outdoor,sun397-category:222,taxonomy,NATIVE_LABEL_ONLY,False,False,NATIVE_LABEL_ONLY,NOT_ADMITTED,,True,False,False,False,False,False,False,False,False
sun397,223,/l/lido_deck/outdoor,sun397-category:223,taxonomy,VERIFIED_DEPICTED_TYPE,False,True,SOURCE_TYPED_MAPPING,CONNECTED,10,True,False,True,False,False,False,False,False,False
sun397,224,/l/lift_bridge,sun397-category:224,taxonomy,VERIFIED_DEPICTED_TYPE,False,True,SOURCE_TYPED_MAPPING,CONNECTED,8,True,False,True,False,False,False,False,False,False
sun397,225,/l/lighthouse,sun397-category:225,taxonomy,VERIFIED_DEPICTED_TYPE,False,True,SOURCE_TYPED_MAPPING,CONNECTED,8,True,False,True,False,False,False,False,False,False
sun397,226,/l/limousine_interior,sun397-category:226,taxonomy,NATIVE_LABEL_ONLY,False,False,NATIVE_LABEL_ONLY,NOT_ADMITTED,,True,False,False,False,False,False,False,False,False
sun397,227,/l/living_room,sun397-category:227,taxonomy,VERIFIED_DEPICTED_TYPE,False,True,SOURCE_TYPED_MAPPING,CONNECTED,9,True,False,True,False,False,False,False,False,False
sun397,228,/l/lobby,sun397-category:228,taxonomy,VERIFIED_DEPICTED_TYPE,False,True,SOURCE_TYPED_MAPPING,CONNECTED,9,True,False,True,False,False,False,False,False,False
sun397,229,/l/lock_chamber,sun397-category:229,taxonomy,VERIFIED_DEPICTED_TYPE,False,True,SOURCE_TYPED_MAPPING,CONNECTED,9,True,False,True,False,False,False,False,False,False
sun397,230,/l/locker_room,sun397-category:230,taxonomy,VERIFIED_DEPICTED_TYPE,False,True,SOURCE_TYPED_MAPPING,CONNECTED,9,True,False,True,False,False,False,False,False,False
sun397,231,/m/mansion,sun397-category:231,taxonomy,NATIVE_LABEL_ONLY,False,False,NATIVE_LABEL_ONLY,NOT_ADMITTED,,True,False,False,False,False,False,False,False,False
sun397,232,/m/manufactured_home,sun397-category:232,taxonomy,VERIFIED_DEPICTED_TYPE,False,True,SOURCE_TYPED_MAPPING,CONNECTED,8,True,False,True,False,False,False,False,False,False
sun397,233,/m/market/indoor,sun397-category:233,taxonomy,NATIVE_LABEL_ONLY,False,False,NATIVE_LABEL_ONLY,NOT_ADMITTED,,True,False,False,False,False,False,False,False,False
sun397,234,/m/market/outdoor,sun397-category:234,taxonomy,NATIVE_LABEL_ONLY,False,False,NATIVE_LABEL_ONLY,NOT_ADMITTED,,True,False,False,False,False,False,False,False,False
sun397,235,/m/marsh,sun397-category:235,taxonomy,VERIFIED_DEPICTED_TYPE,False,True,SOURCE_TYPED_MAPPING,CONNECTED,6,True,False,True,False,False,False,False,False,False
sun397,236,/m/martial_arts_gym,sun397-category:236,taxonomy,NATIVE_LABEL_ONLY,False,False,NATIVE_LABEL_ONLY,NOT_ADMITTED,,True,False,False,False,False,False,False,False,False
sun397,237,/m/mausoleum,sun397-category:237,taxonomy,VERIFIED_DEPICTED_TYPE,False,True,SOURCE_TYPED_MAPPING,CONNECTED,9,True,False,True,False,False,False,False,False,False
sun397,238,/m/medina,sun397-category:238,taxonomy,VERIFIED_DEPICTED_TYPE,False,True,SOURCE_TYPED_MAPPING,CONNECTED,9,True,False,True,False,False,False,False,False,False
sun397,239,/m/moat/water,sun397-category:239,taxonomy,VERIFIED_DEPICTED_TYPE,False,True,SOURCE_TYPED_MAPPING,CONNECTED,9,True,False,True,False,False,False,False,False,False
sun397,240,/m/monastery/outdoor,sun397-category:240,taxonomy,VERIFIED_DEPICTED_TYPE,False,True,SOURCE_TYPED_MAPPING,CONNECTED,11,True,False,True,False,False,False,False,False,False
sun397,241,/m/mosque/indoor,sun397-category:241,taxonomy,VERIFIED_DEPICTED_TYPE,False,True,SOURCE_TYPED_MAPPING,CONNECTED,9,True,False,True,False,False,False,False,False,False
sun397,242,/m/mosque/outdoor,sun397-category:242,taxonomy,VERIFIED_DEPICTED_TYPE,False,True,SOURCE_TYPED_MAPPING,CONNECTED,9,True,False,True,False,False,False,False,False,False
sun397,243,/m/motel,sun397-category:243,taxonomy,VERIFIED_DEPICTED_TYPE,False,True,SOURCE_TYPED_MAPPING,CONNECTED,10,True,False,True,False,False,False,False,False,False
sun397,244,/m/mountain,sun397-category:244,taxonomy,VERIFIED_DEPICTED_TYPE,False,True,SOURCE_TYPED_MAPPING,CONNECTED,6,True,False,True,False,False,False,False,False,False
sun397,245,/m/mountain_snowy,sun397-category:245,taxonomy,NATIVE_LABEL_ONLY,False,False,NATIVE_LABEL_ONLY,NOT_ADMITTED,,True,False,False,False,False,False,False,False,False
sun397,246,/m/movie_theater/indoor,sun397-category:246,taxonomy,VERIFIED_DEPICTED_TYPE,False,True,SOURCE_TYPED_MAPPING,CONNECTED,9,True,False,True,False,False,False,False,False,False
sun397,247,/m/museum/indoor,sun397-category:247,taxonomy,VERIFIED_DEPICTED_TYPE,False,True,SOURCE_TYPED_MAPPING,CONNECTED,8,True,False,True,False,False,False,False,False,False
sun397,248,/m/music_store,sun397-category:248,taxonomy,NATIVE_LABEL_ONLY,False,False,NATIVE_LABEL_ONLY,NOT_ADMITTED,,True,False,False,False,False,False,False,False,False
sun397,249,/m/music_studio,sun397-category:249,taxonomy,NATIVE_LABEL_ONLY,False,False,NATIVE_LABEL_ONLY,NOT_ADMITTED,,True,False,False,False,False,False,False,False,False
sun397,250,/n/nuclear_power_plant/outdoor,sun397-category:250,taxonomy,NATIVE_LABEL_ONLY,False,False,NATIVE_LABEL_ONLY,NOT_ADMITTED,,True,False,False,False,False,False,False,False,False
sun397,251,/n/nursery,sun397-category:251,taxonomy,VERIFIED_DEPICTED_TYPE,False,True,SOURCE_TYPED_MAPPING,CONNECTED,11,True,False,True,False,False,False,False,False,False
sun397,252,/o/oast_house,sun397-category:252,taxonomy,VERIFIED_DEPICTED_TYPE,False,True,SOURCE_TYPED_MAPPING,CONNECTED,9,True,False,True,False,False,False,False,False,False
sun397,253,/o/observatory/outdoor,sun397-category:253,taxonomy,NATIVE_LABEL_ONLY,False,False,NATIVE_LABEL_ONLY,NOT_ADMITTED,,True,False,False,False,False,False,False,False,False
sun397,254,/o/ocean,sun397-category:254,taxonomy,VERIFIED_DEPICTED_TYPE,False,True,SOURCE_TYPED_MAPPING,CONNECTED,5,True,False,True,False,False,False,False,False,False
sun397,255,/o/office,sun397-category:255,taxonomy,VERIFIED_DEPICTED_TYPE,False,True,SOURCE_TYPED_MAPPING,CONNECTED,9,True,False,True,False,False,False,False,False,False
sun397,256,/o/office_building,sun397-category:256,taxonomy,VERIFIED_DEPICTED_TYPE,False,True,SOURCE_TYPED_MAPPING,CONNECTED,8,True,False,True,False,False,False,False,False,False
sun397,257,/o/oil_refinery/outdoor,sun397-category:257,taxonomy,VERIFIED_DEPICTED_TYPE,False,True,SOURCE_TYPED_MAPPING,CONNECTED,10,True,False,True,False,False,False,False,False,False
sun397,258,/o/oilrig,sun397-category:258,taxonomy,VERIFIED_DEPICTED_TYPE,False,True,SOURCE_TYPED_MAPPING,CONNECTED,10,True,False,True,False,False,False,False,False,False
sun397,259,/o/operating_room,sun397-category:259,taxonomy,VERIFIED_DEPICTED_TYPE,False,True,SOURCE_TYPED_MAPPING,CONNECTED,10,True,False,True,False,False,False,False,False,False
sun397,260,/o/orchard,sun397-category:260,taxonomy,VERIFIED_DEPICTED_TYPE,False,True,SOURCE_TYPED_MAPPING,CONNECTED,10,True,False,True,False,False,False,False,False,False
sun397,261,/o/outhouse/outdoor,sun397-category:261,taxonomy,VERIFIED_DEPICTED_TYPE,False,True,SOURCE_TYPED_MAPPING,CONNECTED,9,True,False,True,False,False,False,False,False,False
sun397,262,/p/pagoda,sun397-category:262,taxonomy,VERIFIED_DEPICTED_TYPE,False,True,SOURCE_TYPED_MAPPING,CONNECTED,10,True,False,True,False,False,False,False,False,False
sun397,263,/p/palace,sun397-category:263,taxonomy,NATIVE_LABEL_ONLY,False,False,NATIVE_LABEL_ONLY,NOT_ADMITTED,,True,False,False,False,False,False,False,False,False
sun397,264,/p/pantry,sun397-category:264,taxonomy,VERIFIED_DEPICTED_TYPE,False,True,SOURCE_TYPED_MAPPING,CONNECTED,10,True,False,True,False,False,False,False,False,False
sun397,265,/p/park,sun397-category:265,taxonomy,NATIVE_LABEL_ONLY,False,False,NATIVE_LABEL_ONLY,NOT_ADMITTED,,True,False,False,False,False,False,False,False,False
sun397,266,/p/parking_garage/indoor,sun397-category:266,taxonomy,NATIVE_LABEL_ONLY,False,False,NATIVE_LABEL_ONLY,NOT_ADMITTED,,True,False,False,False,False,False,False,False,False
sun397,267,/p/parking_garage/outdoor,sun397-category:267,taxonomy,NATIVE_LABEL_ONLY,False,False,NATIVE_LABEL_ONLY,NOT_ADMITTED,,True,False,False,False,False,False,False,False,False
sun397,268,/p/parking_lot,sun397-category:268,taxonomy,VERIFIED_DEPICTED_TYPE,False,True,SOURCE_TYPED_MAPPING,CONNECTED,9,True,False,True,False,False,False,False,False,False
sun397,269,/p/parlor,sun397-category:269,taxonomy,NATIVE_LABEL_ONLY,False,False,NATIVE_LABEL_ONLY,NOT_ADMITTED,,True,False,False,False,False,False,False,False,False
sun397,270,/p/pasture,sun397-category:270,taxonomy,NATIVE_LABEL_ONLY,False,False,NATIVE_LABEL_ONLY,NOT_ADMITTED,,True,False,False,False,False,False,False,False,False
sun397,271,/p/patio,sun397-category:271,taxonomy,VERIFIED_DEPICTED_TYPE,False,True,SOURCE_TYPED_MAPPING,CONNECTED,8,True,False,True,False,False,False,False,False,False
sun397,272,/p/pavilion,sun397-category:272,taxonomy,VERIFIED_DEPICTED_TYPE,False,True,SOURCE_TYPED_MAPPING,CONNECTED,9,True,False,True,False,False,False,False,False,False
sun397,273,/p/pharmacy,sun397-category:273,taxonomy,VERIFIED_DEPICTED_TYPE,False,True,SOURCE_TYPED_MAPPING,CONNECTED,11,True,False,True,False,False,False,False,False,False
sun397,274,/p/phone_booth,sun397-category:274,taxonomy,VERIFIED_DEPICTED_TYPE,False,True,SOURCE_TYPED_MAPPING,CONNECTED,11,True,False,True,False,False,False,False,False,False
sun397,275,/p/physics_laboratory,sun397-category:275,taxonomy,VERIFIED_DEPICTED_TYPE,False,True,SOURCE_TYPED_MAPPING,CONNECTED,9,True,False,True,False,False,False,False,False,False
sun397,276,/p/picnic_area,sun397-category:276,taxonomy,VERIFIED_DEPICTED_TYPE,False,True,SOURCE_TYPED_MAPPING,CONNECTED,8,True,False,True,False,False,False,False,False,False
sun397,277,/p/pilothouse/indoor,sun397-category:277,taxonomy,VERIFIED_DEPICTED_TYPE,False,True,SOURCE_TYPED_MAPPING,CONNECTED,10,True,False,True,False,False,False,False,False,False
sun397,278,/p/planetarium/outdoor,sun397-category:278,taxonomy,NATIVE_LABEL_ONLY,False,False,NATIVE_LABEL_ONLY,NOT_ADMITTED,,True,False,False,False,False,False,False,False,False
sun397,279,/p/playground,sun397-category:279,taxonomy,NATIVE_LABEL_ONLY,False,False,NATIVE_LABEL_ONLY,NOT_ADMITTED,,True,False,False,False,False,False,False,False,False
sun397,280,/p/playroom,sun397-category:280,taxonomy,VERIFIED_DEPICTED_TYPE,False,True,SOURCE_TYPED_MAPPING,CONNECTED,10,True,False,True,False,False,False,False,False,False
sun397,281,/p/plaza,sun397-category:281,taxonomy,NATIVE_LABEL_ONLY,False,False,NATIVE_LABEL_ONLY,NOT_ADMITTED,,True,False,False,False,False,False,False,False,False
sun397,282,/p/podium/indoor,sun397-category:282,taxonomy,VERIFIED_DEPICTED_TYPE,False,True,SOURCE_TYPED_MAPPING,CONNECTED,9,True,False,True,False,False,False,False,False,False
sun397,283,/p/podium/outdoor,sun397-category:283,taxonomy,VERIFIED_DEPICTED_TYPE,False,True,SOURCE_TYPED_MAPPING,CONNECTED,9,True,False,True,False,False,False,False,False,False
sun397,284,/p/pond,sun397-category:284,taxonomy,VERIFIED_DEPICTED_TYPE,False,True,SOURCE_TYPED_MAPPING,CONNECTED,6,True,False,True,False,False,False,False,False,False
sun397,285,/p/poolroom/establishment,sun397-category:285,taxonomy,VERIFIED_DEPICTED_TYPE,False,True,SOURCE_TYPED_MAPPING,CONNECTED,9,True,False,True,False,False,False,False,False,False
sun397,286,/p/poolroom/home,sun397-category:286,taxonomy,VERIFIED_DEPICTED_TYPE,False,True,SOURCE_TYPED_MAPPING,CONNECTED,9,True,False,True,False,False,False,False,False,False
sun397,287,/p/power_plant/outdoor,sun397-category:287,taxonomy,VERIFIED_DEPICTED_TYPE,False,True,SOURCE_TYPED_MAPPING,CONNECTED,8,True,False,True,False,False,False,False,False,False
sun397,288,/p/promenade_deck,sun397-category:288,taxonomy,VERIFIED_DEPICTED_TYPE,False,True,SOURCE_TYPED_MAPPING,CONNECTED,10,True,False,True,False,False,False,False,False,False
sun397,289,/p/pub/indoor,sun397-category:289,taxonomy,VERIFIED_DEPICTED_TYPE,False,True,SOURCE_TYPED_MAPPING,CONNECTED,9,True,False,True,False,False,False,False,False,False
sun397,290,/p/pulpit,sun397-category:290,taxonomy,VERIFIED_DEPICTED_TYPE,False,True,SOURCE_TYPED_MAPPING,CONNECTED,9,True,False,True,False,False,False,False,False,False
sun397,291,/p/putting_green,sun397-category:291,taxonomy,VERIFIED_DEPICTED_TYPE,False,True,SOURCE_TYPED_MAPPING,CONNECTED,9,True,False,True,False,False,False,False,False,False
sun397,292,/r/racecourse,sun397-category:292,taxonomy,VERIFIED_DEPICTED_TYPE,False,True,SOURCE_TYPED_MAPPING,CONNECTED,8,True,False,True,False,False,False,False,False,False
sun397,293,/r/raceway,sun397-category:293,taxonomy,NATIVE_LABEL_ONLY,False,False,NATIVE_LABEL_ONLY,NOT_ADMITTED,,True,False,False,False,False,False,False,False,False
sun397,294,/r/raft,sun397-category:294,taxonomy,NATIVE_LABEL_ONLY,False,False,NATIVE_LABEL_ONLY,NOT_ADMITTED,,True,False,False,False,False,False,False,False,False
sun397,295,/r/railroad_track,sun397-category:295,taxonomy,VERIFIED_DEPICTED_TYPE,False,True,SOURCE_TYPED_MAPPING,CONNECTED,7,True,False,True,False,False,False,False,False,False
sun397,296,/r/rainforest,sun397-category:296,taxonomy,NATIVE_LABEL_ONLY,False,False,NATIVE_LABEL_ONLY,NOT_ADMITTED,,True,False,False,False,False,False,False,False,False
sun397,297,/r/reception,sun397-category:297,taxonomy,VERIFIED_DEPICTED_TYPE,False,True,SOURCE_TYPED_MAPPING,CONNECTED,10,True,False,True,False,False,False,False,False,False
sun397,298,/r/recreation_room,sun397-category:298,taxonomy,VERIFIED_DEPICTED_TYPE,False,True,SOURCE_TYPED_MAPPING,CONNECTED,9,True,False,True,False,False,False,False,False,False
sun397,299,/r/residential_neighborhood,sun397-category:299,taxonomy,NATIVE_LABEL_ONLY,False,False,NATIVE_LABEL_ONLY,NOT_ADMITTED,,True,False,False,False,False,False,False,False,False
sun397,300,/r/restaurant,sun397-category:300,taxonomy,VERIFIED_DEPICTED_TYPE,False,True,SOURCE_TYPED_MAPPING,CONNECTED,8,True,False,True,False,False,False,False,False,False
sun397,301,/r/restaurant_kitchen,sun397-category:301,taxonomy,NATIVE_LABEL_ONLY,False,False,NATIVE_LABEL_ONLY,NOT_ADMITTED,,True,False,False,False,False,False,False,False,False
sun397,302,/r/restaurant_patio,sun397-category:302,taxonomy,NATIVE_LABEL_ONLY,False,False,NATIVE_LABEL_ONLY,NOT_ADMITTED,,True,False,False,False,False,False,False,False,False
sun397,303,/r/rice_paddy,sun397-category:303,taxonomy,VERIFIED_DEPICTED_TYPE,False,True,SOURCE_TYPED_MAPPING,CONNECTED,9,True,False,True,False,False,False,False,False,False
sun397,304,/r/riding_arena,sun397-category:304,taxonomy,NATIVE_LABEL_ONLY,False,False,NATIVE_LABEL_ONLY,NOT_ADMITTED,,True,False,False,False,False,False,False,False,False
sun397,305,/r/river,sun397-category:305,taxonomy,VERIFIED_DEPICTED_TYPE,False,True,SOURCE_TYPED_MAPPING,CONNECTED,6,True,False,True,False,False,False,False,False,False
sun397,306,/r/rock_arch,sun397-category:306,taxonomy,NATIVE_LABEL_ONLY,False,False,NATIVE_LABEL_ONLY,NOT_ADMITTED,,True,False,False,False,False,False,False,False,False
sun397,307,/r/rope_bridge,sun397-category:307,taxonomy,VERIFIED_DEPICTED_TYPE,False,True,SOURCE_TYPED_MAPPING,CONNECTED,8,True,False,True,False,False,False,False,False,False
sun397,308,/r/ruin,sun397-category:308,taxonomy,NATIVE_LABEL_ONLY,False,False,NATIVE_LABEL_ONLY,NOT_ADMITTED,,True,False,False,False,False,False,False,False,False
sun397,309,/r/runway,sun397-category:309,taxonomy,NATIVE_LABEL_ONLY,False,False,NATIVE_LABEL_ONLY,NOT_ADMITTED,,True,False,False,False,False,False,False,False,False
sun397,310,/s/sandbar,sun397-category:310,taxonomy,VERIFIED_DEPICTED_TYPE,False,True,SOURCE_TYPED_MAPPING,CONNECTED,8,True,False,True,False,False,False,False,False,False
sun397,311,/s/sandbox,sun397-category:311,taxonomy,NATIVE_LABEL_ONLY,False,False,NATIVE_LABEL_ONLY,NOT_ADMITTED,,True,False,False,False,False,False,False,False,False
sun397,312,/s/sauna,sun397-category:312,taxonomy,VERIFIED_DEPICTED_TYPE,False,True,SOURCE_TYPED_MAPPING,CONNECTED,10,True,False,True,False,False,False,False,False,False
sun397,313,/s/schoolhouse,sun397-category:313,taxonomy,VERIFIED_DEPICTED_TYPE,False,True,SOURCE_TYPED_MAPPING,CONNECTED,8,True,False,True,False,False,False,False,False,False
sun397,314,/s/sea_cliff,sun397-category:314,taxonomy,NATIVE_LABEL_ONLY,False,False,NATIVE_LABEL_ONLY,NOT_ADMITTED,,True,False,False,False,False,False,False,False,False
sun397,315,/s/server_room,sun397-category:315,taxonomy,NATIVE_LABEL_ONLY,False,False,NATIVE_LABEL_ONLY,NOT_ADMITTED,,True,False,False,False,False,False,False,False,False
sun397,316,/s/shed,sun397-category:316,taxonomy,VERIFIED_DEPICTED_TYPE,False,True,SOURCE_TYPED_MAPPING,CONNECTED,9,True,False,True,False,False,False,False,False,False
sun397,317,/s/shoe_shop,sun397-category:317,taxonomy,VERIFIED_DEPICTED_TYPE,False,True,SOURCE_TYPED_MAPPING,CONNECTED,11,True,False,True,False,False,False,False,False,False
sun397,318,/s/shopfront,sun397-category:318,taxonomy,VERIFIED_DEPICTED_TYPE,False,True,SOURCE_TYPED_MAPPING,CONNECTED,9,True,False,True,False,False,False,False,False,False
sun397,319,/s/shopping_mall/indoor,sun397-category:319,taxonomy,VERIFIED_DEPICTED_TYPE,False,True,SOURCE_TYPED_MAPPING,CONNECTED,10,True,False,True,False,False,False,False,False,False
sun397,320,/s/shower,sun397-category:320,taxonomy,NATIVE_LABEL_ONLY,False,False,NATIVE_LABEL_ONLY,NOT_ADMITTED,,True,False,False,False,False,False,False,False,False
sun397,321,/s/skatepark,sun397-category:321,taxonomy,NATIVE_LABEL_ONLY,False,False,NATIVE_LABEL_ONLY,NOT_ADMITTED,,True,False,False,False,False,False,False,False,False
sun397,322,/s/ski_lodge,sun397-category:322,taxonomy,VERIFIED_DEPICTED_TYPE,False,True,SOURCE_TYPED_MAPPING,CONNECTED,9,True,False,True,False,False,False,False,False,False
sun397,323,/s/ski_resort,sun397-category:323,taxonomy,VERIFIED_DEPICTED_TYPE,False,True,SOURCE_TYPED_MAPPING,CONNECTED,10,True,False,True,False,False,False,False,False,False
sun397,324,/s/ski_slope,sun397-category:324,taxonomy,VERIFIED_DEPICTED_TYPE,False,True,SOURCE_TYPED_MAPPING,CONNECTED,6,True,False,True,False,False,False,False,False,False
sun397,325,/s/sky,sun397-category:325,taxonomy,VERIFIED_DEPICTED_TYPE,False,True,SOURCE_TYPED_MAPPING,CONNECTED,7,True,False,True,False,False,False,False,False,False
sun397,326,/s/skyscraper,sun397-category:326,taxonomy,VERIFIED_DEPICTED_TYPE,False,True,SOURCE_TYPED_MAPPING,CONNECTED,8,True,False,True,False,False,False,False,False,False
sun397,327,/s/slum,sun397-category:327,taxonomy,VERIFIED_DEPICTED_TYPE,False,True,SOURCE_TYPED_MAPPING,CONNECTED,8,True,False,True,False,False,False,False,False,False
sun397,328,/s/snowfield,sun397-category:328,taxonomy,VERIFIED_DEPICTED_TYPE,False,True,SOURCE_TYPED_MAPPING,CONNECTED,6,True,False,True,False,False,False,False,False,False
sun397,329,/s/squash_court,sun397-category:329,taxonomy,VERIFIED_DEPICTED_TYPE,False,True,SOURCE_TYPED_MAPPING,CONNECTED,10,True,False,True,False,False,False,False,False,False
sun397,330,/s/stable,sun397-category:330,taxonomy,VERIFIED_DEPICTED_TYPE,False,True,SOURCE_TYPED_MAPPING,CONNECTED,9,True,False,True,False,False,False,False,False,False
sun397,331,/s/stadium/baseball,sun397-category:331,taxonomy,VERIFIED_DEPICTED_TYPE,False,True,SOURCE_TYPED_MAPPING,CONNECTED,7,True,False,True,False,False,False,False,False,False
sun397,332,/s/stadium/football,sun397-category:332,taxonomy,VERIFIED_DEPICTED_TYPE,False,True,SOURCE_TYPED_MAPPING,CONNECTED,7,True,False,True,False,False,False,False,False,False
sun397,333,/s/stage/indoor,sun397-category:333,taxonomy,NATIVE_LABEL_ONLY,False,False,NATIVE_LABEL_ONLY,NOT_ADMITTED,,True,False,False,False,False,False,False,False,False
sun397,334,/s/staircase,sun397-category:334,taxonomy,VERIFIED_DEPICTED_TYPE,False,True,SOURCE_TYPED_MAPPING,CONNECTED,7,True,False,True,False,False,False,False,False,False
sun397,335,/s/street,sun397-category:335,taxonomy,NATIVE_LABEL_ONLY,False,False,NATIVE_LABEL_ONLY,NOT_ADMITTED,,True,False,False,False,False,False,False,False,False
sun397,336,/s/subway_interior,sun397-category:336,taxonomy,NATIVE_LABEL_ONLY,False,False,NATIVE_LABEL_ONLY,NOT_ADMITTED,,True,False,False,False,False,False,False,False,False
sun397,337,/s/subway_station/platform,sun397-category:337,taxonomy,VERIFIED_DEPICTED_TYPE,False,True,SOURCE_TYPED_MAPPING,CONNECTED,9,True,False,True,False,False,False,False,False,False
sun397,338,/s/supermarket,sun397-category:338,taxonomy,VERIFIED_DEPICTED_TYPE,False,True,SOURCE_TYPED_MAPPING,CONNECTED,12,True,False,True,False,False,False,False,False,False
sun397,339,/s/sushi_bar,sun397-category:339,taxonomy,VERIFIED_DEPICTED_TYPE,False,True,SOURCE_TYPED_MAPPING,CONNECTED,12,True,False,True,False,False,False,False,False,False
sun397,340,/s/swamp,sun397-category:340,taxonomy,VERIFIED_DEPICTED_TYPE,False,True,SOURCE_TYPED_MAPPING,CONNECTED,6,True,False,True,False,False,False,False,False,False
sun397,341,/s/swimming_pool/indoor,sun397-category:341,taxonomy,VERIFIED_DEPICTED_TYPE,False,True,SOURCE_TYPED_MAPPING,CONNECTED,8,True,False,True,False,False,False,False,False,False
sun397,342,/s/swimming_pool/outdoor,sun397-category:342,taxonomy,VERIFIED_DEPICTED_TYPE,False,True,SOURCE_TYPED_MAPPING,CONNECTED,8,True,False,True,False,False,False,False,False,False
sun397,343,/s/synagogue/indoor,sun397-category:343,taxonomy,VERIFIED_DEPICTED_TYPE,False,True,SOURCE_TYPED_MAPPING,CONNECTED,9,True,False,True,False,False,False,False,False,False
sun397,344,/s/synagogue/outdoor,sun397-category:344,taxonomy,VERIFIED_DEPICTED_TYPE,False,True,SOURCE_TYPED_MAPPING,CONNECTED,9,True,False,True,False,False,False,False,False,False
sun397,345,/t/television_studio,sun397-category:345,taxonomy,NATIVE_LABEL_ONLY,False,False,NATIVE_LABEL_ONLY,NOT_ADMITTED,,True,False,False,False,False,False,False,False,False
sun397,346,/t/temple/east_asia,sun397-category:346,taxonomy,NATIVE_LABEL_ONLY,False,False,NATIVE_LABEL_ONLY,NOT_ADMITTED,,True,False,False,False,False,False,False,False,False
sun397,347,/t/temple/south_asia,sun397-category:347,taxonomy,NATIVE_LABEL_ONLY,False,False,NATIVE_LABEL_ONLY,NOT_ADMITTED,,True,False,False,False,False,False,False,False,False
sun397,348,/t/tennis_court/indoor,sun397-category:348,taxonomy,VERIFIED_DEPICTED_TYPE,False,True,SOURCE_TYPED_MAPPING,CONNECTED,10,True,False,True,False,False,False,False,False,False
sun397,349,/t/tennis_court/outdoor,sun397-category:349,taxonomy,VERIFIED_DEPICTED_TYPE,False,True,SOURCE_TYPED_MAPPING,CONNECTED,10,True,False,True,False,False,False,False,False,False
sun397,350,/t/tent/outdoor,sun397-category:350,taxonomy,NATIVE_LABEL_ONLY,False,False,NATIVE_LABEL_ONLY,NOT_ADMITTED,,True,False,False,False,False,False,False,False,False
sun397,351,/t/theater/indoor_procenium,sun397-category:351,taxonomy,NATIVE_LABEL_ONLY,False,False,NATIVE_LABEL_ONLY,NOT_ADMITTED,,True,False,False,False,False,False,False,False,False
sun397,352,/t/theater/indoor_seats,sun397-category:352,taxonomy,NATIVE_LABEL_ONLY,False,False,NATIVE_LABEL_ONLY,NOT_ADMITTED,,True,False,False,False,False,False,False,False,False
sun397,353,/t/thriftshop,sun397-category:353,taxonomy,VERIFIED_DEPICTED_TYPE,False,True,SOURCE_TYPED_MAPPING,CONNECTED,11,True,False,True,False,False,False,False,False,False
sun397,354,/t/throne_room,sun397-category:354,taxonomy,NATIVE_LABEL_ONLY,False,False,NATIVE_LABEL_ONLY,NOT_ADMITTED,,True,False,False,False,False,False,False,False,False
sun397,355,/t/ticket_booth,sun397-category:355,taxonomy,VERIFIED_DEPICTED_TYPE,False,True,SOURCE_TYPED_MAPPING,CONNECTED,10,True,False,True,False,False,False,False,False,False
sun397,356,/t/toll_plaza,sun397-category:356,taxonomy,VERIFIED_DEPICTED_TYPE,False,True,SOURCE_TYPED_MAPPING,CONNECTED,8,True,False,True,False,False,False,False,False,False
sun397,357,/t/topiary_garden,sun397-category:357,taxonomy,NATIVE_LABEL_ONLY,False,False,NATIVE_LABEL_ONLY,NOT_ADMITTED,,True,False,False,False,False,False,False,False,False
sun397,358,/t/tower,sun397-category:358,taxonomy,NATIVE_LABEL_ONLY,False,False,NATIVE_LABEL_ONLY,NOT_ADMITTED,,True,False,False,False,False,False,False,False,False
sun397,359,/t/toyshop,sun397-category:359,taxonomy,VERIFIED_DEPICTED_TYPE,False,True,SOURCE_TYPED_MAPPING,CONNECTED,11,True,False,True,False,False,False,False,False,False
sun397,360,/t/track/outdoor,sun397-category:360,taxonomy,NATIVE_LABEL_ONLY,False,False,NATIVE_LABEL_ONLY,NOT_ADMITTED,,True,False,False,False,False,False,False,False,False
sun397,361,/t/train_railway,sun397-category:361,taxonomy,NATIVE_LABEL_ONLY,False,False,NATIVE_LABEL_ONLY,NOT_ADMITTED,,True,False,False,False,False,False,False,False,False
sun397,362,/t/train_station/platform,sun397-category:362,taxonomy,VERIFIED_DEPICTED_TYPE,False,True,SOURCE_TYPED_MAPPING,CONNECTED,9,True,False,True,False,False,False,False,False,False
sun397,363,/t/tree_farm,sun397-category:363,taxonomy,VERIFIED_DEPICTED_TYPE,False,True,SOURCE_TYPED_MAPPING,CONNECTED,6,True,False,True,False,False,False,False,False,False
sun397,364,/t/tree_house,sun397-category:364,taxonomy,VERIFIED_DEPICTED_TYPE,False,True,SOURCE_TYPED_MAPPING,CONNECTED,8,True,False,True,False,False,False,False,False,False
sun397,365,/t/trench,sun397-category:365,taxonomy,NATIVE_LABEL_ONLY,False,False,NATIVE_LABEL_ONLY,NOT_ADMITTED,,True,False,False,False,False,False,False,False,False
sun397,366,/u/underwater/coral_reef,sun397-category:366,taxonomy,NATIVE_LABEL_ONLY,False,False,NATIVE_LABEL_ONLY,NOT_ADMITTED,,True,False,False,False,False,False,False,False,False
sun397,367,/u/utility_room,sun397-category:367,taxonomy,NATIVE_LABEL_ONLY,False,False,NATIVE_LABEL_ONLY,NOT_ADMITTED,,True,False,False,False,False,False,False,False,False
sun397,368,/v/valley,sun397-category:368,taxonomy,VERIFIED_DEPICTED_TYPE,False,True,SOURCE_TYPED_MAPPING,CONNECTED,6,True,False,True,False,False,False,False,False,False
sun397,369,/v/van_interior,sun397-category:369,taxonomy,NATIVE_LABEL_ONLY,False,False,NATIVE_LABEL_ONLY,NOT_ADMITTED,,True,False,False,False,False,False,False,False,False
sun397,370,/v/vegetable_garden,sun397-category:370,taxonomy,VERIFIED_DEPICTED_TYPE,False,True,SOURCE_TYPED_MAPPING,CONNECTED,10,True,False,True,False,False,False,False,False,False
sun397,371,/v/veranda,sun397-category:371,taxonomy,VERIFIED_DEPICTED_TYPE,False,True,SOURCE_TYPED_MAPPING,CONNECTED,8,True,False,True,False,False,False,False,False,False
sun397,372,/v/veterinarians_office,sun397-category:372,taxonomy,NATIVE_LABEL_ONLY,False,False,NATIVE_LABEL_ONLY,NOT_ADMITTED,,True,False,False,False,False,False,False,False,False
sun397,373,/v/viaduct,sun397-category:373,taxonomy,VERIFIED_DEPICTED_TYPE,False,True,SOURCE_TYPED_MAPPING,CONNECTED,8,True,False,True,False,False,False,False,False,False
sun397,374,/v/videostore,sun397-category:374,taxonomy,NATIVE_LABEL_ONLY,False,False,NATIVE_LABEL_ONLY,NOT_ADMITTED,,True,False,False,False,False,False,False,False,False
sun397,375,/v/village,sun397-category:375,taxonomy,VERIFIED_DEPICTED_TYPE,False,True,SOURCE_TYPED_MAPPING,CONNECTED,8,True,False,True,False,False,False,False,False,False
sun397,376,/v/vineyard,sun397-category:376,taxonomy,VERIFIED_DEPICTED_TYPE,False,True,SOURCE_TYPED_MAPPING,CONNECTED,9,True,False,True,False,False,False,False,False,False
sun397,377,/v/volcano,sun397-category:377,taxonomy,NATIVE_LABEL_ONLY,False,False,NATIVE_LABEL_ONLY,NOT_ADMITTED,,True,False,False,False,False,False,False,False,False
sun397,378,/v/volleyball_court/indoor,sun397-category:378,taxonomy,VERIFIED_DEPICTED_TYPE,False,True,SOURCE_TYPED_MAPPING,CONNECTED,10,True,False,True,False,False,False,False,False,False
sun397,379,/v/volleyball_court/outdoor,sun397-category:379,taxonomy,VERIFIED_DEPICTED_TYPE,False,True,SOURCE_TYPED_MAPPING,CONNECTED,10,True,False,True,False,False,False,False,False,False
sun397,380,/w/waiting_room,sun397-category:380,taxonomy,VERIFIED_DEPICTED_TYPE,False,True,SOURCE_TYPED_MAPPING,CONNECTED,9,True,False,True,False,False,False,False,False,False
sun397,381,/w/warehouse/indoor,sun397-category:381,taxonomy,VERIFIED_DEPICTED_TYPE,False,True,SOURCE_TYPED_MAPPING,CONNECTED,9,True,False,True,False,False,False,False,False,False
sun397,382,/w/water_tower,sun397-category:382,taxonomy,VERIFIED_DEPICTED_TYPE,False,True,SOURCE_TYPED_MAPPING,CONNECTED,11,True,False,True,False,False,False,False,False,False
sun397,383,/w/waterfall/block,sun397-category:383,taxonomy,VERIFIED_DEPICTED_TYPE,False,True,SOURCE_TYPED_MAPPING,CONNECTED,5,True,False,True,False,False,False,False,False,False
sun397,384,/w/waterfall/fan,sun397-category:384,taxonomy,VERIFIED_DEPICTED_TYPE,False,True,SOURCE_TYPED_MAPPING,CONNECTED,5,True,False,True,False,False,False,False,False,False
sun397,385,/w/waterfall/plunge,sun397-category:385,taxonomy,VERIFIED_DEPICTED_TYPE,False,True,SOURCE_TYPED_MAPPING,CONNECTED,5,True,False,True,False,False,False,False,False,False
sun397,386,/w/watering_hole,sun397-category:386,taxonomy,VERIFIED_DEPICTED_TYPE,False,True,SOURCE_TYPED_MAPPING,CONNECTED,8,True,False,True,False,False,False,False,False,False
sun397,387,/w/wave,sun397-category:387,taxonomy,NATIVE_LABEL_ONLY,False,False,NATIVE_LABEL_ONLY,NOT_ADMITTED,,True,False,False,False,False,False,False,False,False
sun397,388,/w/wet_bar,sun397-category:388,taxonomy,VERIFIED_DEPICTED_TYPE,False,True,SOURCE_TYPED_MAPPING,CONNECTED,12,True,False,True,False,False,False,False,False,False
sun397,389,/w/wheat_field,sun397-category:389,taxonomy,VERIFIED_DEPICTED_TYPE,False,True,SOURCE_TYPED_MAPPING,CONNECTED,10,True,False,True,False,False,False,False,False,False
sun397,390,/w/wind_farm,sun397-category:390,taxonomy,VERIFIED_DEPICTED_TYPE,False,True,SOURCE_TYPED_MAPPING,CONNECTED,9,True,False,True,False,False,False,False,False,False
sun397,391,/w/windmill,sun397-category:391,taxonomy,NATIVE_LABEL_ONLY,False,False,NATIVE_LABEL_ONLY,NOT_ADMITTED,,True,False,False,False,False,False,False,False,False
sun397,392,/w/wine_cellar/barrel_storage,sun397-category:392,taxonomy,VERIFIED_DEPICTED_TYPE,False,True,SOURCE_TYPED_MAPPING,CONNECTED,9,True,False,True,False,False,False,False,False,False
sun397,393,/w/wine_cellar/bottle_storage,sun397-category:393,taxonomy,VERIFIED_DEPICTED_TYPE,False,True,SOURCE_TYPED_MAPPING,CONNECTED,9,True,False,True,False,False,False,False,False,False
sun397,394,/w/wrestling_ring/indoor,sun397-category:394,taxonomy,VERIFIED_DEPICTED_TYPE,False,True,SOURCE_TYPED_MAPPING,CONNECTED,10,True,False,True,False,False,False,False,False,False
sun397,395,/y/yard,sun397-category:395,taxonomy,NATIVE_LABEL_ONLY,False,False,NATIVE_LABEL_ONLY,NOT_ADMITTED,,True,False,False,False,False,False,False,False,False
sun397,396,/y/youth_hostel,sun397-category:396,taxonomy,VERIFIED_DEPICTED_TYPE,False,True,SOURCE_TYPED_MAPPING,CONNECTED,8,True,False,True,False,False,False,False,False,False
caltech101,0,accordion,caltech101-category:0,membership,VERIFIED_DEPICTED_TYPE,False,True,SOURCE_TYPED_MAPPING,UNREACHABLE,,True,False,False,False,False,False,False,False,False
caltech101,1,airplanes,caltech101-category:1,membership,VERIFIED_DEPICTED_TYPE,False,True,SOURCE_TYPED_MAPPING,UNREACHABLE,,True,False,False,False,False,False,False,False,False
caltech101,2,anchor,caltech101-category:2,membership,NATIVE_LABEL_ONLY,False,False,NATIVE_LABEL_ONLY,NOT_ADMITTED,,True,False,False,False,False,False,False,False,False
caltech101,3,ant,caltech101-category:3,membership,VERIFIED_DEPICTED_TYPE,False,True,SOURCE_TYPED_MAPPING,UNREACHABLE,,True,False,False,False,False,False,False,False,False
caltech101,4,background_google,caltech101-category:4,membership,NATIVE_LABEL_ONLY,False,False,NATIVE_LABEL_ONLY,NOT_ADMITTED,,True,False,False,False,False,False,False,False,False
caltech101,5,barrel,caltech101-category:5,membership,NATIVE_LABEL_ONLY,False,False,NATIVE_LABEL_ONLY,NOT_ADMITTED,,True,False,False,False,False,False,False,False,False
caltech101,6,bass,caltech101-category:6,membership,NATIVE_LABEL_ONLY,False,False,NATIVE_LABEL_ONLY,NOT_ADMITTED,,True,False,False,False,False,False,False,False,False
caltech101,7,beaver,caltech101-category:7,membership,NATIVE_LABEL_ONLY,False,False,NATIVE_LABEL_ONLY,NOT_ADMITTED,,True,False,False,False,False,False,False,False,False
caltech101,8,binocular,caltech101-category:8,membership,NATIVE_LABEL_ONLY,False,False,NATIVE_LABEL_ONLY,NOT_ADMITTED,,True,False,False,False,False,False,False,False,False
caltech101,9,bonsai,caltech101-category:9,membership,VERIFIED_DEPICTED_TYPE,False,True,SOURCE_TYPED_MAPPING,UNREACHABLE,,True,False,False,False,False,False,False,False,False
caltech101,10,brain,caltech101-category:10,membership,NATIVE_LABEL_ONLY,False,False,NATIVE_LABEL_ONLY,NOT_ADMITTED,,True,False,False,False,False,False,False,False,False
caltech101,11,brontosaurus,caltech101-category:11,membership,VERIFIED_DEPICTED_TYPE,False,True,SOURCE_TYPED_MAPPING,UNREACHABLE,,True,False,False,False,False,False,False,False,False
caltech101,12,buddha,caltech101-category:12,membership,VERIFIED_DEPICTED_TYPE,False,True,SOURCE_TYPED_MAPPING,UNREACHABLE,,True,False,False,False,False,False,False,False,False
caltech101,13,butterfly,caltech101-category:13,membership,VERIFIED_DEPICTED_TYPE,False,True,SOURCE_TYPED_MAPPING,UNREACHABLE,,True,False,False,False,False,False,False,False,False
caltech101,14,camera,caltech101-category:14,membership,NATIVE_LABEL_ONLY,False,False,NATIVE_LABEL_ONLY,NOT_ADMITTED,,True,False,False,False,False,False,False,False,False
caltech101,15,cannon,caltech101-category:15,membership,NATIVE_LABEL_ONLY,False,False,NATIVE_LABEL_ONLY,NOT_ADMITTED,,True,False,False,False,False,False,False,False,False
caltech101,16,car_side,caltech101-category:16,membership,NATIVE_LABEL_ONLY,False,False,NATIVE_LABEL_ONLY,NOT_ADMITTED,,True,False,False,False,False,False,False,False,False
caltech101,17,ceiling_fan,caltech101-category:17,membership,NATIVE_LABEL_ONLY,False,False,NATIVE_LABEL_ONLY,NOT_ADMITTED,,True,False,False,False,False,False,False,False,False
caltech101,18,cellphone,caltech101-category:18,membership,VERIFIED_DEPICTED_TYPE,False,True,SOURCE_TYPED_MAPPING,UNREACHABLE,,True,False,False,False,False,False,False,False,False
caltech101,19,chair,caltech101-category:19,membership,NATIVE_LABEL_ONLY,False,False,NATIVE_LABEL_ONLY,NOT_ADMITTED,,True,False,False,False,False,False,False,False,False
caltech101,20,chandelier,caltech101-category:20,membership,VERIFIED_DEPICTED_TYPE,False,True,SOURCE_TYPED_MAPPING,UNREACHABLE,,True,False,False,False,False,False,False,False,False
caltech101,21,cougar_body,caltech101-category:21,membership,NATIVE_LABEL_ONLY,False,False,NATIVE_LABEL_ONLY,NOT_ADMITTED,,True,False,False,False,False,False,False,False,False
caltech101,22,cougar_face,caltech101-category:22,membership,NATIVE_LABEL_ONLY,False,False,NATIVE_LABEL_ONLY,NOT_ADMITTED,,True,False,False,False,False,False,False,False,False
caltech101,23,crab,caltech101-category:23,membership,NATIVE_LABEL_ONLY,False,False,NATIVE_LABEL_ONLY,NOT_ADMITTED,,True,False,False,False,False,False,False,False,False
caltech101,24,crayfish,caltech101-category:24,membership,NATIVE_LABEL_ONLY,False,False,NATIVE_LABEL_ONLY,NOT_ADMITTED,,True,False,False,False,False,False,False,False,False
caltech101,25,crocodile,caltech101-category:25,membership,VERIFIED_DEPICTED_TYPE,False,True,SOURCE_TYPED_MAPPING,UNREACHABLE,,True,False,False,False,False,False,False,False,False
caltech101,26,crocodile_head,caltech101-category:26,membership,NATIVE_LABEL_ONLY,False,False,NATIVE_LABEL_ONLY,NOT_ADMITTED,,True,False,False,False,False,False,False,False,False
caltech101,27,cup,caltech101-category:27,membership,NATIVE_LABEL_ONLY,False,False,NATIVE_LABEL_ONLY,NOT_ADMITTED,,True,False,False,False,False,False,False,False,False
caltech101,28,dalmatian,caltech101-category:28,membership,NATIVE_LABEL_ONLY,False,False,NATIVE_LABEL_ONLY,NOT_ADMITTED,,True,False,False,False,False,False,False,False,False
caltech101,29,dollar_bill,caltech101-category:29,membership,NATIVE_LABEL_ONLY,False,False,NATIVE_LABEL_ONLY,NOT_ADMITTED,,True,False,False,False,False,False,False,False,False
caltech101,30,dolphin,caltech101-category:30,membership,NATIVE_LABEL_ONLY,False,False,NATIVE_LABEL_ONLY,NOT_ADMITTED,,True,False,False,False,False,False,False,False,False
caltech101,31,dragonfly,caltech101-category:31,membership,VERIFIED_DEPICTED_TYPE,False,True,SOURCE_TYPED_MAPPING,UNREACHABLE,,True,False,False,False,False,False,False,False,False
caltech101,32,electric_guitar,caltech101-category:32,membership,VERIFIED_DEPICTED_TYPE,False,True,SOURCE_TYPED_MAPPING,UNREACHABLE,,True,False,False,False,False,False,False,False,False
caltech101,33,elephant,caltech101-category:33,membership,VERIFIED_DEPICTED_TYPE,False,True,SOURCE_TYPED_MAPPING,UNREACHABLE,,True,False,False,False,False,False,False,False,False
caltech101,34,emu,caltech101-category:34,membership,VERIFIED_DEPICTED_TYPE,False,True,SOURCE_TYPED_MAPPING,UNREACHABLE,,True,False,False,False,False,False,False,False,False
caltech101,35,euphonium,caltech101-category:35,membership,VERIFIED_DEPICTED_TYPE,False,True,SOURCE_TYPED_MAPPING,UNREACHABLE,,True,False,False,False,False,False,False,False,False
caltech101,36,ewer,caltech101-category:36,membership,VERIFIED_DEPICTED_TYPE,False,True,SOURCE_TYPED_MAPPING,UNREACHABLE,,True,False,False,False,False,False,False,False,False
caltech101,37,faces,caltech101-category:37,membership,NATIVE_LABEL_ONLY,False,False,NATIVE_LABEL_ONLY,NOT_ADMITTED,,True,False,False,False,False,False,False,False,False
caltech101,38,faces_easy,caltech101-category:38,membership,NATIVE_LABEL_ONLY,False,False,NATIVE_LABEL_ONLY,NOT_ADMITTED,,True,False,False,False,False,False,False,False,False
caltech101,39,ferry,caltech101-category:39,membership,VERIFIED_DEPICTED_TYPE,False,True,SOURCE_TYPED_MAPPING,UNREACHABLE,,True,False,False,False,False,False,False,False,False
caltech101,40,flamingo,caltech101-category:40,membership,VERIFIED_DEPICTED_TYPE,False,True,SOURCE_TYPED_MAPPING,UNREACHABLE,,True,False,False,False,False,False,False,False,False
caltech101,41,flamingo_head,caltech101-category:41,membership,NATIVE_LABEL_ONLY,False,False,NATIVE_LABEL_ONLY,NOT_ADMITTED,,True,False,False,False,False,False,False,False,False
caltech101,42,garfield,caltech101-category:42,membership,NATIVE_LABEL_ONLY,False,False,NATIVE_LABEL_ONLY,NOT_ADMITTED,,True,False,False,False,False,False,False,False,False
caltech101,43,gerenuk,caltech101-category:43,membership,VERIFIED_DEPICTED_TYPE,False,True,SOURCE_TYPED_MAPPING,UNREACHABLE,,True,False,False,False,False,False,False,False,False
caltech101,44,gramophone,caltech101-category:44,membership,VERIFIED_DEPICTED_TYPE,False,True,SOURCE_TYPED_MAPPING,UNREACHABLE,,True,False,False,False,False,False,False,False,False
caltech101,45,grand_piano,caltech101-category:45,membership,VERIFIED_DEPICTED_TYPE,False,True,SOURCE_TYPED_MAPPING,UNREACHABLE,,True,False,False,False,False,False,False,False,False
caltech101,46,hawksbill,caltech101-category:46,membership,VERIFIED_DEPICTED_TYPE,False,True,SOURCE_TYPED_MAPPING,UNREACHABLE,,True,False,False,False,False,False,False,False,False
caltech101,47,headphone,caltech101-category:47,membership,VERIFIED_DEPICTED_TYPE,False,True,SOURCE_TYPED_MAPPING,UNREACHABLE,,True,False,False,False,False,False,False,False,False
caltech101,48,hedgehog,caltech101-category:48,membership,NATIVE_LABEL_ONLY,False,False,NATIVE_LABEL_ONLY,NOT_ADMITTED,,True,False,False,False,False,False,False,False,False
caltech101,49,helicopter,caltech101-category:49,membership,VERIFIED_DEPICTED_TYPE,False,True,SOURCE_TYPED_MAPPING,UNREACHABLE,,True,False,False,False,False,False,False,False,False
caltech101,50,ibis,caltech101-category:50,membership,VERIFIED_DEPICTED_TYPE,False,True,SOURCE_TYPED_MAPPING,UNREACHABLE,,True,False,False,False,False,False,False,False,False
caltech101,51,inline_skate,caltech101-category:51,membership,NATIVE_LABEL_ONLY,False,False,NATIVE_LABEL_ONLY,NOT_ADMITTED,,True,False,False,False,False,False,False,False,False
caltech101,52,joshua_tree,caltech101-category:52,membership,VERIFIED_DEPICTED_TYPE,False,True,SOURCE_TYPED_MAPPING,UNREACHABLE,,True,False,False,False,False,False,False,False,False
caltech101,53,kangaroo,caltech101-category:53,membership,VERIFIED_DEPICTED_TYPE,False,True,SOURCE_TYPED_MAPPING,UNREACHABLE,,True,False,False,False,False,False,False,False,False
caltech101,54,ketch,caltech101-category:54,membership,VERIFIED_DEPICTED_TYPE,False,True,SOURCE_TYPED_MAPPING,UNREACHABLE,,True,False,False,False,False,False,False,False,False
caltech101,55,lamp,caltech101-category:55,membership,NATIVE_LABEL_ONLY,False,False,NATIVE_LABEL_ONLY,NOT_ADMITTED,,True,False,False,False,False,False,False,False,False
caltech101,56,laptop,caltech101-category:56,membership,VERIFIED_DEPICTED_TYPE,False,True,SOURCE_TYPED_MAPPING,UNREACHABLE,,True,False,False,False,False,False,False,False,False
caltech101,57,leopards,caltech101-category:57,membership,NATIVE_LABEL_ONLY,False,False,NATIVE_LABEL_ONLY,NOT_ADMITTED,,True,False,False,False,False,False,False,False,False
caltech101,58,llama,caltech101-category:58,membership,VERIFIED_DEPICTED_TYPE,False,True,SOURCE_TYPED_MAPPING,UNREACHABLE,,True,False,False,False,False,False,False,False,False
caltech101,59,lobster,caltech101-category:59,membership,NATIVE_LABEL_ONLY,False,False,NATIVE_LABEL_ONLY,NOT_ADMITTED,,True,False,False,False,False,False,False,False,False
caltech101,60,lotus,caltech101-category:60,membership,NATIVE_LABEL_ONLY,False,False,NATIVE_LABEL_ONLY,NOT_ADMITTED,,True,False,False,False,False,False,False,False,False
caltech101,61,mandolin,caltech101-category:61,membership,VERIFIED_DEPICTED_TYPE,False,True,SOURCE_TYPED_MAPPING,UNREACHABLE,,True,False,False,False,False,False,False,False,False
caltech101,62,mayfly,caltech101-category:62,membership,VERIFIED_DEPICTED_TYPE,False,True,SOURCE_TYPED_MAPPING,UNREACHABLE,,True,False,False,False,False,False,False,False,False
caltech101,63,menorah,caltech101-category:63,membership,NATIVE_LABEL_ONLY,False,False,NATIVE_LABEL_ONLY,NOT_ADMITTED,,True,False,False,False,False,False,False,False,False
caltech101,64,metronome,caltech101-category:64,membership,VERIFIED_DEPICTED_TYPE,False,True,SOURCE_TYPED_MAPPING,UNREACHABLE,,True,False,False,False,False,False,False,False,False
caltech101,65,minaret,caltech101-category:65,membership,VERIFIED_DEPICTED_TYPE,False,True,SOURCE_TYPED_MAPPING,UNREACHABLE,,True,False,False,False,False,False,False,False,False
caltech101,66,motorbikes,caltech101-category:66,membership,VERIFIED_DEPICTED_TYPE,False,True,SOURCE_TYPED_MAPPING,UNREACHABLE,,True,False,False,False,False,False,False,False,False
caltech101,67,nautilus,caltech101-category:67,membership,NATIVE_LABEL_ONLY,False,False,NATIVE_LABEL_ONLY,NOT_ADMITTED,,True,False,False,False,False,False,False,False,False
caltech101,68,octopus,caltech101-category:68,membership,NATIVE_LABEL_ONLY,False,False,NATIVE_LABEL_ONLY,NOT_ADMITTED,,True,False,False,False,False,False,False,False,False
caltech101,69,okapi,caltech101-category:69,membership,VERIFIED_DEPICTED_TYPE,False,True,SOURCE_TYPED_MAPPING,UNREACHABLE,,True,False,False,False,False,False,False,False,False
caltech101,70,pagoda,caltech101-category:70,membership,VERIFIED_DEPICTED_TYPE,False,True,SOURCE_TYPED_MAPPING,UNREACHABLE,,True,False,False,False,False,False,False,False,False
caltech101,71,panda,caltech101-category:71,membership,NATIVE_LABEL_ONLY,False,False,NATIVE_LABEL_ONLY,NOT_ADMITTED,,True,False,False,False,False,False,False,False,False
caltech101,72,pigeon,caltech101-category:72,membership,VERIFIED_DEPICTED_TYPE,False,True,SOURCE_TYPED_MAPPING,UNREACHABLE,,True,False,False,False,False,False,False,False,False
caltech101,73,pizza,caltech101-category:73,membership,VERIFIED_DEPICTED_TYPE,False,True,SOURCE_TYPED_MAPPING,UNREACHABLE,,True,False,False,False,False,False,False,False,False
caltech101,74,platypus,caltech101-category:74,membership,VERIFIED_DEPICTED_TYPE,False,True,SOURCE_TYPED_MAPPING,UNREACHABLE,,True,False,False,False,False,False,False,False,False
caltech101,75,pyramid,caltech101-category:75,membership,NATIVE_LABEL_ONLY,False,False,NATIVE_LABEL_ONLY,NOT_ADMITTED,,True,False,False,False,False,False,False,False,False
caltech101,76,revolver,caltech101-category:76,membership,NATIVE_LABEL_ONLY,False,False,NATIVE_LABEL_ONLY,NOT_ADMITTED,,True,False,False,False,False,False,False,False,False
caltech101,77,rhino,caltech101-category:77,membership,VERIFIED_DEPICTED_TYPE,False,True,SOURCE_TYPED_MAPPING,UNREACHABLE,,True,False,False,False,False,False,False,False,False
caltech101,78,rooster,caltech101-category:78,membership,VERIFIED_DEPICTED_TYPE,False,True,SOURCE_TYPED_MAPPING,UNREACHABLE,,True,False,False,False,False,False,False,False,False
caltech101,79,saxophone,caltech101-category:79,membership,VERIFIED_DEPICTED_TYPE,False,True,SOURCE_TYPED_MAPPING,UNREACHABLE,,True,False,False,False,False,False,False,False,False
caltech101,80,schooner,caltech101-category:80,membership,NATIVE_LABEL_ONLY,False,False,NATIVE_LABEL_ONLY,NOT_ADMITTED,,True,False,False,False,False,False,False,False,False
caltech101,81,scissors,caltech101-category:81,membership,VERIFIED_DEPICTED_TYPE,False,True,SOURCE_TYPED_MAPPING,UNREACHABLE,,True,False,False,False,False,False,False,False,False
caltech101,82,scorpion,caltech101-category:82,membership,NATIVE_LABEL_ONLY,False,False,NATIVE_LABEL_ONLY,NOT_ADMITTED,,True,False,False,False,False,False,False,False,False
caltech101,83,sea_horse,caltech101-category:83,membership,NATIVE_LABEL_ONLY,False,False,NATIVE_LABEL_ONLY,NOT_ADMITTED,,True,False,False,False,False,False,False,False,False
caltech101,84,snoopy,caltech101-category:84,membership,NATIVE_LABEL_ONLY,False,False,NATIVE_LABEL_ONLY,NOT_ADMITTED,,True,False,False,False,False,False,False,False,False
caltech101,85,soccer_ball,caltech101-category:85,membership,VERIFIED_DEPICTED_TYPE,False,True,SOURCE_TYPED_MAPPING,UNREACHABLE,,True,False,False,False,False,False,False,False,False
caltech101,86,stapler,caltech101-category:86,membership,VERIFIED_DEPICTED_TYPE,False,True,SOURCE_TYPED_MAPPING,UNREACHABLE,,True,False,False,False,False,False,False,False,False
caltech101,87,starfish,caltech101-category:87,membership,VERIFIED_DEPICTED_TYPE,False,True,SOURCE_TYPED_MAPPING,UNREACHABLE,,True,False,False,False,False,False,False,False,False
caltech101,88,stegosaurus,caltech101-category:88,membership,VERIFIED_DEPICTED_TYPE,False,True,SOURCE_TYPED_MAPPING,UNREACHABLE,,True,False,False,False,False,False,False,False,False
caltech101,89,stop_sign,caltech101-category:89,membership,NATIVE_LABEL_ONLY,False,False,NATIVE_LABEL_ONLY,NOT_ADMITTED,,True,False,False,False,False,False,False,False,False
caltech101,90,strawberry,caltech101-category:90,membership,NATIVE_LABEL_ONLY,False,False,NATIVE_LABEL_ONLY,NOT_ADMITTED,,True,False,False,False,False,False,False,False,False
caltech101,91,sunflower,caltech101-category:91,membership,VERIFIED_DEPICTED_TYPE,False,True,SOURCE_TYPED_MAPPING,UNREACHABLE,,True,False,False,False,False,False,False,False,False
caltech101,92,tick,caltech101-category:92,membership,NATIVE_LABEL_ONLY,False,False,NATIVE_LABEL_ONLY,NOT_ADMITTED,,True,False,False,False,False,False,False,False,False
caltech101,93,trilobite,caltech101-category:93,membership,VERIFIED_DEPICTED_TYPE,False,True,SOURCE_TYPED_MAPPING,UNREACHABLE,,True,False,False,False,False,False,False,False,False
caltech101,94,umbrella,caltech101-category:94,membership,VERIFIED_DEPICTED_TYPE,False,True,SOURCE_TYPED_MAPPING,UNREACHABLE,,True,False,False,False,False,False,False,False,False
caltech101,95,watch,caltech101-category:95,membership,NATIVE_LABEL_ONLY,False,False,NATIVE_LABEL_ONLY,NOT_ADMITTED,,True,False,False,False,False,False,False,False,False
caltech101,96,water_lilly,caltech101-category:96,membership,NATIVE_LABEL_ONLY,False,False,NATIVE_LABEL_ONLY,NOT_ADMITTED,,True,False,False,False,False,False,False,False,False
caltech101,97,wheelchair,caltech101-category:97,membership,VERIFIED_DEPICTED_TYPE,False,True,SOURCE_TYPED_MAPPING,UNREACHABLE,,True,False,False,False,False,False,False,False,False
caltech101,98,wild_cat,caltech101-category:98,membership,NATIVE_LABEL_ONLY,False,False,NATIVE_LABEL_ONLY,NOT_ADMITTED,,True,False,False,False,False,False,False,False,False
caltech101,99,windsor_chair,caltech101-category:99,membership,VERIFIED_DEPICTED_TYPE,False,True,SOURCE_TYPED_MAPPING,UNREACHABLE,,True,False,False,False,False,False,False,False,False
caltech101,100,wrench,caltech101-category:100,membership,VERIFIED_DEPICTED_TYPE,False,True,SOURCE_TYPED_MAPPING,UNREACHABLE,,True,False,False,False,False,False,False,False,False
caltech101,101,yin_yang,caltech101-category:101,membership,NATIVE_LABEL_ONLY,False,False,NATIVE_LABEL_ONLY,NOT_ADMITTED,,True,False,False,False,False,False,False,False,False
cub200,1,Black footed Albatross,avilist:phoebastria nigripes,membership,VERIFIED,True,True,EXACT_IDENTITY,UNREACHABLE,,True,True,False,False,False,False,False,False,False
cub200,2,Laysan Albatross,wikidata:Q934841,membership,VERIFIED,True,True,EXACT_IDENTITY,UNREACHABLE,,True,True,False,False,False,False,False,False,False
cub200,3,Sooty Albatross,wikidata:Q1265896,membership,VERIFIED,True,True,EXACT_IDENTITY,UNREACHABLE,,True,True,False,False,False,False,False,False,False
cub200,4,Groove billed Ani,avilist:crotophaga sulcirostris,membership,VERIFIED,True,True,EXACT_IDENTITY,UNREACHABLE,,True,True,False,False,False,False,False,False,False
cub200,5,Crested Auklet,wikidata:Q1166020,membership,VERIFIED,True,True,EXACT_IDENTITY,UNREACHABLE,,True,True,False,False,False,False,False,False,False
cub200,6,Least Auklet,wikidata:Q244035,membership,VERIFIED,True,True,EXACT_IDENTITY,UNREACHABLE,,True,True,False,False,False,False,False,False,False
cub200,7,Parakeet Auklet,wikidata:Q1262009,membership,VERIFIED,True,True,EXACT_IDENTITY,UNREACHABLE,,True,True,False,False,False,False,False,False,False
cub200,8,Rhinoceros Auklet,wikidata:Q903229,membership,VERIFIED,True,True,EXACT_IDENTITY,UNREACHABLE,,True,True,False,False,False,False,False,False,False
cub200,9,Brewer Blackbird,wikidata:Q339139,membership,VERIFIED,True,True,EXACT_IDENTITY,UNREACHABLE,,True,True,False,False,False,False,False,False,False
cub200,10,Red winged Blackbird,avilist:agelaius phoeniceus,membership,VERIFIED,True,True,EXACT_IDENTITY,UNREACHABLE,,True,True,False,False,False,False,False,False,False
cub200,11,Rusty Blackbird,wikidata:Q1314688,membership,VERIFIED,True,True,EXACT_IDENTITY,UNREACHABLE,,True,True,False,False,False,False,False,False,False
cub200,12,Yellow headed Blackbird,wikidata:Q527750,membership,VERIFIED,True,True,EXACT_IDENTITY,UNREACHABLE,,True,True,False,False,False,False,False,False,False
cub200,13,Bobolink,wikidata:Q591831,membership,VERIFIED,True,True,EXACT_IDENTITY,UNREACHABLE,,True,True,False,False,False,False,False,False,False
cub200,14,Indigo Bunting,wordnet31:01540185-n,membership,VERIFIED,True,True,EXACT_IDENTITY,UNREACHABLE,,True,True,False,False,False,False,False,False,False
cub200,15,Lazuli Bunting,avilist:passerina amoena,membership,VERIFIED,True,True,EXACT_IDENTITY,UNREACHABLE,,True,True,False,False,False,False,False,False,False
cub200,16,Painted Bunting,avilist:passerina ciris,membership,VERIFIED,True,True,EXACT_IDENTITY,UNREACHABLE,,True,True,False,False,False,False,False,False,False
cub200,17,Cardinal,avilist:cardinalis cardinalis,membership,VERIFIED,True,True,EXACT_IDENTITY,UNREACHABLE,,True,True,False,False,False,False,False,False,False
cub200,18,Spotted Catbird,wikidata:Q27075204,membership,VERIFIED,True,True,EXACT_IDENTITY,UNREACHABLE,,True,True,False,False,False,False,False,False,False
cub200,19,Gray Catbird,wordnet31:01590167-n,membership,VERIFIED,True,True,EXACT_IDENTITY,UNREACHABLE,,True,True,False,False,False,False,False,False,False
cub200,20,Yellow breasted Chat,avilist:icteria virens,membership,VERIFIED,True,True,EXACT_IDENTITY,UNREACHABLE,,True,True,False,False,False,False,False,False,False
cub200,21,Eastern Towhee,wikidata:Q1541137,membership,VERIFIED,True,True,EXACT_IDENTITY,UNREACHABLE,,True,True,False,False,False,False,False,False,False
cub200,22,Chuck will Widow,wikidata:Q1262147,membership,VERIFIED,True,True,EXACT_IDENTITY,UNREACHABLE,,True,True,False,False,False,False,False,False,False
cub200,23,Brandt Cormorant,wikidata:Q83022912,membership,VERIFIED,True,True,EXACT_IDENTITY,UNREACHABLE,,True,True,False,False,False,False,False,False,False
cub200,24,Red faced Cormorant,avilist:urile urile,membership,VERIFIED,True,True,EXACT_IDENTITY,UNREACHABLE,,True,True,False,False,False,False,False,False,False
cub200,25,Pelagic Cormorant,avilist:urile pelagicus,membership,VERIFIED,True,True,EXACT_IDENTITY,UNREACHABLE,,True,True,False,False,False,False,False,False,False
cub200,26,Bronzed Cowbird,wikidata:Q1190592,membership,VERIFIED,True,True,EXACT_IDENTITY,UNREACHABLE,,True,True,False,False,False,False,False,False,False
cub200,27,Shiny Cowbird,wikidata:Q1586890,membership,VERIFIED,True,True,EXACT_IDENTITY,UNREACHABLE,,True,True,False,False,False,False,False,False,False
cub200,28,Brown Creeper,wikidata:Q490294,membership,VERIFIED,True,True,EXACT_IDENTITY,UNREACHABLE,,True,True,False,False,False,False,False,False,False
cub200,29,American Crow,wikidata:Q267735,membership,VERIFIED,True,True,EXACT_IDENTITY,UNREACHABLE,,True,True,False,False,False,False,False,False,False
cub200,30,Fish Crow,wikidata:Q1420315,membership,VERIFIED,True,True,EXACT_IDENTITY,UNREACHABLE,,True,True,False,False,False,False,False,False,False
cub200,31,Black billed Cuckoo,wikidata:Q19027,membership,VERIFIED,True,True,EXACT_IDENTITY,UNREACHABLE,,True,True,False,False,False,False,False,False,False
cub200,32,Mangrove Cuckoo,avilist:coccyzus minor,membership,VERIFIED,True,True,EXACT_IDENTITY,UNREACHABLE,,True,True,False,False,False,False,False,False,False
cub200,33,Yellow billed Cuckoo,avilist:coccyzus americanus,membership,VERIFIED,True,True,EXACT_IDENTITY,UNREACHABLE,,True,True,False,False,False,False,False,False,False
cub200,34,Gray crowned Rosy Finch,wikidata:Q1304007,membership,VERIFIED,True,True,EXACT_IDENTITY,UNREACHABLE,,True,True,False,False,False,False,False,False,False
cub200,35,Purple Finch,wikidata:Q27075782,membership,VERIFIED,True,True,EXACT_IDENTITY,UNREACHABLE,,True,True,False,False,False,False,False,False,False
cub200,36,Northern Flicker,avilist:colaptes auratus,membership,VERIFIED,True,True,EXACT_IDENTITY,UNREACHABLE,,True,True,False,False,False,False,False,False,False
cub200,37,Acadian Flycatcher,wikidata:Q252175,membership,VERIFIED,True,True,EXACT_IDENTITY,UNREACHABLE,,True,True,False,False,False,False,False,False,False
cub200,38,Great Crested Flycatcher,avilist:myiarchus crinitus,membership,VERIFIED,True,True,EXACT_IDENTITY,UNREACHABLE,,True,True,False,False,False,False,False,False,False
cub200,39,Least Flycatcher,wikidata:Q944011,membership,VERIFIED,True,True,EXACT_IDENTITY,UNREACHABLE,,True,True,False,False,False,False,False,False,False
cub200,40,Olive sided Flycatcher,avilist:contopus cooperi,membership,VERIFIED,True,True,EXACT_IDENTITY,UNREACHABLE,,True,True,False,False,False,False,False,False,False
cub200,41,Scissor tailed Flycatcher,avilist:tyrannus forficatus,membership,VERIFIED,True,True,EXACT_IDENTITY,UNREACHABLE,,True,True,False,False,False,False,False,False,False
cub200,42,Vermilion Flycatcher,avilist:pyrocephalus rubinus,membership,VERIFIED,True,True,EXACT_IDENTITY,UNREACHABLE,,True,True,False,False,False,False,False,False,False
cub200,43,Yellow bellied Flycatcher,avilist:empidonax flaviventris,membership,VERIFIED,True,True,EXACT_IDENTITY,UNREACHABLE,,True,True,False,False,False,False,False,False,False
cub200,44,Frigatebird,avilist:fregata,membership,VERIFIED,True,True,EXACT_IDENTITY,UNREACHABLE,,True,True,False,False,False,False,False,False,False
cub200,45,Northern Fulmar,wordnet31:02062786-n,membership,VERIFIED,True,True,EXACT_IDENTITY,UNREACHABLE,,True,True,False,False,False,False,False,False,False
cub200,46,Gadwall,wikidata:Q28106966,membership,VERIFIED,True,True,EXACT_IDENTITY,UNREACHABLE,,True,True,False,False,False,False,False,False,False
cub200,47,American Goldfinch,avilist:spinus tristis,membership,VERIFIED,True,True,EXACT_IDENTITY,UNREACHABLE,,True,True,False,False,False,False,False,False,False
cub200,48,European Goldfinch,wordnet31:01533819-n,membership,VERIFIED,True,True,EXACT_IDENTITY,UNREACHABLE,,True,True,False,False,False,False,False,False,False
cub200,49,Boat tailed Grackle,avilist:quiscalus major,membership,VERIFIED,True,True,EXACT_IDENTITY,UNREACHABLE,,True,True,False,False,False,False,False,False,False
cub200,50,Eared Grebe,wikidata:Q185183,membership,VERIFIED,True,True,EXACT_IDENTITY,UNREACHABLE,,True,True,False,False,False,False,False,False,False
cub200,51,Horned Grebe,wikidata:Q192058,membership,VERIFIED,True,True,EXACT_IDENTITY,UNREACHABLE,,True,True,False,False,False,False,False,False,False
cub200,52,Pied billed Grebe,wikidata:Q579718,membership,VERIFIED,True,True,EXACT_IDENTITY,UNREACHABLE,,True,True,False,False,False,False,False,False,False
cub200,53,Western Grebe,wikidata:Q679154,membership,VERIFIED,True,True,EXACT_IDENTITY,UNREACHABLE,,True,True,False,False,False,False,False,False,False
cub200,54,Blue Grosbeak,avilist:passerina caerulea,membership,VERIFIED,True,True,EXACT_IDENTITY,UNREACHABLE,,True,True,False,False,False,False,False,False,False
cub200,55,Evening Grosbeak,wikidata:Q25167830,membership,VERIFIED,True,True,EXACT_IDENTITY,UNREACHABLE,,True,True,False,False,False,False,False,False,False
cub200,56,Pine Grosbeak,wikidata:Q214571,membership,VERIFIED,True,True,EXACT_IDENTITY,UNREACHABLE,,True,True,False,False,False,False,False,False,False
cub200,57,Rose breasted Grosbeak,avilist:pheucticus ludovicianus,membership,VERIFIED,True,True,EXACT_IDENTITY,UNREACHABLE,,True,True,False,False,False,False,False,False,False
cub200,58,Pigeon Guillemot,avilist:cepphus columba,membership,VERIFIED,True,True,EXACT_IDENTITY,UNREACHABLE,,True,True,False,False,False,False,False,False,False
cub200,59,California Gull,wikidata:Q953999,membership,VERIFIED,True,True,EXACT_IDENTITY,UNREACHABLE,,True,True,False,False,False,False,False,False,False
cub200,60,Glaucous winged Gull,avilist:larus glaucescens,membership,VERIFIED,True,True,EXACT_IDENTITY,UNREACHABLE,,True,True,False,False,False,False,False,False,False
cub200,61,Heermann Gull,wikidata:Q795982,membership,VERIFIED,True,True,EXACT_IDENTITY,UNREACHABLE,,True,True,False,False,False,False,False,False,False
cub200,62,Herring Gull,wordnet31:02044700-n,membership,VERIFIED,True,True,EXACT_IDENTITY,UNREACHABLE,,True,True,False,False,False,False,False,False,False
cub200,63,Ivory Gull,wikidata:Q723064,membership,VERIFIED,True,True,EXACT_IDENTITY,UNREACHABLE,,True,True,False,False,False,False,False,False,False
cub200,64,Ring billed Gull,wikidata:Q754885,membership,VERIFIED,True,True,EXACT_IDENTITY,UNREACHABLE,,True,True,False,False,False,False,False,False,False
cub200,65,Slaty backed Gull,wikidata:Q1272080,membership,VERIFIED,True,True,EXACT_IDENTITY,UNREACHABLE,,True,True,False,False,False,False,False,False,False
cub200,66,Western Gull,wikidata:Q630829,membership,VERIFIED,True,True,EXACT_IDENTITY,UNREACHABLE,,True,True,False,False,False,False,False,False,False
cub200,67,Anna Hummingbird,avilist:calypte anna,membership,VERIFIED,True,True,EXACT_IDENTITY,UNREACHABLE,,True,True,False,False,False,False,False,False,False
cub200,68,Ruby throated Hummingbird,avilist:archilochus colubris,membership,VERIFIED,True,True,EXACT_IDENTITY,UNREACHABLE,,True,True,False,False,False,False,False,False,False
cub200,69,Rufous Hummingbird,avilist:selasphorus rufus,membership,VERIFIED,True,True,EXACT_IDENTITY,UNREACHABLE,,True,True,False,False,False,False,False,False,False
cub200,70,Green Violetear,avilist:colibri thalassinus,membership,VERIFIED,True,True,EXACT_IDENTITY,UNREACHABLE,,True,True,False,False,False,False,False,False,False
cub200,71,Long tailed Jaeger,wikidata:Q216921,membership,VERIFIED,True,True,EXACT_IDENTITY,UNREACHABLE,,True,True,False,False,False,False,False,False,False
cub200,72,Pomarine Jaeger,wikidata:Q212767,membership,VERIFIED,True,True,EXACT_IDENTITY,UNREACHABLE,,True,True,False,False,False,False,False,False,False
cub200,73,Blue Jay,wikidata:Q199758,membership,VERIFIED,True,True,EXACT_IDENTITY,UNREACHABLE,,True,True,False,False,False,False,False,False,False
cub200,74,Florida Jay,avilist:aphelocoma coerulescens,membership,VERIFIED,True,True,EXACT_IDENTITY,UNREACHABLE,,True,True,False,False,False,False,False,False,False
cub200,75,Green Jay,wikidata:Q15616389,membership,VERIFIED,True,True,EXACT_IDENTITY,UNREACHABLE,,True,True,False,False,False,False,False,False,False
cub200,76,Dark eyed Junco,avilist:junco hyemalis,membership,VERIFIED,True,True,EXACT_IDENTITY,UNREACHABLE,,True,True,False,False,False,False,False,False,False
cub200,77,Tropical Kingbird,avilist:tyrannus melancholicus,membership,VERIFIED,True,True,EXACT_IDENTITY,UNREACHABLE,,True,True,False,False,False,False,False,False,False
cub200,78,Gray Kingbird,wikidata:Q945200,membership,VERIFIED,True,True,EXACT_IDENTITY,UNREACHABLE,,True,True,False,False,False,False,False,False,False
cub200,79,Belted Kingfisher,wikidata:Q736052,membership,VERIFIED,True,True,EXACT_IDENTITY,UNREACHABLE,,True,True,False,False,False,False,False,False,False
cub200,80,Green Kingfisher,wikidata:Q580159,membership,VERIFIED,True,True,EXACT_IDENTITY,UNREACHABLE,,True,True,False,False,False,False,False,False,False
cub200,81,Pied Kingfisher,avilist:ceryle rudis,membership,VERIFIED,True,True,EXACT_IDENTITY,UNREACHABLE,,True,True,False,False,False,False,False,False,False
cub200,82,Ringed Kingfisher,wikidata:Q1272848,membership,VERIFIED,True,True,EXACT_IDENTITY,UNREACHABLE,,True,True,False,False,False,False,False,False,False
cub200,83,White breasted Kingfisher,avilist:halcyon smyrnensis,membership,VERIFIED,True,True,EXACT_IDENTITY,UNREACHABLE,,True,True,False,False,False,False,False,False,False
cub200,84,Red legged Kittiwake,avilist:rissa brevirostris,membership,VERIFIED,True,True,EXACT_IDENTITY,UNREACHABLE,,True,True,False,False,False,False,False,False,False
cub200,85,Horned Lark,wikidata:Q207249,membership,VERIFIED,True,True,EXACT_IDENTITY,UNREACHABLE,,True,True,False,False,False,False,False,False,False
cub200,86,Pacific Loon,wikidata:Q558990,membership,VERIFIED,True,True,EXACT_IDENTITY,UNREACHABLE,,True,True,False,False,False,False,False,False,False
cub200,87,Mallard,wikidata:Q25348,membership,VERIFIED,True,True,EXACT_IDENTITY,UNREACHABLE,,True,True,False,False,False,False,False,False,False
cub200,88,Western Meadowlark,avilist:sturnella neglecta,membership,VERIFIED,True,True,EXACT_IDENTITY,UNREACHABLE,,True,True,False,False,False,False,False,False,False
cub200,89,Hooded Merganser,wikidata:Q241349,membership,VERIFIED,True,True,EXACT_IDENTITY,UNREACHABLE,,True,True,False,False,False,False,False,False,False
cub200,90,Red breasted Merganser,avilist:mergus serrator,membership,VERIFIED,True,True,EXACT_IDENTITY,UNREACHABLE,,True,True,False,False,False,False,False,False,False
cub200,91,Mockingbird,avilist:mimus,membership,VERIFIED,True,True,EXACT_IDENTITY,UNREACHABLE,,True,True,False,False,False,False,False,False,False
cub200,92,Nighthawk,avilist:chordeiles,membership,VERIFIED,True,True,EXACT_IDENTITY,UNREACHABLE,,True,True,False,False,False,False,False,False,False
cub200,93,Clark Nutcracker,wikidata:Q1142785,membership,VERIFIED,True,True,EXACT_IDENTITY,UNREACHABLE,,True,True,False,False,False,False,False,False,False
cub200,94,White breasted Nuthatch,avilist:sitta carolinensis,membership,VERIFIED,True,True,EXACT_IDENTITY,UNREACHABLE,,True,True,False,False,False,False,False,False,False
cub200,95,Baltimore Oriole,avilist:icterus galbula,membership,VERIFIED,True,True,EXACT_IDENTITY,UNREACHABLE,,True,True,False,False,False,False,False,False,False
cub200,96,Hooded Oriole,wikidata:Q1302812,membership,VERIFIED,True,True,EXACT_IDENTITY,UNREACHABLE,,True,True,False,False,False,False,False,False,False
cub200,97,Orchard Oriole,wikidata:Q1586976,membership,VERIFIED,True,True,EXACT_IDENTITY,UNREACHABLE,,True,True,False,False,False,False,False,False,False
cub200,98,Scott Oriole,wikidata:Q1305283,membership,VERIFIED,True,True,EXACT_IDENTITY,UNREACHABLE,,True,True,False,False,False,False,False,False,False
cub200,99,Ovenbird,wikidata:Q796672,membership,VERIFIED,True,True,EXACT_IDENTITY,UNREACHABLE,,True,True,False,False,False,False,False,False,False
cub200,100,Brown Pelican,wordnet31:02054499-n,membership,VERIFIED,True,True,EXACT_IDENTITY,UNREACHABLE,,True,True,False,False,False,False,False,False,False
cub200,101,White Pelican,avilist:pelecanus erythrorhynchos,membership,VERIFIED,True,True,EXACT_IDENTITY,UNREACHABLE,,True,True,False,False,False,False,False,False,False
cub200,102,Western Wood Pewee,wikidata:Q941102,membership,VERIFIED,True,True,EXACT_IDENTITY,UNREACHABLE,,True,True,False,False,False,False,False,False,False
cub200,103,Sayornis,avilist:sayornis,membership,VERIFIED,True,True,EXACT_IDENTITY,UNREACHABLE,,True,True,False,False,False,False,False,False,False
cub200,104,American Pipit,avilist:anthus rubescens,membership,VERIFIED,True,True,EXACT_IDENTITY,UNREACHABLE,,True,True,False,False,False,False,False,False,False
cub200,105,Whip poor Will,avilist:antrostomus vociferus,membership,VERIFIED,True,True,EXACT_IDENTITY,UNREACHABLE,,True,True,False,False,False,False,False,False,False
cub200,106,Horned Puffin,wikidata:Q855367,membership,VERIFIED,True,True,EXACT_IDENTITY,UNREACHABLE,,True,True,False,False,False,False,False,False,False
cub200,107,Common Raven,avilist:corvus corax,membership,VERIFIED,True,True,EXACT_IDENTITY,UNREACHABLE,,True,True,False,False,False,False,False,False,False
cub200,108,White necked Raven,avilist:corvus albicollis,membership,VERIFIED,True,True,EXACT_IDENTITY,UNREACHABLE,,True,True,False,False,False,False,False,False,False
cub200,109,American Redstart,wikidata:Q922772,membership,VERIFIED,True,True,EXACT_IDENTITY,UNREACHABLE,,True,True,False,False,False,False,False,False,False
cub200,110,Geococcyx,avilist:geococcyx,membership,VERIFIED,True,True,EXACT_IDENTITY,UNREACHABLE,,True,True,False,False,False,False,False,False,False
cub200,111,Loggerhead Shrike,wikidata:Q430863,membership,VERIFIED,True,True,EXACT_IDENTITY,UNREACHABLE,,True,True,False,False,False,False,False,False,False
cub200,112,Great Grey Shrike,wordnet31:01601800-n,membership,VERIFIED,True,True,EXACT_IDENTITY,UNREACHABLE,,True,True,False,False,False,False,False,False,False
cub200,113,Baird Sparrow,avilist:centronyx bairdii,membership,VERIFIED,True,True,EXACT_IDENTITY,UNREACHABLE,,True,True,False,False,False,False,False,False,False
cub200,114,Black throated Sparrow,avilist:amphispiza bilineata,membership,VERIFIED,True,True,EXACT_IDENTITY,UNREACHABLE,,True,True,False,False,False,False,False,False,False
cub200,115,Brewer Sparrow,wikidata:Q659632,membership,VERIFIED,True,True,EXACT_IDENTITY,UNREACHABLE,,True,True,False,False,False,False,False,False,False
cub200,116,Chipping Sparrow,wikidata:Q645203,membership,VERIFIED,True,True,EXACT_IDENTITY,UNREACHABLE,,True,True,False,False,False,False,False,False,False
cub200,117,Clay colored Sparrow,avilist:spizella pallida,membership,VERIFIED,True,True,EXACT_IDENTITY,UNREACHABLE,,True,True,False,False,False,False,False,False,False
cub200,118,House Sparrow,wikidata:Q14683,membership,VERIFIED,True,True,EXACT_IDENTITY,UNREACHABLE,,True,True,False,False,False,False,False,False,False
cub200,119,Field Sparrow,wikidata:Q611926,membership,VERIFIED,True,True,EXACT_IDENTITY,UNREACHABLE,,True,True,False,False,False,False,False,False,False
cub200,120,Fox Sparrow,wikidata:Q422873,membership,VERIFIED,True,True,EXACT_IDENTITY,UNREACHABLE,,True,True,False,False,False,False,False,False,False
cub200,121,Grasshopper Sparrow,wikidata:Q1588210,membership,VERIFIED,True,True,EXACT_IDENTITY,UNREACHABLE,,True,True,False,False,False,False,False,False,False
cub200,122,Harris Sparrow,wikidata:Q1034120,membership,VERIFIED,True,True,EXACT_IDENTITY,UNREACHABLE,,True,True,False,False,False,False,False,False,False
cub200,123,Henslow Sparrow,wikidata:Q1588203,membership,VERIFIED,True,True,EXACT_IDENTITY,UNREACHABLE,,True,True,False,False,False,False,False,False,False
cub200,124,Le Conte Sparrow,avilist:ammospiza leconteii,membership,VERIFIED,True,True,EXACT_IDENTITY,UNREACHABLE,,True,True,False,False,False,False,False,False,False
cub200,125,Lincoln Sparrow,wikidata:Q692323,membership,VERIFIED,True,True,EXACT_IDENTITY,UNREACHABLE,,True,True,False,False,False,False,False,False,False
cub200,126,Nelson Sharp tailed Sparrow,avilist:ammospiza nelsoni,membership,VERIFIED,True,True,EXACT_IDENTITY,UNREACHABLE,,True,True,False,False,False,False,False,False,False
cub200,127,Savannah Sparrow,wikidata:Q287893,membership,VERIFIED,True,True,EXACT_IDENTITY,UNREACHABLE,,True,True,False,False,False,False,False,False,False
cub200,128,Seaside Sparrow,wikidata:Q1588145,membership,VERIFIED,True,True,EXACT_IDENTITY,UNREACHABLE,,True,True,False,False,False,False,False,False,False
cub200,129,Song Sparrow,wikidata:Q842599,membership,VERIFIED,True,True,EXACT_IDENTITY,UNREACHABLE,,True,True,False,False,False,False,False,False,False
cub200,130,Tree Sparrow,wordnet31:01542731-n,membership,VERIFIED,True,True,EXACT_IDENTITY,UNREACHABLE,,True,True,False,False,False,False,False,False,False
cub200,131,Vesper Sparrow,wikidata:Q776555,membership,VERIFIED,True,True,EXACT_IDENTITY,UNREACHABLE,,True,True,False,False,False,False,False,False,False
cub200,132,White crowned Sparrow,wordnet31:01538331-n,membership,VERIFIED,True,True,EXACT_IDENTITY,UNREACHABLE,,True,True,False,False,False,False,False,False,False
cub200,133,White throated Sparrow,wordnet31:01538110-n,membership,VERIFIED,True,True,EXACT_IDENTITY,UNREACHABLE,,True,True,False,False,False,False,False,False,False
cub200,134,Cape Glossy Starling,avilist:lamprotornis nitens,membership,VERIFIED,True,True,EXACT_IDENTITY,UNREACHABLE,,True,True,False,False,False,False,False,False,False
cub200,135,Bank Swallow,wordnet31:01598914-n,membership,VERIFIED,True,True,EXACT_IDENTITY,UNREACHABLE,,True,True,False,False,False,False,False,False,False
cub200,136,Barn Swallow,wikidata:Q25429,membership,VERIFIED,True,True,EXACT_IDENTITY,UNREACHABLE,,True,True,False,False,False,False,False,False,False
cub200,137,Cliff Swallow,wordnet31:01597609-n,membership,VERIFIED,True,True,EXACT_IDENTITY,UNREACHABLE,,True,True,False,False,False,False,False,False,False
cub200,138,Tree Swallow,wikidata:Q922192,membership,VERIFIED,True,True,EXACT_IDENTITY,UNREACHABLE,,True,True,False,False,False,False,False,False,False
cub200,139,Scarlet Tanager,wordnet31:01600378-n,membership,VERIFIED,True,True,EXACT_IDENTITY,UNREACHABLE,,True,True,False,False,False,False,False,False,False
cub200,140,Summer Tanager,avilist:piranga rubra,membership,VERIFIED,True,True,EXACT_IDENTITY,UNREACHABLE,,True,True,False,False,False,False,False,False,False
cub200,141,Artic Tern,avilist:sterna paradisaea,membership,VERIFIED,True,True,EXACT_IDENTITY,UNREACHABLE,,True,True,False,False,False,False,False,False,False
cub200,142,Black Tern,wikidata:Q27215,membership,VERIFIED,True,True,EXACT_IDENTITY,UNREACHABLE,,True,True,False,False,False,False,False,False,False
cub200,143,Caspian Tern,wikidata:Q27129,membership,VERIFIED,True,True,EXACT_IDENTITY,UNREACHABLE,,True,True,False,False,False,False,False,False,False
cub200,144,Common Tern,wikidata:Q18875,membership,VERIFIED,True,True,EXACT_IDENTITY,UNREACHABLE,,True,True,False,False,False,False,False,False,False
cub200,145,Elegant Tern,avilist:thalasseus elegans,membership,VERIFIED,True,True,EXACT_IDENTITY,UNREACHABLE,,True,True,False,False,False,False,False,False,False
cub200,146,Forsters Tern,wikidata:Q430529,membership,VERIFIED,True,True,EXACT_IDENTITY,UNREACHABLE,,True,True,False,False,False,False,False,False,False
cub200,147,Least Tern,wikidata:Q28168,membership,VERIFIED,True,True,EXACT_IDENTITY,UNREACHABLE,,True,True,False,False,False,False,False,False,False
cub200,148,Green tailed Towhee,avilist:pipilo chlorurus,membership,VERIFIED,True,True,EXACT_IDENTITY,UNREACHABLE,,True,True,False,False,False,False,False,False,False
cub200,149,Brown Thrasher,wordnet31:01590643-n,membership,VERIFIED,True,True,EXACT_IDENTITY,UNREACHABLE,,True,True,False,False,False,False,False,False,False
cub200,150,Sage Thrasher,avilist:oreoscoptes montanus,membership,VERIFIED,True,True,EXACT_IDENTITY,UNREACHABLE,,True,True,False,False,False,False,False,False,False
cub200,151,Black capped Vireo,avilist:vireo atricapilla,membership,VERIFIED,True,True,EXACT_IDENTITY,UNREACHABLE,,True,True,False,False,False,False,False,False,False
cub200,152,Blue headed Vireo,avilist:vireo solitarius,membership,VERIFIED,True,True,EXACT_IDENTITY,UNREACHABLE,,True,True,False,False,False,False,False,False,False
cub200,153,Philadelphia Vireo,wikidata:Q596275,membership,VERIFIED,True,True,EXACT_IDENTITY,UNREACHABLE,,True,True,False,False,False,False,False,False,False
cub200,154,Red eyed Vireo,wikidata:Q582976,membership,VERIFIED,True,True,EXACT_IDENTITY,UNREACHABLE,,True,True,False,False,False,False,False,False,False
cub200,155,Warbling Vireo,avilist:vireo gilvus,membership,VERIFIED,True,True,EXACT_IDENTITY,UNREACHABLE,,True,True,False,False,False,False,False,False,False
cub200,156,White eyed Vireo,avilist:vireo griseus,membership,VERIFIED,True,True,EXACT_IDENTITY,UNREACHABLE,,True,True,False,False,False,False,False,False,False
cub200,157,Yellow throated Vireo,avilist:vireo flavifrons,membership,VERIFIED,True,True,EXACT_IDENTITY,UNREACHABLE,,True,True,False,False,False,False,False,False,False
cub200,158,Bay breasted Warbler,avilist:setophaga castanea,membership,VERIFIED,True,True,EXACT_IDENTITY,UNREACHABLE,,True,True,False,False,False,False,False,False,False
cub200,159,Black and white Warbler,avilist:mniotilta varia,membership,VERIFIED,True,True,EXACT_IDENTITY,UNREACHABLE,,True,True,False,False,False,False,False,False,False
cub200,160,Black throated Blue Warbler,avilist:setophaga caerulescens,membership,VERIFIED,True,True,EXACT_IDENTITY,UNREACHABLE,,True,True,False,False,False,False,False,False,False
cub200,161,Blue winged Warbler,wikidata:Q25679108,membership,VERIFIED,True,True,EXACT_IDENTITY,UNREACHABLE,,True,True,False,False,False,False,False,False,False
cub200,162,Canada Warbler,avilist:cardellina canadensis,membership,VERIFIED,True,True,EXACT_IDENTITY,UNREACHABLE,,True,True,False,False,False,False,False,False,False
cub200,163,Cape May Warbler,wikidata:Q27075908,membership,VERIFIED,True,True,EXACT_IDENTITY,UNREACHABLE,,True,True,False,False,False,False,False,False,False
cub200,164,Cerulean Warbler,wikidata:Q25066647,membership,VERIFIED,True,True,EXACT_IDENTITY,UNREACHABLE,,True,True,False,False,False,False,False,False,False
cub200,165,Chestnut sided Warbler,wikidata:Q27075922,membership,VERIFIED,True,True,EXACT_IDENTITY,UNREACHABLE,,True,True,False,False,False,False,False,False,False
cub200,166,Golden winged Warbler,wikidata:Q775985,membership,VERIFIED,True,True,EXACT_IDENTITY,UNREACHABLE,,True,True,False,False,False,False,False,False,False
cub200,167,Hooded Warbler,wikidata:Q27075904,membership,VERIFIED,True,True,EXACT_IDENTITY,UNREACHABLE,,True,True,False,False,False,False,False,False,False
cub200,168,Kentucky Warbler,avilist:geothlypis formosa,membership,VERIFIED,True,True,EXACT_IDENTITY,UNREACHABLE,,True,True,False,False,False,False,False,False,False
cub200,169,Magnolia Warbler,wikidata:Q27075915,membership,VERIFIED,True,True,EXACT_IDENTITY,UNREACHABLE,,True,True,False,False,False,False,False,False,False
cub200,170,Mourning Warbler,avilist:geothlypis philadelphia,membership,VERIFIED,True,True,EXACT_IDENTITY,UNREACHABLE,,True,True,False,False,False,False,False,False,False
cub200,171,Myrtle Warbler,wikidata:Q18390024,membership,VERIFIED,True,True,EXACT_IDENTITY,UNREACHABLE,,True,True,False,False,False,False,False,False,False
cub200,172,Nashville Warbler,avilist:leiothlypis ruficapilla,membership,VERIFIED,True,True,EXACT_IDENTITY,UNREACHABLE,,True,True,False,False,False,False,False,False,False
cub200,173,Orange crowned Warbler,avilist:leiothlypis celata,membership,VERIFIED,True,True,EXACT_IDENTITY,UNREACHABLE,,True,True,False,False,False,False,False,False,False
cub200,174,Palm Warbler,wikidata:Q27075928,membership,VERIFIED,True,True,EXACT_IDENTITY,UNREACHABLE,,True,True,False,False,False,False,False,False,False
cub200,175,Pine Warbler,wikidata:Q27075932,membership,VERIFIED,True,True,EXACT_IDENTITY,UNREACHABLE,,True,True,False,False,False,False,False,False,False
cub200,176,Prairie Warbler,avilist:setophaga discolor,membership,VERIFIED,True,True,EXACT_IDENTITY,UNREACHABLE,,True,True,False,False,False,False,False,False,False
cub200,177,Prothonotary Warbler,avilist:protonotaria citrea,membership,VERIFIED,True,True,EXACT_IDENTITY,UNREACHABLE,,True,True,False,False,False,False,False,False,False
cub200,178,Swainson Warbler,wikidata:Q783095,membership,VERIFIED,True,True,EXACT_IDENTITY,UNREACHABLE,,True,True,False,False,False,False,False,False,False
cub200,179,Tennessee Warbler,avilist:leiothlypis peregrina,membership,VERIFIED,True,True,EXACT_IDENTITY,UNREACHABLE,,True,True,False,False,False,False,False,False,False
cub200,180,Wilson Warbler,avilist:cardellina pusilla,membership,VERIFIED,True,True,EXACT_IDENTITY,UNREACHABLE,,True,True,False,False,False,False,False,False,False
cub200,181,Worm eating Warbler,wikidata:Q269463,membership,VERIFIED,True,True,EXACT_IDENTITY,UNREACHABLE,,True,True,False,False,False,False,False,False,False
cub200,182,Yellow Warbler,avilist:setophaga aestiva,membership,VERIFIED,True,True,EXACT_IDENTITY,UNREACHABLE,,True,True,False,False,False,False,False,False,False
cub200,183,Northern Waterthrush,avilist:parkesia noveboracensis,membership,VERIFIED,True,True,EXACT_IDENTITY,UNREACHABLE,,True,True,False,False,False,False,False,False,False
cub200,184,Louisiana Waterthrush,avilist:parkesia motacilla,membership,VERIFIED,True,True,EXACT_IDENTITY,UNREACHABLE,,True,True,False,False,False,False,False,False,False
cub200,185,Bohemian Waxwing,wikidata:Q26135,membership,VERIFIED,True,True,EXACT_IDENTITY,UNREACHABLE,,True,True,False,False,False,False,False,False,False
cub200,186,Cedar Waxwing,wikidata:Q184314,membership,VERIFIED,True,True,EXACT_IDENTITY,UNREACHABLE,,True,True,False,False,False,False,False,False,False
cub200,187,American Three toed Woodpecker,avilist:picoides dorsalis,membership,VERIFIED,True,True,EXACT_IDENTITY,UNREACHABLE,,True,True,False,False,False,False,False,False,False
cub200,188,Pileated Woodpecker,avilist:dryocopus pileatus,membership,VERIFIED,True,True,EXACT_IDENTITY,UNREACHABLE,,True,True,False,False,False,False,False,False,False
cub200,189,Red bellied Woodpecker,avilist:melanerpes carolinus,membership,VERIFIED,True,True,EXACT_IDENTITY,UNREACHABLE,,True,True,False,False,False,False,False,False,False
cub200,190,Red cockaded Woodpecker,avilist:leuconotopicus borealis,membership,VERIFIED,True,True,EXACT_IDENTITY,UNREACHABLE,,True,True,False,False,False,False,False,False,False
cub200,191,Red headed Woodpecker,wordnet31:01843416-n,membership,VERIFIED,True,True,EXACT_IDENTITY,UNREACHABLE,,True,True,False,False,False,False,False,False,False
cub200,192,Downy Woodpecker,wikidata:Q27074911,membership,VERIFIED,True,True,EXACT_IDENTITY,UNREACHABLE,,True,True,False,False,False,False,False,False,False
cub200,193,Bewick Wren,wikidata:Q997457,membership,VERIFIED,True,True,EXACT_IDENTITY,UNREACHABLE,,True,True,False,False,False,False,False,False,False
cub200,194,Cactus Wren,wikidata:Q969006,membership,VERIFIED,True,True,EXACT_IDENTITY,UNREACHABLE,,True,True,False,False,False,False,False,False,False
cub200,195,Carolina Wren,wikidata:Q1585636,membership,VERIFIED,True,True,EXACT_IDENTITY,UNREACHABLE,,True,True,False,False,False,False,False,False,False
cub200,196,House Wren,wordnet31:01587494-n,membership,VERIFIED,True,True,EXACT_IDENTITY,UNREACHABLE,,True,True,False,False,False,False,False,False,False
cub200,197,Marsh Wren,wikidata:Q1379530,membership,VERIFIED,True,True,EXACT_IDENTITY,UNREACHABLE,,True,True,False,False,False,False,False,False,False
cub200,198,Rock Wren,avilist:salpinctes obsoletus,membership,VERIFIED,True,True,EXACT_IDENTITY,UNREACHABLE,,True,True,False,False,False,False,False,False,False
cub200,199,Winter Wren,wikidata:Q10828228,membership,VERIFIED,True,True,EXACT_IDENTITY,UNREACHABLE,,True,True,False,False,False,False,False,False,False
cub200,200,Common Yellowthroat,avilist:geothlypis trichas,membership,VERIFIED,True,True,EXACT_IDENTITY,UNREACHABLE,,True,True,False,False,False,False,False,False,False
dtd,0,banded,dtd-attribute:banded,membership,VERIFIED_ATTRIBUTE,True,True,EXACT_IDENTITY,UNREACHABLE,,True,True,False,False,False,False,False,False,False
dtd,1,blotchy,dtd-attribute:blotchy,membership,VERIFIED_ATTRIBUTE,True,True,EXACT_IDENTITY,UNREACHABLE,,True,True,False,False,False,False,False,False,False
dtd,2,braided,dtd-attribute:braided,membership,VERIFIED_ATTRIBUTE,True,True,EXACT_IDENTITY,UNREACHABLE,,True,True,False,False,False,False,False,False,False
dtd,3,bubbly,dtd-attribute:bubbly,membership,VERIFIED_ATTRIBUTE,True,True,EXACT_IDENTITY,UNREACHABLE,,True,True,False,False,False,False,False,False,False
dtd,4,bumpy,dtd-attribute:bumpy,membership,VERIFIED_ATTRIBUTE,True,True,EXACT_IDENTITY,UNREACHABLE,,True,True,False,False,False,False,False,False,False
dtd,5,chequered,dtd-attribute:chequered,membership,VERIFIED_ATTRIBUTE,True,True,EXACT_IDENTITY,UNREACHABLE,,True,True,False,False,False,False,False,False,False
dtd,6,cobwebbed,dtd-attribute:cobwebbed,membership,VERIFIED_ATTRIBUTE,True,True,EXACT_IDENTITY,UNREACHABLE,,True,True,False,False,False,False,False,False,False
dtd,7,cracked,dtd-attribute:cracked,membership,VERIFIED_ATTRIBUTE,True,True,EXACT_IDENTITY,UNREACHABLE,,True,True,False,False,False,False,False,False,False
dtd,8,crosshatched,dtd-attribute:crosshatched,membership,VERIFIED_ATTRIBUTE,True,True,EXACT_IDENTITY,UNREACHABLE,,True,True,False,False,False,False,False,False,False
dtd,9,crystalline,dtd-attribute:crystalline,membership,VERIFIED_ATTRIBUTE,True,True,EXACT_IDENTITY,UNREACHABLE,,True,True,False,False,False,False,False,False,False
dtd,10,dotted,dtd-attribute:dotted,membership,VERIFIED_ATTRIBUTE,True,True,EXACT_IDENTITY,UNREACHABLE,,True,True,False,False,False,False,False,False,False
dtd,11,fibrous,dtd-attribute:fibrous,membership,VERIFIED_ATTRIBUTE,True,True,EXACT_IDENTITY,UNREACHABLE,,True,True,False,False,False,False,False,False,False
dtd,12,flecked,dtd-attribute:flecked,membership,VERIFIED_ATTRIBUTE,True,True,EXACT_IDENTITY,UNREACHABLE,,True,True,False,False,False,False,False,False,False
dtd,13,freckled,dtd-attribute:freckled,membership,VERIFIED_ATTRIBUTE,True,True,EXACT_IDENTITY,UNREACHABLE,,True,True,False,False,False,False,False,False,False
dtd,14,frilly,dtd-attribute:frilly,membership,VERIFIED_ATTRIBUTE,True,True,EXACT_IDENTITY,UNREACHABLE,,True,True,False,False,False,False,False,False,False
dtd,15,gauzy,dtd-attribute:gauzy,membership,VERIFIED_ATTRIBUTE,True,True,EXACT_IDENTITY,UNREACHABLE,,True,True,False,False,False,False,False,False,False
dtd,16,grid,dtd-attribute:grid,membership,VERIFIED_ATTRIBUTE,True,True,EXACT_IDENTITY,UNREACHABLE,,True,True,False,False,False,False,False,False,False
dtd,17,grooved,dtd-attribute:grooved,membership,VERIFIED_ATTRIBUTE,True,True,EXACT_IDENTITY,UNREACHABLE,,True,True,False,False,False,False,False,False,False
dtd,18,honeycombed,dtd-attribute:honeycombed,membership,VERIFIED_ATTRIBUTE,True,True,EXACT_IDENTITY,UNREACHABLE,,True,True,False,False,False,False,False,False,False
dtd,19,interlaced,dtd-attribute:interlaced,membership,VERIFIED_ATTRIBUTE,True,True,EXACT_IDENTITY,UNREACHABLE,,True,True,False,False,False,False,False,False,False
dtd,20,knitted,dtd-attribute:knitted,membership,VERIFIED_ATTRIBUTE,True,True,EXACT_IDENTITY,UNREACHABLE,,True,True,False,False,False,False,False,False,False
dtd,21,lacelike,dtd-attribute:lacelike,membership,VERIFIED_ATTRIBUTE,True,True,EXACT_IDENTITY,UNREACHABLE,,True,True,False,False,False,False,False,False,False
dtd,22,lined,dtd-attribute:lined,membership,VERIFIED_ATTRIBUTE,True,True,EXACT_IDENTITY,UNREACHABLE,,True,True,False,False,False,False,False,False,False
dtd,23,marbled,dtd-attribute:marbled,membership,VERIFIED_ATTRIBUTE,True,True,EXACT_IDENTITY,UNREACHABLE,,True,True,False,False,False,False,False,False,False
dtd,24,matted,dtd-attribute:matted,membership,VERIFIED_ATTRIBUTE,True,True,EXACT_IDENTITY,UNREACHABLE,,True,True,False,False,False,False,False,False,False
dtd,25,meshed,dtd-attribute:meshed,membership,VERIFIED_ATTRIBUTE,True,True,EXACT_IDENTITY,UNREACHABLE,,True,True,False,False,False,False,False,False,False
dtd,26,paisley,dtd-attribute:paisley,membership,VERIFIED_ATTRIBUTE,True,True,EXACT_IDENTITY,UNREACHABLE,,True,True,False,False,False,False,False,False,False
dtd,27,perforated,dtd-attribute:perforated,membership,VERIFIED_ATTRIBUTE,True,True,EXACT_IDENTITY,UNREACHABLE,,True,True,False,False,False,False,False,False,False
dtd,28,pitted,dtd-attribute:pitted,membership,VERIFIED_ATTRIBUTE,True,True,EXACT_IDENTITY,UNREACHABLE,,True,True,False,False,False,False,False,False,False
dtd,29,pleated,dtd-attribute:pleated,membership,VERIFIED_ATTRIBUTE,True,True,EXACT_IDENTITY,UNREACHABLE,,True,True,False,False,False,False,False,False,False
dtd,30,polka-dotted,dtd-attribute:polka-dotted,membership,VERIFIED_ATTRIBUTE,True,True,EXACT_IDENTITY,UNREACHABLE,,True,True,False,False,False,False,False,False,False
dtd,31,porous,dtd-attribute:porous,membership,VERIFIED_ATTRIBUTE,True,True,EXACT_IDENTITY,UNREACHABLE,,True,True,False,False,False,False,False,False,False
dtd,32,potholed,dtd-attribute:potholed,membership,VERIFIED_ATTRIBUTE,True,True,EXACT_IDENTITY,UNREACHABLE,,True,True,False,False,False,False,False,False,False
dtd,33,scaly,dtd-attribute:scaly,membership,VERIFIED_ATTRIBUTE,True,True,EXACT_IDENTITY,UNREACHABLE,,True,True,False,False,False,False,False,False,False
dtd,34,smeared,dtd-attribute:smeared,membership,VERIFIED_ATTRIBUTE,True,True,EXACT_IDENTITY,UNREACHABLE,,True,True,False,False,False,False,False,False,False
dtd,35,spiralled,dtd-attribute:spiralled,membership,VERIFIED_ATTRIBUTE,True,True,EXACT_IDENTITY,UNREACHABLE,,True,True,False,False,False,False,False,False,False
dtd,36,sprinkled,dtd-attribute:sprinkled,membership,VERIFIED_ATTRIBUTE,True,True,EXACT_IDENTITY,UNREACHABLE,,True,True,False,False,False,False,False,False,False
dtd,37,stained,dtd-attribute:stained,membership,VERIFIED_ATTRIBUTE,True,True,EXACT_IDENTITY,UNREACHABLE,,True,True,False,False,False,False,False,False,False
dtd,38,stratified,dtd-attribute:stratified,membership,VERIFIED_ATTRIBUTE,True,True,EXACT_IDENTITY,UNREACHABLE,,True,True,False,False,False,False,False,False,False
dtd,39,striped,dtd-attribute:striped,membership,VERIFIED_ATTRIBUTE,True,True,EXACT_IDENTITY,UNREACHABLE,,True,True,False,False,False,False,False,False,False
dtd,40,studded,dtd-attribute:studded,membership,VERIFIED_ATTRIBUTE,True,True,EXACT_IDENTITY,UNREACHABLE,,True,True,False,False,False,False,False,False,False
dtd,41,swirly,dtd-attribute:swirly,membership,VERIFIED_ATTRIBUTE,True,True,EXACT_IDENTITY,UNREACHABLE,,True,True,False,False,False,False,False,False,False
dtd,42,veined,dtd-attribute:veined,membership,VERIFIED_ATTRIBUTE,True,True,EXACT_IDENTITY,UNREACHABLE,,True,True,False,False,False,False,False,False,False
dtd,43,waffled,dtd-attribute:waffled,membership,VERIFIED_ATTRIBUTE,True,True,EXACT_IDENTITY,UNREACHABLE,,True,True,False,False,False,False,False,False,False
dtd,44,woven,dtd-attribute:woven,membership,VERIFIED_ATTRIBUTE,True,True,EXACT_IDENTITY,UNREACHABLE,,True,True,False,False,False,False,False,False,False
dtd,45,wrinkled,dtd-attribute:wrinkled,membership,VERIFIED_ATTRIBUTE,True,True,EXACT_IDENTITY,UNREACHABLE,,True,True,False,False,False,False,False,False,False
dtd,46,zigzagged,dtd-attribute:zigzagged,membership,VERIFIED_ATTRIBUTE,True,True,EXACT_IDENTITY,UNREACHABLE,,True,True,False,False,False,False,False,False,False
eurosat,0,AnnualCrop,eurosat-category:0,membership,NATIVE_LABEL_ONLY,False,False,NATIVE_LABEL_ONLY,NOT_ADMITTED,,True,False,False,False,False,False,False,False,False
eurosat,1,Forest,eurosat-category:1,membership,VERIFIED_DEPICTED_TYPE,False,True,SOURCE_TYPED_MAPPING,UNREACHABLE,,True,False,False,False,False,False,False,False,False
eurosat,2,HerbaceousVegetation,eurosat-category:2,membership,VERIFIED_DEPICTED_TYPE,False,True,SOURCE_TYPED_MAPPING,UNREACHABLE,,True,False,False,False,False,False,False,False,False
eurosat,3,Highway,eurosat-category:3,membership,VERIFIED_DEPICTED_TYPE,False,True,SOURCE_TYPED_MAPPING,UNREACHABLE,,True,False,False,False,False,False,False,False,False
eurosat,4,Industrial,eurosat-category:4,membership,VERIFIED_DEPICTED_TYPE,False,True,SOURCE_TYPED_MAPPING,UNREACHABLE,,True,False,False,False,False,False,False,False,False
eurosat,5,Pasture,eurosat-category:5,membership,NATIVE_LABEL_ONLY,False,False,NATIVE_LABEL_ONLY,NOT_ADMITTED,,True,False,False,False,False,False,False,False,False
eurosat,6,PermanentCrop,eurosat-category:6,membership,NATIVE_LABEL_ONLY,False,False,NATIVE_LABEL_ONLY,NOT_ADMITTED,,True,False,False,False,False,False,False,False,False
eurosat,7,Residential,eurosat-category:7,membership,VERIFIED_DEPICTED_TYPE,False,True,SOURCE_TYPED_MAPPING,UNREACHABLE,,True,False,False,False,False,False,False,False,False
eurosat,8,River,eurosat-category:8,membership,VERIFIED_DEPICTED_TYPE,False,True,SOURCE_TYPED_MAPPING,UNREACHABLE,,True,False,False,False,False,False,False,False,False
eurosat,9,SeaLake,eurosat-category:9,membership,NATIVE_LABEL_ONLY,False,False,NATIVE_LABEL_ONLY,NOT_ADMITTED,,True,False,False,False,False,False,False,False,False
fgvc_aircraft,1,707-320,wikidata-v4:Q18379942,membership,VERIFIED,True,True,EXACT_IDENTITY,UNREACHABLE,,True,True,False,False,False,False,False,False,False
fgvc_aircraft,2,727-200,faa-aircraft:138407E,membership,VERIFIED,True,True,EXACT_IDENTITY,UNREACHABLE,,True,True,False,False,False,False,False,False,False
fgvc_aircraft,3,737-200,faa-aircraft:1384451,membership,VERIFIED,True,True,EXACT_IDENTITY,UNREACHABLE,,True,True,False,False,False,False,False,False,False
fgvc_aircraft,4,737-300,faa-aircraft:138447P,membership,VERIFIED,True,True,EXACT_IDENTITY,UNREACHABLE,,True,True,False,False,False,False,False,False,False
fgvc_aircraft,5,737-400,faa-aircraft:138449A,membership,VERIFIED,True,True,EXACT_IDENTITY,UNREACHABLE,,True,True,False,False,False,False,False,False,False
fgvc_aircraft,6,737-500,faa-aircraft:138449E,membership,VERIFIED,True,True,EXACT_IDENTITY,UNREACHABLE,,True,True,False,False,False,False,False,False,False
fgvc_aircraft,7,737-600,faa-aircraft:1384411,membership,VERIFIED,True,True,EXACT_IDENTITY,UNREACHABLE,,True,True,False,False,False,False,False,False,False
fgvc_aircraft,8,737-700,faa-aircraft:1384413,membership,VERIFIED,True,True,EXACT_IDENTITY,UNREACHABLE,,True,True,False,False,False,False,False,False,False
fgvc_aircraft,9,737-800,faa-aircraft:1384414,membership,VERIFIED,True,True,EXACT_IDENTITY,UNREACHABLE,,True,True,False,False,False,False,False,False,False
fgvc_aircraft,10,737-900,wikidata-v4:Q15623378,membership,VERIFIED,True,True,EXACT_IDENTITY,UNREACHABLE,,True,True,False,False,False,False,False,False,False
fgvc_aircraft,11,747-100,faa-aircraft:1384825,membership,VERIFIED,True,True,EXACT_IDENTITY,UNREACHABLE,,True,True,False,False,False,False,False,False,False
fgvc_aircraft,12,747-200,faa-aircraft:1384847,membership,VERIFIED,True,True,EXACT_IDENTITY,UNREACHABLE,,True,True,False,False,False,False,False,False,False
fgvc_aircraft,13,747-300,wikidata-v4:Q9384415,membership,VERIFIED,True,True,EXACT_IDENTITY,UNREACHABLE,,True,True,False,False,False,False,False,False,False
fgvc_aircraft,14,747-400,faa-aircraft:13848AT,membership,VERIFIED,True,True,EXACT_IDENTITY,UNREACHABLE,,True,True,False,False,False,False,False,False,False
fgvc_aircraft,15,757-200,wikidata-v4:Q90133051,membership,VERIFIED,True,True,EXACT_IDENTITY,UNREACHABLE,,True,True,False,False,False,False,False,False,False
fgvc_aircraft,16,757-300,faa-aircraft:1384924,membership,VERIFIED,True,True,EXACT_IDENTITY,UNREACHABLE,,True,True,False,False,False,False,False,False,False
fgvc_aircraft,17,767-200,wikidata-v4:Q15623987,membership,VERIFIED,True,True,EXACT_IDENTITY,UNREACHABLE,,True,True,False,False,False,False,False,False,False
fgvc_aircraft,18,767-300,faa-aircraft:1385204,membership,VERIFIED,True,True,EXACT_IDENTITY,UNREACHABLE,,True,True,False,False,False,False,False,False,False
fgvc_aircraft,19,767-400,wikidata-v4:Q15624006,membership,VERIFIED,True,True,EXACT_IDENTITY,UNREACHABLE,,True,True,False,False,False,False,False,False,False
fgvc_aircraft,20,777-200,faa-aircraft:1385218,membership,VERIFIED,True,True,EXACT_IDENTITY,UNREACHABLE,,True,True,False,False,False,False,False,False,False
fgvc_aircraft,21,777-300,faa-aircraft:138525A,membership,VERIFIED,True,True,EXACT_IDENTITY,UNREACHABLE,,True,True,False,False,False,False,False,False,False
fgvc_aircraft,22,A300B4,wikidata-v4:Q15634338,membership,VERIFIED,True,True,EXACT_IDENTITY,UNREACHABLE,,True,True,False,False,False,False,False,False,False
fgvc_aircraft,23,A310,faa-aircraft:3930338,membership,VERIFIED,True,True,EXACT_IDENTITY,UNREACHABLE,,True,True,False,False,False,False,False,False,False
fgvc_aircraft,24,A318,faa-aircraft:3940022,membership,VERIFIED,True,True,EXACT_IDENTITY,UNREACHABLE,,True,True,False,False,False,False,False,False,False
fgvc_aircraft,25,A319,faa-aircraft:3930307,membership,VERIFIED,True,True,EXACT_IDENTITY,UNREACHABLE,,True,True,False,False,False,False,False,False,False
fgvc_aircraft,26,A320,wikidata:Q18784360,membership,VERIFIED,True,True,EXACT_IDENTITY,UNREACHABLE,,True,True,False,False,False,False,False,False,False
fgvc_aircraft,27,A321,wikidata-v4:Q3278675,membership,VERIFIED,True,True,EXACT_IDENTITY,UNREACHABLE,,True,True,False,False,False,False,False,False,False
fgvc_aircraft,28,A330-200,wikidata-v4:Q68189256,membership,VERIFIED,True,True,EXACT_IDENTITY,UNREACHABLE,,True,True,False,False,False,False,False,False,False
fgvc_aircraft,29,A330-300,faa-aircraft:3940099,membership,VERIFIED,True,True,EXACT_IDENTITY,UNREACHABLE,,True,True,False,False,False,False,False,False,False
fgvc_aircraft,30,A340-200,wikidata-v4:Q14849020,membership,VERIFIED,True,True,EXACT_IDENTITY,UNREACHABLE,,True,True,False,False,False,False,False,False,False
fgvc_aircraft,31,A340-300,faa-aircraft:3930379,membership,VERIFIED,True,True,EXACT_IDENTITY,UNREACHABLE,,True,True,False,False,False,False,False,False,False
fgvc_aircraft,32,A340-500,wikidata-v4:Q3274060,membership,VERIFIED,True,True,EXACT_IDENTITY,UNREACHABLE,,True,True,False,False,False,False,False,False,False
fgvc_aircraft,33,A340-600,faa-aircraft:3940137,membership,VERIFIED,True,True,EXACT_IDENTITY,UNREACHABLE,,True,True,False,False,False,False,False,False,False
fgvc_aircraft,34,A380,wikidata-v4:Q5830,membership,VERIFIED,True,True,EXACT_IDENTITY,UNREACHABLE,,True,True,False,False,False,False,False,False,False
fgvc_aircraft,35,ATR-42,wikidata-v4:Q218637,membership,VERIFIED,True,True,EXACT_IDENTITY,UNREACHABLE,,True,True,False,False,False,False,False,False,False
fgvc_aircraft,36,ATR-72,wikidata-v4:Q219764,membership,VERIFIED,True,True,EXACT_IDENTITY,UNREACHABLE,,True,True,False,False,False,False,False,False,False
fgvc_aircraft,37,An-12,wikidata-v4:Q271559,membership,VERIFIED,True,True,EXACT_IDENTITY,UNREACHABLE,,True,True,False,False,False,False,False,False,False
fgvc_aircraft,38,BAE 146-200,wikidata-v4:Q14905849,membership,VERIFIED,True,True,EXACT_IDENTITY,UNREACHABLE,,True,True,False,False,False,False,False,False,False
fgvc_aircraft,39,BAE 146-300,faa-aircraft:7650449,membership,VERIFIED,True,True,EXACT_IDENTITY,UNREACHABLE,,True,True,False,False,False,False,False,False,False
fgvc_aircraft,40,BAE-125,wikidata-v4:Q1591686,membership,VERIFIED,True,True,EXACT_IDENTITY,UNREACHABLE,,True,True,False,False,False,False,False,False,False
fgvc_aircraft,41,Beechcraft 1900,faa-aircraft:1154160,membership,VERIFIED,True,True,EXACT_IDENTITY,UNREACHABLE,,True,True,False,False,False,False,False,False,False
fgvc_aircraft,42,Boeing 717,wikidata-v4:Q6401,membership,VERIFIED,True,True,EXACT_IDENTITY,UNREACHABLE,,True,True,False,False,False,False,False,False,False
fgvc_aircraft,43,C-130,wikidata-v4:Q182027,membership,VERIFIED,True,True,EXACT_IDENTITY,UNREACHABLE,,True,True,False,False,False,False,False,False,False
fgvc_aircraft,44,C-47,wikidata-v4:Q714326,membership,VERIFIED,True,True,EXACT_IDENTITY,UNREACHABLE,,True,True,False,False,False,False,False,False,False
fgvc_aircraft,45,CRJ-200,wikidata-v4:Q891786,membership,VERIFIED,True,True,EXACT_IDENTITY,UNREACHABLE,,True,True,False,False,False,False,False,False,False
fgvc_aircraft,46,CRJ-700,wikidata-v4:Q137829174,membership,VERIFIED,True,True,EXACT_IDENTITY,UNREACHABLE,,True,True,False,False,False,False,False,False,False
fgvc_aircraft,47,CRJ-900,wikidata-v4:Q4572676,membership,VERIFIED,True,True,EXACT_IDENTITY,UNREACHABLE,,True,True,False,False,False,False,False,False,False
fgvc_aircraft,48,Cessna 172,faa-aircraft:2072402,membership,VERIFIED,True,True,EXACT_IDENTITY,UNREACHABLE,,True,True,False,False,False,False,False,False,False
fgvc_aircraft,49,Cessna 208,faa-aircraft:2073702,membership,VERIFIED,True,True,EXACT_IDENTITY,UNREACHABLE,,True,True,False,False,False,False,False,False,False
fgvc_aircraft,50,Cessna 525,faa-aircraft:2076601,membership,VERIFIED,True,True,EXACT_IDENTITY,UNREACHABLE,,True,True,False,False,False,False,False,False,False
fgvc_aircraft,51,Cessna 560,faa-aircraft:2076750,membership,VERIFIED,True,True,EXACT_IDENTITY,UNREACHABLE,,True,True,False,False,False,False,False,False,False
fgvc_aircraft,52,Challenger 600,wikidata-v4:Q699843,membership,VERIFIED,True,True,EXACT_IDENTITY,UNREACHABLE,,True,True,False,False,False,False,False,False,False
fgvc_aircraft,53,DC-10,wikidata-v4:Q208075,membership,VERIFIED,True,True,EXACT_IDENTITY,UNREACHABLE,,True,True,False,False,False,False,False,False,False
fgvc_aircraft,54,DC-3,wikidata-v4:Q190211,membership,VERIFIED,True,True,EXACT_IDENTITY,UNREACHABLE,,True,True,False,False,False,False,False,False,False
fgvc_aircraft,55,DC-6,faa-aircraft:3021702,membership,VERIFIED,True,True,EXACT_IDENTITY,UNREACHABLE,,True,True,False,False,False,False,False,False,False
fgvc_aircraft,56,DC-8,faa-aircraft:3021901,membership,VERIFIED,True,True,EXACT_IDENTITY,UNREACHABLE,,True,True,False,False,False,False,False,False,False
fgvc_aircraft,57,DC-9-30,faa-aircraft:3022060,membership,VERIFIED,True,True,EXACT_IDENTITY,UNREACHABLE,,True,True,False,False,False,False,False,False,False
fgvc_aircraft,58,DH-82,wikidata-v4:Q654062,membership,VERIFIED,True,True,EXACT_IDENTITY,UNREACHABLE,,True,True,False,False,False,False,False,False,False
fgvc_aircraft,59,DHC-1,wikidata-v4:Q900857,membership,VERIFIED,True,True,EXACT_IDENTITY,UNREACHABLE,,True,True,False,False,False,False,False,False,False
fgvc_aircraft,60,DHC-6,wikidata-v4:Q683041,membership,VERIFIED,True,True,EXACT_IDENTITY,UNREACHABLE,,True,True,False,False,False,False,False,False,False
fgvc_aircraft,61,DHC-8-100,wikidata-v4:Q15624289,membership,VERIFIED,True,True,EXACT_IDENTITY,UNREACHABLE,,True,True,False,False,False,False,False,False,False
fgvc_aircraft,62,DHC-8-300,wikidata-v4:Q15624359,membership,VERIFIED,True,True,EXACT_IDENTITY,UNREACHABLE,,True,True,False,False,False,False,False,False,False
fgvc_aircraft,63,DR-400,wikidata-v4:Q1759739,membership,VERIFIED,True,True,EXACT_IDENTITY,UNREACHABLE,,True,True,False,False,False,False,False,False,False
fgvc_aircraft,64,Dornier 328,wikidata-v4:Q937949,membership,VERIFIED,True,True,EXACT_IDENTITY,UNREACHABLE,,True,True,False,False,False,False,False,False,False
fgvc_aircraft,65,E-170,wikidata:Q18572652,membership,VERIFIED,True,True,EXACT_IDENTITY,UNREACHABLE,,True,True,False,False,False,False,False,False,False
fgvc_aircraft,66,E-190,wikidata-v4:Q2549320,membership,VERIFIED,True,True,EXACT_IDENTITY,UNREACHABLE,,True,True,False,False,False,False,False,False,False
fgvc_aircraft,67,E-195,v26-wikidata:Q377173,membership,VERIFIED,True,True,EXACT_IDENTITY,UNREACHABLE,,True,True,False,False,False,False,False,False,False
fgvc_aircraft,68,EMB-120,wikidata-v4:Q1163407,membership,VERIFIED,True,True,EXACT_IDENTITY,UNREACHABLE,,True,True,False,False,False,False,False,False,False
fgvc_aircraft,69,ERJ 135,wikidata-v4:Q1638968,membership,VERIFIED,True,True,EXACT_IDENTITY,UNREACHABLE,,True,True,False,False,False,False,False,False,False
fgvc_aircraft,70,ERJ 145,wikidata:Q913114,membership,VERIFIED,True,True,EXACT_IDENTITY,UNREACHABLE,,True,True,False,False,False,False,False,False,False
fgvc_aircraft,71,Embraer Legacy 600,wikidata-v4:Q1335176,membership,VERIFIED,True,True,EXACT_IDENTITY,UNREACHABLE,,True,True,False,False,False,False,False,False,False
fgvc_aircraft,72,Eurofighter Typhoon,wikidata-v4:Q151384,membership,VERIFIED,True,True,EXACT_IDENTITY,UNREACHABLE,,True,True,False,False,False,False,False,False,False
fgvc_aircraft,73,F-16A/B,wikidata-v4:Q17372377,membership,VERIFIED,True,True,EXACT_IDENTITY,UNREACHABLE,,True,True,False,False,False,False,False,False,False
fgvc_aircraft,74,F/A-18,wikidata-v4:Q46397,membership,VERIFIED,True,True,EXACT_IDENTITY,UNREACHABLE,,True,True,False,False,False,False,False,False,False
fgvc_aircraft,75,Falcon 2000,wikidata-v4:Q26790,membership,VERIFIED,True,True,EXACT_IDENTITY,UNREACHABLE,,True,True,False,False,False,False,False,False,False
fgvc_aircraft,76,Falcon 900,wikidata-v4:Q1141409,membership,VERIFIED,True,True,EXACT_IDENTITY,UNREACHABLE,,True,True,False,False,False,False,False,False,False
fgvc_aircraft,77,Fokker 100,wikidata-v4:Q257298,membership,VERIFIED,True,True,EXACT_IDENTITY,UNREACHABLE,,True,True,False,False,False,False,False,False,False
fgvc_aircraft,78,Fokker 50,v26-wikidata:Q751141,membership,VERIFIED,True,True,EXACT_IDENTITY,UNREACHABLE,,True,True,False,False,False,False,False,False,False
fgvc_aircraft,79,Fokker 70,wikidata-v4:Q723397,membership,VERIFIED,True,True,EXACT_IDENTITY,UNREACHABLE,,True,True,False,False,False,False,False,False,False
fgvc_aircraft,80,Global Express,wikidata-v4:Q373171,membership,VERIFIED,True,True,EXACT_IDENTITY,UNREACHABLE,,True,True,False,False,False,False,False,False,False
fgvc_aircraft,81,Gulfstream IV,wikidata-v4:Q861792,membership,VERIFIED,True,True,EXACT_IDENTITY,UNREACHABLE,,True,True,False,False,False,False,False,False,False
fgvc_aircraft,82,Gulfstream V,wikidata-v4:Q386403,membership,VERIFIED,True,True,EXACT_IDENTITY,UNREACHABLE,,True,True,False,False,False,False,False,False,False
fgvc_aircraft,83,Hawk T1,wikidata-v4:Q17487799,membership,VERIFIED,True,True,EXACT_IDENTITY,UNREACHABLE,,True,True,False,False,False,False,False,False,False
fgvc_aircraft,84,Il-76,wikidata-v4:Q142549,membership,VERIFIED,True,True,EXACT_IDENTITY,UNREACHABLE,,True,True,False,False,False,False,False,False,False
fgvc_aircraft,85,L-1011,wikidata-v4:Q852,membership,VERIFIED,True,True,EXACT_IDENTITY,UNREACHABLE,,True,True,False,False,False,False,False,False,False
fgvc_aircraft,86,MD-11,faa-aircraft:3023602,membership,VERIFIED,True,True,EXACT_IDENTITY,UNREACHABLE,,True,True,False,False,False,False,False,False,False
fgvc_aircraft,87,MD-80,faa-aircraft:3023680,membership,VERIFIED,True,True,EXACT_IDENTITY,UNREACHABLE,,True,True,False,False,False,False,False,False,False
fgvc_aircraft,88,MD-87,wikidata-v4:Q15635741,membership,VERIFIED,True,True,EXACT_IDENTITY,UNREACHABLE,,True,True,False,False,False,False,False,False,False
fgvc_aircraft,89,MD-90,faa-aircraft:302369B,membership,VERIFIED,True,True,EXACT_IDENTITY,UNREACHABLE,,True,True,False,False,False,False,False,False,False
fgvc_aircraft,90,Metroliner,wikidata-v4:Q5430063,membership,VERIFIED,True,True,EXACT_IDENTITY,UNREACHABLE,,True,True,False,False,False,False,False,False,False
fgvc_aircraft,91,Model B200,wikidata-v4:Q15618498,membership,VERIFIED,True,True,EXACT_IDENTITY,UNREACHABLE,,True,True,False,False,False,False,False,False,False
fgvc_aircraft,92,PA-28,faa-aircraft:7102801,membership,VERIFIED,True,True,EXACT_IDENTITY,UNREACHABLE,,True,True,False,False,False,False,False,False,False
fgvc_aircraft,93,SR-20,wikidata-v4:Q1093144,membership,VERIFIED,True,True,EXACT_IDENTITY,UNREACHABLE,,True,True,False,False,False,False,False,False,False
fgvc_aircraft,94,Saab 2000,faa-aircraft:7860202,membership,VERIFIED,True,True,EXACT_IDENTITY,UNREACHABLE,,True,True,False,False,False,False,False,False,False
fgvc_aircraft,95,Saab 340,wikidata-v4:Q277491,membership,VERIFIED,True,True,EXACT_IDENTITY,UNREACHABLE,,True,True,False,False,False,False,False,False,False
fgvc_aircraft,96,Spitfire,wikidata-v4:Q29190,membership,VERIFIED,True,True,EXACT_IDENTITY,UNREACHABLE,,True,True,False,False,False,False,False,False,False
fgvc_aircraft,97,Tornado,wikidata-v4:Q152200,membership,VERIFIED,True,True,EXACT_IDENTITY,UNREACHABLE,,True,True,False,False,False,False,False,False,False
fgvc_aircraft,98,Tu-134,wikidata-v4:Q159067,membership,VERIFIED,True,True,EXACT_IDENTITY,UNREACHABLE,,True,True,False,False,False,False,False,False,False
fgvc_aircraft,99,Tu-154,wikidata-v4:Q172957,membership,VERIFIED,True,True,EXACT_IDENTITY,UNREACHABLE,,True,True,False,False,False,False,False,False,False
fgvc_aircraft,100,Yak-42,wikidata-v4:Q505649,membership,VERIFIED,True,True,EXACT_IDENTITY,UNREACHABLE,,True,True,False,False,False,False,False,False,False
flowers102,1,pink primrose,wfo:wfo-0000389747,membership,VERIFIED,True,True,EXACT_IDENTITY,UNREACHABLE,,True,True,False,False,False,False,False,False,False
flowers102,2,hard-leaved pocket orchid,wfo:wfo-0000264118,membership,VERIFIED,True,True,EXACT_IDENTITY,UNREACHABLE,,True,True,False,False,False,False,False,False,False
flowers102,3,canterbury bells,wordnet31:12058160-n,membership,VERIFIED,True,True,EXACT_IDENTITY,UNREACHABLE,,True,True,False,False,False,False,False,False,False
flowers102,4,sweet pea,wikidata:Q163944,membership,VERIFIED,True,True,EXACT_IDENTITY,UNREACHABLE,,True,True,False,False,False,False,False,False,False
flowers102,5,english marigold,ott:768229,membership,VERIFIED,True,True,EXACT_IDENTITY,UNREACHABLE,,True,True,False,False,False,False,False,False,False
flowers102,6,tiger lily,wfo:wfo-0000677845,membership,VERIFIED,True,True,EXACT_IDENTITY,UNREACHABLE,,True,True,False,False,False,False,False,False,False
flowers102,7,moon orchid,ott:406191,membership,VERIFIED,True,True,EXACT_IDENTITY,UNREACHABLE,,True,True,False,False,False,False,False,False,False
flowers102,8,bird of paradise,wfo:wfo-0000562066,membership,VERIFIED,True,True,EXACT_IDENTITY,UNREACHABLE,,True,True,False,False,False,False,False,False,False
flowers102,9,monkshood,wfo:wfo-0000517258,membership,VERIFIED,True,True,EXACT_IDENTITY,UNREACHABLE,,True,True,False,False,False,False,False,False,False
flowers102,10,globe thistle,wfo:wfo-0000016873,membership,VERIFIED,True,True,EXACT_IDENTITY,UNREACHABLE,,True,True,False,False,False,False,False,False,False
flowers102,11,snapdragon,wfo:wfo-0000539365,membership,VERIFIED,True,True,EXACT_IDENTITY,UNREACHABLE,,True,True,False,False,False,False,False,False,False
flowers102,12,colt's foot,wfo:wfo-0000117140,membership,VERIFIED,True,True,EXACT_IDENTITY,UNREACHABLE,,True,True,False,False,False,False,False,False,False
flowers102,13,king protea,wordnet31:12235539-n,membership,VERIFIED,True,True,EXACT_IDENTITY,UNREACHABLE,,True,True,False,False,False,False,False,False,False
flowers102,14,spear thistle,wordnet31:11975622-n,membership,VERIFIED,True,True,EXACT_IDENTITY,UNREACHABLE,,True,True,False,False,False,False,False,False,False
flowers102,15,yellow iris,wordnet31:12435107-n,membership,VERIFIED,True,True,EXACT_IDENTITY,UNREACHABLE,,True,True,False,False,False,False,False,False,False
flowers102,16,globe-flower,wfo:wfo-0000455242,membership,VERIFIED,True,True,EXACT_IDENTITY,UNREACHABLE,,True,True,False,False,False,False,False,False,False
flowers102,17,purple coneflower,wfo:wfo-0000036347,membership,VERIFIED,True,True,EXACT_IDENTITY,UNREACHABLE,,True,True,False,False,False,False,False,False,False
flowers102,18,peruvian lily,flowers102-category:18,membership,VERIFIED_CATEGORY_MAPPING,False,True,SOURCE_TYPED_MAPPING,UNREACHABLE,,True,False,False,False,False,False,False,False,False
flowers102,19,balloon flower,ott:141088,membership,VERIFIED,True,True,EXACT_IDENTITY,UNREACHABLE,,True,True,False,False,False,False,False,False,False
flowers102,20,giant white arum lily,wfo:wfo-0000335148,membership,VERIFIED,True,True,EXACT_IDENTITY,UNREACHABLE,,True,True,False,False,False,False,False,False,False
flowers102,21,fire lily,wfo:wfo-0000769245,membership,VERIFIED,True,True,EXACT_IDENTITY,UNREACHABLE,,True,True,False,False,False,False,False,False,False
flowers102,22,pincushion flower,wfo:wfo-0000359392,membership,VERIFIED,True,True,EXACT_IDENTITY,UNREACHABLE,,True,True,False,False,False,False,False,False,False
flowers102,23,fritillary,wfo:wfo-0000767933,membership,VERIFIED,True,True,EXACT_IDENTITY,UNREACHABLE,,True,True,False,False,False,False,False,False,False
flowers102,24,red ginger,wordnet31:12377860-n,membership,VERIFIED,True,True,EXACT_IDENTITY,UNREACHABLE,,True,True,False,False,False,False,False,False,False
flowers102,25,grape hyacinth,wfo:wfo-4000025015,membership,VERIFIED,True,True,EXACT_IDENTITY,UNREACHABLE,,True,True,False,False,False,False,False,False,False
flowers102,26,corn poppy,wordnet31:11922669-n,membership,VERIFIED,True,True,EXACT_IDENTITY,UNREACHABLE,,True,True,False,False,False,False,False,False,False
flowers102,27,prince of wales feathers,wordnet31:12975113-n,membership,VERIFIED,True,True,EXACT_IDENTITY,UNREACHABLE,,True,True,False,False,False,False,False,False,False
flowers102,28,stemless gentian,wfo:wfo-0000696760,membership,VERIFIED,True,True,EXACT_IDENTITY,UNREACHABLE,,True,True,False,False,False,False,False,False,False
flowers102,29,artichoke,wfo:wfo-0000013358,membership,VERIFIED,True,True,EXACT_IDENTITY,UNREACHABLE,,True,True,False,False,False,False,False,False,False
flowers102,30,sweet william,wfo:wfo-0000643133,membership,VERIFIED,True,True,EXACT_IDENTITY,UNREACHABLE,,True,True,False,False,False,False,False,False,False
flowers102,31,carnation,wfo:wfo-0000643278,membership,VERIFIED,True,True,EXACT_IDENTITY,UNREACHABLE,,True,True,False,False,False,False,False,False,False
flowers102,32,garden phlox,wfo:wfo-0001099776,membership,VERIFIED,True,True,EXACT_IDENTITY,UNREACHABLE,,True,True,False,False,False,False,False,False,False
flowers102,33,love in the mist,wfo:wfo-0000380636,membership,VERIFIED,True,True,EXACT_IDENTITY,UNREACHABLE,,True,True,False,False,False,False,False,False,False
flowers102,34,mexican aster,ott:608104,membership,VERIFIED,True,True,EXACT_IDENTITY,UNREACHABLE,,True,True,False,False,False,False,False,False,False
flowers102,35,alpine sea holly,wfo:wfo-0000677699,membership,VERIFIED,True,True,EXACT_IDENTITY,UNREACHABLE,,True,True,False,False,False,False,False,False,False
flowers102,36,ruby-lipped cattleya,ott:270814,membership,VERIFIED,True,True,EXACT_IDENTITY,UNREACHABLE,,True,True,False,False,False,False,False,False,False
flowers102,37,cape flower,wfo:wfo-0000697973,membership,VERIFIED,True,True,EXACT_IDENTITY,UNREACHABLE,,True,True,False,False,False,False,False,False,False
flowers102,38,great masterwort,ott:1012754,membership,VERIFIED,True,True,EXACT_IDENTITY,UNREACHABLE,,True,True,False,False,False,False,False,False,False
flowers102,39,siam tulip,ott:253150,membership,VERIFIED,True,True,EXACT_IDENTITY,UNREACHABLE,,True,True,False,False,False,False,False,False,False
flowers102,40,lenten rose,wordnet31:11755167-n,membership,VERIFIED,True,True,EXACT_IDENTITY,UNREACHABLE,,True,True,False,False,False,False,False,False,False
flowers102,41,barbeton daisy,wfo:wfo-0000007595,membership,VERIFIED,True,True,EXACT_IDENTITY,UNREACHABLE,,True,True,False,False,False,False,False,False,False
flowers102,42,daffodil,ott:625033,membership,VERIFIED,True,True,EXACT_IDENTITY,UNREACHABLE,,True,True,False,False,False,False,False,False,False
flowers102,43,sword lily,wfo:wfo-4000015694,membership,VERIFIED,True,True,EXACT_IDENTITY,UNREACHABLE,,True,True,False,False,False,False,False,False,False
flowers102,44,poinsettia,wfo:wfo-0000964275,membership,VERIFIED,True,True,EXACT_IDENTITY,UNREACHABLE,,True,True,False,False,False,False,False,False,False
flowers102,45,bolero deep blue,wordnet31:12312476-n,membership,VERIFIED,True,True,EXACT_IDENTITY,UNREACHABLE,,True,True,False,False,False,False,False,False,False
flowers102,46,wallflower,ott:359068,membership,VERIFIED,True,True,EXACT_IDENTITY,UNREACHABLE,,True,True,False,False,False,False,False,False,False
flowers102,47,marigold,ott:602514,membership,VERIFIED,True,True,EXACT_IDENTITY,UNREACHABLE,,True,True,False,False,False,False,False,False,False
flowers102,48,buttercup,wfo:wfo-4000032540,membership,VERIFIED,True,True,EXACT_IDENTITY,UNREACHABLE,,True,True,False,False,False,False,False,False,False
flowers102,49,oxeye daisy,wfo:wfo-0000036932,membership,VERIFIED,True,True,EXACT_IDENTITY,UNREACHABLE,,True,True,False,False,False,False,False,False,False
flowers102,50,common dandelion,wikidata:Q131219,membership,VERIFIED,True,True,EXACT_IDENTITY,UNREACHABLE,,True,True,False,False,False,False,False,False,False
flowers102,51,petunia,wfo:wfo-4000028997,membership,VERIFIED,True,True,EXACT_IDENTITY,UNREACHABLE,,True,True,False,False,False,False,False,False,False
flowers102,52,wild pansy,wordnet31:12411198-n,membership,VERIFIED,True,True,EXACT_IDENTITY,UNREACHABLE,,True,True,False,False,False,False,False,False,False
flowers102,53,primula,flowers102-category:53,membership,VERIFIED_CATEGORY_MAPPING,False,True,SOURCE_TYPED_MAPPING,UNREACHABLE,,True,False,False,False,False,False,False,False,False
flowers102,54,sunflower,wikidata:Q171497,membership,VERIFIED,True,True,EXACT_IDENTITY,UNREACHABLE,,True,True,False,False,False,False,False,False,False
flowers102,55,pelargonium,wfo:wfo-4000028455,membership,VERIFIED,True,True,EXACT_IDENTITY,UNREACHABLE,,True,True,False,False,False,False,False,False,False
flowers102,56,bishop of llandaff,wikidata-v4:Q5208897,membership,VERIFIED,True,True,EXACT_IDENTITY,VIEW_NOT_APPLICABLE,,True,True,False,False,False,False,False,False,False
flowers102,57,gaura,wfo:wfo-0001281431,membership,VERIFIED,True,True,EXACT_IDENTITY,UNREACHABLE,,True,True,False,False,False,False,False,False,False
flowers102,58,geranium,wfo:wfo-4000015557,membership,VERIFIED,True,True,EXACT_IDENTITY,UNREACHABLE,,True,True,False,False,False,False,False,False,False
flowers102,59,orange dahlia,v26-ads-dahlia-color:829e5b28af38ab3379fd0b4f3fd4f2f1,membership,VERIFIED,True,True,EXACT_IDENTITY,UNREACHABLE,,True,True,False,False,False,False,False,False,False
flowers102,60,pink-yellow dahlia,v26-ads-dahlia-color:7cec56ecb0a78ba81a7c44027d7ef633,membership,VERIFIED,True,True,EXACT_IDENTITY,UNREACHABLE,,True,True,False,False,False,False,False,False,False
flowers102,61,cautleya spicata,wfo:wfo-0000353044,membership,VERIFIED,True,True,EXACT_IDENTITY,UNREACHABLE,,True,True,False,False,False,False,False,False,False
flowers102,62,japanese anemone,ott:7591168,membership,VERIFIED,True,True,EXACT_IDENTITY,UNREACHABLE,,True,True,False,False,False,False,False,False,False
flowers102,63,black-eyed susan,wfo:wfo-0000027627,membership,VERIFIED,True,True,EXACT_IDENTITY,UNREACHABLE,,True,True,False,False,False,False,False,False,False
flowers102,64,silverbush,ott:235894,membership,VERIFIED,True,True,EXACT_IDENTITY,UNREACHABLE,,True,True,False,False,False,False,False,False,False
flowers102,65,californian poppy,wfo:wfo-0000680430,membership,VERIFIED,True,True,EXACT_IDENTITY,UNREACHABLE,,True,True,False,False,False,False,False,False,False
flowers102,66,osteospermum,wfo:wfo-4000027409,membership,VERIFIED,True,True,EXACT_IDENTITY,UNREACHABLE,,True,True,False,False,False,False,False,False,False
flowers102,67,spring crocus,ott:675223,membership,VERIFIED,True,True,EXACT_IDENTITY,UNREACHABLE,,True,True,False,False,False,False,False,False,False
flowers102,68,bearded iris,ott:3998436,membership,VERIFIED,True,True,EXACT_IDENTITY,UNREACHABLE,,True,True,False,False,False,False,False,False,False
flowers102,69,windflower,wfo:wfo-4000002053,membership,VERIFIED,True,True,EXACT_IDENTITY,UNREACHABLE,,True,True,False,False,False,False,False,False,False
flowers102,70,tree poppy,wfo:wfo-0000641099,membership,VERIFIED,True,True,EXACT_IDENTITY,UNREACHABLE,,True,True,False,False,False,False,False,False,False
flowers102,71,gazania,wfo:wfo-0000087259,membership,VERIFIED,True,True,EXACT_IDENTITY,UNREACHABLE,,True,True,False,False,False,False,False,False,False
flowers102,72,azalea,wfo:wfo-4000033027,membership,VERIFIED,True,True,EXACT_IDENTITY,UNREACHABLE,,True,True,False,False,False,False,False,False,False
flowers102,73,water lily,wfo:wfo-4000026422,membership,VERIFIED,True,True,EXACT_IDENTITY,UNREACHABLE,,True,True,False,False,False,False,False,False,False
flowers102,74,rose,wfo:wfo-4000033476,membership,VERIFIED,True,True,EXACT_IDENTITY,UNREACHABLE,,True,True,False,False,False,False,False,False,False
flowers102,75,thorn apple,wfo:wfo-0001021374,membership,VERIFIED,True,True,EXACT_IDENTITY,UNREACHABLE,,True,True,False,False,False,False,False,False,False
flowers102,76,morning glory,wfo:wfo-0001296676,membership,VERIFIED,True,True,EXACT_IDENTITY,UNREACHABLE,,True,True,False,False,False,False,False,False,False
flowers102,77,passion flower,wfo:wfo-0000479867,membership,VERIFIED,True,True,EXACT_IDENTITY,UNREACHABLE,,True,True,False,False,False,False,False,False,False
flowers102,78,lotus lotus,wfo:wfo-0000382378,membership,VERIFIED,True,True,EXACT_IDENTITY,UNREACHABLE,,True,True,False,False,False,False,False,False,False
flowers102,79,toad lily,wfo:wfo-0000750540,membership,VERIFIED,True,True,EXACT_IDENTITY,UNREACHABLE,,True,True,False,False,False,False,False,False,False
flowers102,80,anthurium,wfo:wfo-0000221364,membership,VERIFIED,True,True,EXACT_IDENTITY,UNREACHABLE,,True,True,False,False,False,False,False,False,False
flowers102,81,frangipani,wfo:wfo-4000030426,membership,VERIFIED,True,True,EXACT_IDENTITY,UNREACHABLE,,True,True,False,False,False,False,False,False,False
flowers102,82,clematis,wfo:wfo-4000008565,membership,VERIFIED,True,True,EXACT_IDENTITY,UNREACHABLE,,True,True,False,False,False,False,False,False,False
flowers102,83,hibiscus,ott:3942619,membership,VERIFIED,True,True,EXACT_IDENTITY,UNREACHABLE,,True,True,False,False,False,False,False,False,False
flowers102,84,columbine,wfo:wfo-0000541607,membership,VERIFIED,True,True,EXACT_IDENTITY,UNREACHABLE,,True,True,False,False,False,False,False,False,False
flowers102,85,desert-rose,wfo:wfo-0000764069,membership,VERIFIED,True,True,EXACT_IDENTITY,UNREACHABLE,,True,True,False,False,False,False,False,False,False
flowers102,86,tree mallow,wordnet31:12203132-n,membership,VERIFIED,True,True,EXACT_IDENTITY,UNREACHABLE,,True,True,False,False,False,False,False,False,False
flowers102,87,magnolia,wordnet31:11730605-n,membership,VERIFIED,True,True,EXACT_IDENTITY,UNREACHABLE,,True,True,False,False,False,False,False,False,False
flowers102,88,cyclamen,wfo:wfo-0000631834,membership,VERIFIED,True,True,EXACT_IDENTITY,UNREACHABLE,,True,True,False,False,False,False,False,False,False
flowers102,89,watercress,wordnet31:11913600-n,membership,VERIFIED,True,True,EXACT_IDENTITY,UNREACHABLE,,True,True,False,False,False,False,False,False,False
flowers102,90,canna lily,wfo:wfo-0000343805,membership,VERIFIED,True,True,EXACT_IDENTITY,UNREACHABLE,,True,True,False,False,False,False,False,False,False
flowers102,91,hippeastrum,wfo:wfo-4000017950,membership,VERIFIED,True,True,EXACT_IDENTITY,UNREACHABLE,,True,True,False,False,False,False,False,False,False
flowers102,92,bee balm,wordnet31:12875360-n,membership,VERIFIED,True,True,EXACT_IDENTITY,UNREACHABLE,,True,True,False,False,False,False,False,False,False
flowers102,93,ball moss,ott:602438,membership,VERIFIED,True,True,EXACT_IDENTITY,UNREACHABLE,,True,True,False,False,False,False,False,False,False
flowers102,94,foxglove,ott:75205,membership,VERIFIED,True,True,EXACT_IDENTITY,UNREACHABLE,,True,True,False,False,False,False,False,False,False
flowers102,95,bougainvillea,wfo:wfo-0000569884,membership,VERIFIED,True,True,EXACT_IDENTITY,UNREACHABLE,,True,True,False,False,False,False,False,False,False
flowers102,96,camellia,wfo:wfo-0001281906,membership,VERIFIED,True,True,EXACT_IDENTITY,UNREACHABLE,,True,True,False,False,False,False,False,False,False
flowers102,97,mallow,wfo:wfo-4000022983,membership,VERIFIED,True,True,EXACT_IDENTITY,UNREACHABLE,,True,True,False,False,False,False,False,False,False
flowers102,98,mexican petunia,ott:264125,membership,VERIFIED,True,True,EXACT_IDENTITY,UNREACHABLE,,True,True,False,False,False,False,False,False,False
flowers102,99,bromelia,wfo:wfo-4000005472,membership,VERIFIED,True,True,EXACT_IDENTITY,UNREACHABLE,,True,True,False,False,False,False,False,False,False
flowers102,100,blanket flower,wordnet31:11991055-n,membership,VERIFIED,True,True,EXACT_IDENTITY,UNREACHABLE,,True,True,False,False,False,False,False,False,False
flowers102,101,trumpet creeper,wfo:wfo-0001214872,membership,VERIFIED,True,True,EXACT_IDENTITY,UNREACHABLE,,True,True,False,False,False,False,False,False,False
flowers102,102,blackberry lily,ott:740491,membership,VERIFIED,True,True,EXACT_IDENTITY,UNREACHABLE,,True,True,False,False,False,False,False,False,False
food101,0,apple_pie,food101-category:0,membership,VERIFIED_DATASET_CATEGORY,False,True,SOURCE_TYPED_MAPPING,UNREACHABLE,,True,False,False,False,False,False,False,False,False
food101,1,baby_back_ribs,food101-category:1,membership,VERIFIED_DATASET_CATEGORY,False,True,SOURCE_TYPED_MAPPING,UNREACHABLE,,True,False,False,False,False,False,False,False,False
food101,2,baklava,food101-category:2,membership,VERIFIED_DATASET_CATEGORY,False,True,SOURCE_TYPED_MAPPING,UNREACHABLE,,True,False,False,False,False,False,False,False,False
food101,3,beef_carpaccio,food101-category:3,membership,VERIFIED_DATASET_CATEGORY,False,True,SOURCE_TYPED_MAPPING,UNREACHABLE,,True,False,False,False,False,False,False,False,False
food101,4,beef_tartare,food101-category:4,membership,VERIFIED_DATASET_CATEGORY,False,True,SOURCE_TYPED_MAPPING,UNREACHABLE,,True,False,False,False,False,False,False,False,False
food101,5,beet_salad,food101-category:5,membership,VERIFIED_DATASET_CATEGORY,False,True,SOURCE_TYPED_MAPPING,UNREACHABLE,,True,False,False,False,False,False,False,False,False
food101,6,beignets,food101-category:6,membership,VERIFIED_DATASET_CATEGORY,False,True,SOURCE_TYPED_MAPPING,UNREACHABLE,,True,False,False,False,False,False,False,False,False
food101,7,bibimbap,food101-category:7,membership,VERIFIED_DATASET_CATEGORY,False,True,SOURCE_TYPED_MAPPING,UNREACHABLE,,True,False,False,False,False,False,False,False,False
food101,8,bread_pudding,food101-category:8,membership,VERIFIED_DATASET_CATEGORY,False,True,SOURCE_TYPED_MAPPING,UNREACHABLE,,True,False,False,False,False,False,False,False,False
food101,9,breakfast_burrito,food101-category:9,membership,VERIFIED_DATASET_CATEGORY,False,True,SOURCE_TYPED_MAPPING,UNREACHABLE,,True,False,False,False,False,False,False,False,False
food101,10,bruschetta,food101-category:10,membership,VERIFIED_DATASET_CATEGORY,False,True,SOURCE_TYPED_MAPPING,UNREACHABLE,,True,False,False,False,False,False,False,False,False
food101,11,caesar_salad,food101-category:11,membership,VERIFIED_DATASET_CATEGORY,False,True,SOURCE_TYPED_MAPPING,UNREACHABLE,,True,False,False,False,False,False,False,False,False
food101,12,cannoli,food101-category:12,membership,VERIFIED_DATASET_CATEGORY,False,True,SOURCE_TYPED_MAPPING,UNREACHABLE,,True,False,False,False,False,False,False,False,False
food101,13,caprese_salad,food101-category:13,membership,VERIFIED_DATASET_CATEGORY,False,True,SOURCE_TYPED_MAPPING,UNREACHABLE,,True,False,False,False,False,False,False,False,False
food101,14,carrot_cake,food101-category:14,membership,VERIFIED_DATASET_CATEGORY,False,True,SOURCE_TYPED_MAPPING,UNREACHABLE,,True,False,False,False,False,False,False,False,False
food101,15,ceviche,food101-category:15,membership,VERIFIED_DATASET_CATEGORY,False,True,SOURCE_TYPED_MAPPING,UNREACHABLE,,True,False,False,False,False,False,False,False,False
food101,16,cheesecake,food101-category:16,membership,VERIFIED_DATASET_CATEGORY,False,True,SOURCE_TYPED_MAPPING,UNREACHABLE,,True,False,False,False,False,False,False,False,False
food101,17,cheese_plate,food101-category:17,membership,VERIFIED_DATASET_CATEGORY,False,True,SOURCE_TYPED_MAPPING,UNREACHABLE,,True,False,False,False,False,False,False,False,False
food101,18,chicken_curry,food101-category:18,membership,VERIFIED_DATASET_CATEGORY,False,True,SOURCE_TYPED_MAPPING,UNREACHABLE,,True,False,False,False,False,False,False,False,False
food101,19,chicken_quesadilla,food101-category:19,membership,VERIFIED_DATASET_CATEGORY,False,True,SOURCE_TYPED_MAPPING,UNREACHABLE,,True,False,False,False,False,False,False,False,False
food101,20,chicken_wings,food101-category:20,membership,VERIFIED_DATASET_CATEGORY,False,True,SOURCE_TYPED_MAPPING,UNREACHABLE,,True,False,False,False,False,False,False,False,False
food101,21,chocolate_cake,food101-category:21,membership,VERIFIED_DATASET_CATEGORY,False,True,SOURCE_TYPED_MAPPING,UNREACHABLE,,True,False,False,False,False,False,False,False,False
food101,22,chocolate_mousse,food101-category:22,membership,VERIFIED_DATASET_CATEGORY,False,True,SOURCE_TYPED_MAPPING,UNREACHABLE,,True,False,False,False,False,False,False,False,False
food101,23,churros,food101-category:23,membership,VERIFIED_DATASET_CATEGORY,False,True,SOURCE_TYPED_MAPPING,UNREACHABLE,,True,False,False,False,False,False,False,False,False
food101,24,clam_chowder,food101-category:24,membership,VERIFIED_DATASET_CATEGORY,False,True,SOURCE_TYPED_MAPPING,UNREACHABLE,,True,False,False,False,False,False,False,False,False
food101,25,club_sandwich,food101-category:25,membership,VERIFIED_DATASET_CATEGORY,False,True,SOURCE_TYPED_MAPPING,UNREACHABLE,,True,False,False,False,False,False,False,False,False
food101,26,crab_cakes,food101-category:26,membership,VERIFIED_DATASET_CATEGORY,False,True,SOURCE_TYPED_MAPPING,UNREACHABLE,,True,False,False,False,False,False,False,False,False
food101,27,creme_brulee,food101-category:27,membership,VERIFIED_DATASET_CATEGORY,False,True,SOURCE_TYPED_MAPPING,UNREACHABLE,,True,False,False,False,False,False,False,False,False
food101,28,croque_madame,food101-category:28,membership,VERIFIED_DATASET_CATEGORY,False,True,SOURCE_TYPED_MAPPING,UNREACHABLE,,True,False,False,False,False,False,False,False,False
food101,29,cup_cakes,food101-category:29,membership,VERIFIED_DATASET_CATEGORY,False,True,SOURCE_TYPED_MAPPING,UNREACHABLE,,True,False,False,False,False,False,False,False,False
food101,30,deviled_eggs,food101-category:30,membership,VERIFIED_DATASET_CATEGORY,False,True,SOURCE_TYPED_MAPPING,UNREACHABLE,,True,False,False,False,False,False,False,False,False
food101,31,donuts,food101-category:31,membership,VERIFIED_DATASET_CATEGORY,False,True,SOURCE_TYPED_MAPPING,UNREACHABLE,,True,False,False,False,False,False,False,False,False
food101,32,dumplings,food101-category:32,membership,VERIFIED_DATASET_CATEGORY,False,True,SOURCE_TYPED_MAPPING,UNREACHABLE,,True,False,False,False,False,False,False,False,False
food101,33,edamame,food101-category:33,membership,VERIFIED_DATASET_CATEGORY,False,True,SOURCE_TYPED_MAPPING,UNREACHABLE,,True,False,False,False,False,False,False,False,False
food101,34,eggs_benedict,food101-category:34,membership,VERIFIED_DATASET_CATEGORY,False,True,SOURCE_TYPED_MAPPING,UNREACHABLE,,True,False,False,False,False,False,False,False,False
food101,35,escargots,food101-category:35,membership,VERIFIED_DATASET_CATEGORY,False,True,SOURCE_TYPED_MAPPING,UNREACHABLE,,True,False,False,False,False,False,False,False,False
food101,36,falafel,food101-category:36,membership,VERIFIED_DATASET_CATEGORY,False,True,SOURCE_TYPED_MAPPING,UNREACHABLE,,True,False,False,False,False,False,False,False,False
food101,37,filet_mignon,food101-category:37,membership,VERIFIED_DATASET_CATEGORY,False,True,SOURCE_TYPED_MAPPING,UNREACHABLE,,True,False,False,False,False,False,False,False,False
food101,38,fish_and_chips,food101-category:38,membership,VERIFIED_DATASET_CATEGORY,False,True,SOURCE_TYPED_MAPPING,UNREACHABLE,,True,False,False,False,False,False,False,False,False
food101,39,foie_gras,food101-category:39,membership,VERIFIED_DATASET_CATEGORY,False,True,SOURCE_TYPED_MAPPING,UNREACHABLE,,True,False,False,False,False,False,False,False,False
food101,40,french_fries,food101-category:40,membership,VERIFIED_DATASET_CATEGORY,False,True,SOURCE_TYPED_MAPPING,UNREACHABLE,,True,False,False,False,False,False,False,False,False
food101,41,french_onion_soup,food101-category:41,membership,VERIFIED_DATASET_CATEGORY,False,True,SOURCE_TYPED_MAPPING,UNREACHABLE,,True,False,False,False,False,False,False,False,False
food101,42,french_toast,food101-category:42,membership,VERIFIED_DATASET_CATEGORY,False,True,SOURCE_TYPED_MAPPING,UNREACHABLE,,True,False,False,False,False,False,False,False,False
food101,43,fried_calamari,food101-category:43,membership,VERIFIED_DATASET_CATEGORY,False,True,SOURCE_TYPED_MAPPING,UNREACHABLE,,True,False,False,False,False,False,False,False,False
food101,44,fried_rice,food101-category:44,membership,VERIFIED_DATASET_CATEGORY,False,True,SOURCE_TYPED_MAPPING,UNREACHABLE,,True,False,False,False,False,False,False,False,False
food101,45,frozen_yogurt,food101-category:45,membership,VERIFIED_DATASET_CATEGORY,False,True,SOURCE_TYPED_MAPPING,UNREACHABLE,,True,False,False,False,False,False,False,False,False
food101,46,garlic_bread,food101-category:46,membership,VERIFIED_DATASET_CATEGORY,False,True,SOURCE_TYPED_MAPPING,UNREACHABLE,,True,False,False,False,False,False,False,False,False
food101,47,gnocchi,food101-category:47,membership,VERIFIED_DATASET_CATEGORY,False,True,SOURCE_TYPED_MAPPING,UNREACHABLE,,True,False,False,False,False,False,False,False,False
food101,48,greek_salad,food101-category:48,membership,VERIFIED_DATASET_CATEGORY,False,True,SOURCE_TYPED_MAPPING,UNREACHABLE,,True,False,False,False,False,False,False,False,False
food101,49,grilled_cheese_sandwich,food101-category:49,membership,VERIFIED_DATASET_CATEGORY,False,True,SOURCE_TYPED_MAPPING,UNREACHABLE,,True,False,False,False,False,False,False,False,False
food101,50,grilled_salmon,food101-category:50,membership,VERIFIED_DATASET_CATEGORY,False,True,SOURCE_TYPED_MAPPING,UNREACHABLE,,True,False,False,False,False,False,False,False,False
food101,51,guacamole,food101-category:51,membership,VERIFIED_DATASET_CATEGORY,False,True,SOURCE_TYPED_MAPPING,UNREACHABLE,,True,False,False,False,False,False,False,False,False
food101,52,gyoza,food101-category:52,membership,VERIFIED_DATASET_CATEGORY,False,True,SOURCE_TYPED_MAPPING,UNREACHABLE,,True,False,False,False,False,False,False,False,False
food101,53,hamburger,food101-category:53,membership,VERIFIED_DATASET_CATEGORY,False,True,SOURCE_TYPED_MAPPING,UNREACHABLE,,True,False,False,False,False,False,False,False,False
food101,54,hot_and_sour_soup,food101-category:54,membership,VERIFIED_DATASET_CATEGORY,False,True,SOURCE_TYPED_MAPPING,UNREACHABLE,,True,False,False,False,False,False,False,False,False
food101,55,hot_dog,food101-category:55,membership,VERIFIED_DATASET_CATEGORY,False,True,SOURCE_TYPED_MAPPING,UNREACHABLE,,True,False,False,False,False,False,False,False,False
food101,56,huevos_rancheros,food101-category:56,membership,VERIFIED_DATASET_CATEGORY,False,True,SOURCE_TYPED_MAPPING,UNREACHABLE,,True,False,False,False,False,False,False,False,False
food101,57,hummus,food101-category:57,membership,VERIFIED_DATASET_CATEGORY,False,True,SOURCE_TYPED_MAPPING,UNREACHABLE,,True,False,False,False,False,False,False,False,False
food101,58,ice_cream,food101-category:58,membership,VERIFIED_DATASET_CATEGORY,False,True,SOURCE_TYPED_MAPPING,UNREACHABLE,,True,False,False,False,False,False,False,False,False
food101,59,lasagna,food101-category:59,membership,VERIFIED_DATASET_CATEGORY,False,True,SOURCE_TYPED_MAPPING,UNREACHABLE,,True,False,False,False,False,False,False,False,False
food101,60,lobster_bisque,food101-category:60,membership,VERIFIED_DATASET_CATEGORY,False,True,SOURCE_TYPED_MAPPING,UNREACHABLE,,True,False,False,False,False,False,False,False,False
food101,61,lobster_roll_sandwich,food101-category:61,membership,VERIFIED_DATASET_CATEGORY,False,True,SOURCE_TYPED_MAPPING,UNREACHABLE,,True,False,False,False,False,False,False,False,False
food101,62,macaroni_and_cheese,food101-category:62,membership,VERIFIED_DATASET_CATEGORY,False,True,SOURCE_TYPED_MAPPING,UNREACHABLE,,True,False,False,False,False,False,False,False,False
food101,63,macarons,food101-category:63,membership,VERIFIED_DATASET_CATEGORY,False,True,SOURCE_TYPED_MAPPING,UNREACHABLE,,True,False,False,False,False,False,False,False,False
food101,64,miso_soup,food101-category:64,membership,VERIFIED_DATASET_CATEGORY,False,True,SOURCE_TYPED_MAPPING,UNREACHABLE,,True,False,False,False,False,False,False,False,False
food101,65,mussels,food101-category:65,membership,VERIFIED_DATASET_CATEGORY,False,True,SOURCE_TYPED_MAPPING,UNREACHABLE,,True,False,False,False,False,False,False,False,False
food101,66,nachos,food101-category:66,membership,VERIFIED_DATASET_CATEGORY,False,True,SOURCE_TYPED_MAPPING,UNREACHABLE,,True,False,False,False,False,False,False,False,False
food101,67,omelette,food101-category:67,membership,VERIFIED_DATASET_CATEGORY,False,True,SOURCE_TYPED_MAPPING,UNREACHABLE,,True,False,False,False,False,False,False,False,False
food101,68,onion_rings,food101-category:68,membership,VERIFIED_DATASET_CATEGORY,False,True,SOURCE_TYPED_MAPPING,UNREACHABLE,,True,False,False,False,False,False,False,False,False
food101,69,oysters,food101-category:69,membership,VERIFIED_DATASET_CATEGORY,False,True,SOURCE_TYPED_MAPPING,UNREACHABLE,,True,False,False,False,False,False,False,False,False
food101,70,pad_thai,food101-category:70,membership,VERIFIED_DATASET_CATEGORY,False,True,SOURCE_TYPED_MAPPING,UNREACHABLE,,True,False,False,False,False,False,False,False,False
food101,71,paella,food101-category:71,membership,VERIFIED_DATASET_CATEGORY,False,True,SOURCE_TYPED_MAPPING,UNREACHABLE,,True,False,False,False,False,False,False,False,False
food101,72,pancakes,food101-category:72,membership,VERIFIED_DATASET_CATEGORY,False,True,SOURCE_TYPED_MAPPING,UNREACHABLE,,True,False,False,False,False,False,False,False,False
food101,73,panna_cotta,food101-category:73,membership,VERIFIED_DATASET_CATEGORY,False,True,SOURCE_TYPED_MAPPING,UNREACHABLE,,True,False,False,False,False,False,False,False,False
food101,74,peking_duck,food101-category:74,membership,VERIFIED_DATASET_CATEGORY,False,True,SOURCE_TYPED_MAPPING,UNREACHABLE,,True,False,False,False,False,False,False,False,False
food101,75,pho,food101-category:75,membership,VERIFIED_DATASET_CATEGORY,False,True,SOURCE_TYPED_MAPPING,UNREACHABLE,,True,False,False,False,False,False,False,False,False
food101,76,pizza,food101-category:76,membership,VERIFIED_DATASET_CATEGORY,False,True,SOURCE_TYPED_MAPPING,UNREACHABLE,,True,False,False,False,False,False,False,False,False
food101,77,pork_chop,food101-category:77,membership,VERIFIED_DATASET_CATEGORY,False,True,SOURCE_TYPED_MAPPING,UNREACHABLE,,True,False,False,False,False,False,False,False,False
food101,78,poutine,food101-category:78,membership,VERIFIED_DATASET_CATEGORY,False,True,SOURCE_TYPED_MAPPING,UNREACHABLE,,True,False,False,False,False,False,False,False,False
food101,79,prime_rib,food101-category:79,membership,VERIFIED_DATASET_CATEGORY,False,True,SOURCE_TYPED_MAPPING,UNREACHABLE,,True,False,False,False,False,False,False,False,False
food101,80,pulled_pork_sandwich,food101-category:80,membership,VERIFIED_DATASET_CATEGORY,False,True,SOURCE_TYPED_MAPPING,UNREACHABLE,,True,False,False,False,False,False,False,False,False
food101,81,ramen,food101-category:81,membership,VERIFIED_DATASET_CATEGORY,False,True,SOURCE_TYPED_MAPPING,UNREACHABLE,,True,False,False,False,False,False,False,False,False
food101,82,ravioli,food101-category:82,membership,VERIFIED_DATASET_CATEGORY,False,True,SOURCE_TYPED_MAPPING,UNREACHABLE,,True,False,False,False,False,False,False,False,False
food101,83,red_velvet_cake,food101-category:83,membership,VERIFIED_DATASET_CATEGORY,False,True,SOURCE_TYPED_MAPPING,UNREACHABLE,,True,False,False,False,False,False,False,False,False
food101,84,risotto,food101-category:84,membership,VERIFIED_DATASET_CATEGORY,False,True,SOURCE_TYPED_MAPPING,UNREACHABLE,,True,False,False,False,False,False,False,False,False
food101,85,samosa,food101-category:85,membership,VERIFIED_DATASET_CATEGORY,False,True,SOURCE_TYPED_MAPPING,UNREACHABLE,,True,False,False,False,False,False,False,False,False
food101,86,sashimi,food101-category:86,membership,VERIFIED_DATASET_CATEGORY,False,True,SOURCE_TYPED_MAPPING,UNREACHABLE,,True,False,False,False,False,False,False,False,False
food101,87,scallops,food101-category:87,membership,VERIFIED_DATASET_CATEGORY,False,True,SOURCE_TYPED_MAPPING,UNREACHABLE,,True,False,False,False,False,False,False,False,False
food101,88,seaweed_salad,food101-category:88,membership,VERIFIED_DATASET_CATEGORY,False,True,SOURCE_TYPED_MAPPING,UNREACHABLE,,True,False,False,False,False,False,False,False,False
food101,89,shrimp_and_grits,food101-category:89,membership,VERIFIED_DATASET_CATEGORY,False,True,SOURCE_TYPED_MAPPING,UNREACHABLE,,True,False,False,False,False,False,False,False,False
food101,90,spaghetti_bolognese,food101-category:90,membership,VERIFIED_DATASET_CATEGORY,False,True,SOURCE_TYPED_MAPPING,UNREACHABLE,,True,False,False,False,False,False,False,False,False
food101,91,spaghetti_carbonara,food101-category:91,membership,VERIFIED_DATASET_CATEGORY,False,True,SOURCE_TYPED_MAPPING,UNREACHABLE,,True,False,False,False,False,False,False,False,False
food101,92,spring_rolls,food101-category:92,membership,VERIFIED_DATASET_CATEGORY,False,True,SOURCE_TYPED_MAPPING,UNREACHABLE,,True,False,False,False,False,False,False,False,False
food101,93,steak,food101-category:93,membership,VERIFIED_DATASET_CATEGORY,False,True,SOURCE_TYPED_MAPPING,UNREACHABLE,,True,False,False,False,False,False,False,False,False
food101,94,strawberry_shortcake,food101-category:94,membership,VERIFIED_DATASET_CATEGORY,False,True,SOURCE_TYPED_MAPPING,UNREACHABLE,,True,False,False,False,False,False,False,False,False
food101,95,sushi,food101-category:95,membership,VERIFIED_DATASET_CATEGORY,False,True,SOURCE_TYPED_MAPPING,UNREACHABLE,,True,False,False,False,False,False,False,False,False
food101,96,tacos,food101-category:96,membership,VERIFIED_DATASET_CATEGORY,False,True,SOURCE_TYPED_MAPPING,UNREACHABLE,,True,False,False,False,False,False,False,False,False
food101,97,takoyaki,food101-category:97,membership,VERIFIED_DATASET_CATEGORY,False,True,SOURCE_TYPED_MAPPING,UNREACHABLE,,True,False,False,False,False,False,False,False,False
food101,98,tiramisu,food101-category:98,membership,VERIFIED_DATASET_CATEGORY,False,True,SOURCE_TYPED_MAPPING,UNREACHABLE,,True,False,False,False,False,False,False,False,False
food101,99,tuna_tartare,food101-category:99,membership,VERIFIED_DATASET_CATEGORY,False,True,SOURCE_TYPED_MAPPING,UNREACHABLE,,True,False,False,False,False,False,False,False,False
food101,100,waffles,food101-category:100,membership,VERIFIED_DATASET_CATEGORY,False,True,SOURCE_TYPED_MAPPING,UNREACHABLE,,True,False,False,False,False,False,False,False,False
pets37,1,Abyssinian,wikidata-v4:Q7955,membership,VERIFIED,True,True,EXACT_IDENTITY,UNREACHABLE,,True,True,False,False,False,False,False,False,False
pets37,2,american bulldog,wikidata-v4:Q37604,membership,VERIFIED,True,True,EXACT_IDENTITY,UNREACHABLE,,True,True,False,False,False,False,False,False,False
pets37,3,american pit bull terrier,wikidata-v4:Q37612,membership,VERIFIED,True,True,EXACT_IDENTITY,UNREACHABLE,,True,True,False,False,False,False,False,False,False
pets37,4,basset hound,wordnet31:02090890-n,membership,VERIFIED,True,True,EXACT_IDENTITY,UNREACHABLE,,True,True,False,False,False,False,False,False,False
pets37,5,beagle,wikidata-v4:Q21102,membership,VERIFIED,True,True,EXACT_IDENTITY,UNREACHABLE,,True,True,False,False,False,False,False,False,False
pets37,6,Bengal,wikidata:Q42583,membership,VERIFIED,True,True,EXACT_IDENTITY,UNREACHABLE,,True,True,False,False,False,False,False,False,False
pets37,7,Birman,wikidata-v4:Q42563,membership,VERIFIED,True,True,EXACT_IDENTITY,UNREACHABLE,,True,True,False,False,False,False,False,False,False
pets37,8,Bombay,wikidata-v4:Q42566,membership,VERIFIED,True,True,EXACT_IDENTITY,UNREACHABLE,,True,True,False,False,False,False,False,False,False
pets37,9,boxer,wikidata-v4:Q38496,membership,VERIFIED,True,True,EXACT_IDENTITY,UNREACHABLE,,True,True,False,False,False,False,False,False,False
pets37,10,British Shorthair,wikidata-v4:Q29273,membership,VERIFIED,True,True,EXACT_IDENTITY,UNREACHABLE,,True,True,False,False,False,False,False,False,False
pets37,11,chihuahua,wikidata-v4:Q653,membership,VERIFIED,True,True,EXACT_IDENTITY,UNREACHABLE,,True,True,False,False,False,False,False,False,False
pets37,12,Egyptian Mau,wikidata-v4:Q7295,membership,VERIFIED,True,True,EXACT_IDENTITY,UNREACHABLE,,True,True,False,False,False,False,False,False,False
pets37,13,english cocker spaniel,wikidata-v4:Q38533,membership,VERIFIED,True,True,EXACT_IDENTITY,UNREACHABLE,,True,True,False,False,False,False,False,False,False
pets37,14,english setter,wikidata-v4:Q38309,membership,VERIFIED,True,True,EXACT_IDENTITY,UNREACHABLE,,True,True,False,False,False,False,False,False,False
pets37,15,german shorthaired,wikidata-v4:Q38084,membership,VERIFIED,True,True,EXACT_IDENTITY,UNREACHABLE,,True,True,False,False,False,False,False,False,False
pets37,16,great pyrenees,wordnet31:02114152-n,membership,VERIFIED,True,True,EXACT_IDENTITY,UNREACHABLE,,True,True,False,False,False,False,False,False,False
pets37,17,havanese,wikidata-v4:Q38449,membership,VERIFIED,True,True,EXACT_IDENTITY,UNREACHABLE,,True,True,False,False,False,False,False,False,False
pets37,18,japanese chin,wikidata-v4:Q38146,membership,VERIFIED,True,True,EXACT_IDENTITY,UNREACHABLE,,True,True,False,False,False,False,False,False,False
pets37,19,keeshond,wikidata-v4:Q38843,membership,VERIFIED,True,True,EXACT_IDENTITY,UNREACHABLE,,True,True,False,False,False,False,False,False,False
pets37,20,leonberger,wikidata-v4:Q38487,membership,VERIFIED,True,True,EXACT_IDENTITY,UNREACHABLE,,True,True,False,False,False,False,False,False,False
pets37,21,Maine Coon,wikidata-v4:Q42659,membership,VERIFIED,True,True,EXACT_IDENTITY,UNREACHABLE,,True,True,False,False,False,False,False,False,False
pets37,22,miniature pinscher,wikidata-v4:Q38990,membership,VERIFIED,True,True,EXACT_IDENTITY,UNREACHABLE,,True,True,False,False,False,False,False,False,False
pets37,23,newfoundland,wordnet31:02113929-n,membership,VERIFIED,True,True,EXACT_IDENTITY,UNREACHABLE,,True,True,False,False,False,False,False,False,False
pets37,24,Persian,wikidata-v4:Q42610,membership,VERIFIED,True,True,EXACT_IDENTITY,UNREACHABLE,,True,True,False,False,False,False,False,False,False
pets37,25,pomeranian,wordnet31:02114670-n,membership,VERIFIED,True,True,EXACT_IDENTITY,UNREACHABLE,,True,True,False,False,False,False,False,False,False
pets37,26,pug,wikidata-v4:Q38698,membership,VERIFIED,True,True,EXACT_IDENTITY,UNREACHABLE,,True,True,False,False,False,False,False,False,False
pets37,27,Ragdoll,wikidata-v4:Q42688,membership,VERIFIED,True,True,EXACT_IDENTITY,UNREACHABLE,,True,True,False,False,False,False,False,False,False
pets37,28,Russian Blue,wikidata-v4:Q42654,membership,VERIFIED,True,True,EXACT_IDENTITY,UNREACHABLE,,True,True,False,False,False,False,False,False,False
pets37,29,saint bernard,wikidata:Q38090,membership,VERIFIED,True,True,EXACT_IDENTITY,UNREACHABLE,,True,True,False,False,False,False,False,False,False
pets37,30,samoyed,wikidata-v4:Q39002,membership,VERIFIED,True,True,EXACT_IDENTITY,UNREACHABLE,,True,True,False,False,False,False,False,False,False
pets37,31,scottish terrier,wikidata-v4:Q39035,membership,VERIFIED,True,True,EXACT_IDENTITY,UNREACHABLE,,True,True,False,False,False,False,False,False,False
pets37,32,shiba inu,wikidata-v4:Q39315,membership,VERIFIED,True,True,EXACT_IDENTITY,UNREACHABLE,,True,True,False,False,False,False,False,False,False
pets37,33,Siamese,wikidata-v4:Q42604,membership,VERIFIED,True,True,EXACT_IDENTITY,UNREACHABLE,,True,True,False,False,False,False,False,False,False
pets37,34,Sphynx,wikidata-v4:Q42712,membership,VERIFIED,True,True,EXACT_IDENTITY,UNREACHABLE,,True,True,False,False,False,False,False,False,False
pets37,35,staffordshire bull terrier,wordnet31:02095908-n,membership,VERIFIED,True,True,EXACT_IDENTITY,UNREACHABLE,,True,True,False,False,False,False,False,False,False
pets37,36,wheaten terrier,wikidata-v4:Q38047,membership,VERIFIED,True,True,EXACT_IDENTITY,UNREACHABLE,,True,True,False,False,False,False,False,False,False
pets37,37,yorkshire terrier,wikidata-v4:Q39330,membership,VERIFIED,True,True,EXACT_IDENTITY,UNREACHABLE,,True,True,False,False,False,False,False,False,False
places365,0,airfield,places365-category:0,membership,VERIFIED_DEPICTED_TYPE,False,True,SOURCE_TYPED_MAPPING,UNREACHABLE,,True,False,False,False,False,False,False,False,False
places365,1,airplane_cabin,places365-category:1,membership,NATIVE_LABEL_ONLY,False,False,NATIVE_LABEL_ONLY,NOT_ADMITTED,,True,False,False,False,False,False,False,False,False
places365,2,airport_terminal,places365-category:2,membership,VERIFIED_DEPICTED_TYPE,False,True,SOURCE_TYPED_MAPPING,UNREACHABLE,,True,False,False,False,False,False,False,False,False
places365,3,alcove,places365-category:3,membership,VERIFIED_DEPICTED_TYPE,False,True,SOURCE_TYPED_MAPPING,UNREACHABLE,,True,False,False,False,False,False,False,False,False
places365,4,alley,places365-category:4,membership,NATIVE_LABEL_ONLY,False,False,NATIVE_LABEL_ONLY,NOT_ADMITTED,,True,False,False,False,False,False,False,False,False
places365,5,amphitheater,places365-category:5,membership,NATIVE_LABEL_ONLY,False,False,NATIVE_LABEL_ONLY,NOT_ADMITTED,,True,False,False,False,False,False,False,False,False
places365,6,amusement_arcade,places365-category:6,membership,VERIFIED_DEPICTED_TYPE,False,True,SOURCE_TYPED_MAPPING,UNREACHABLE,,True,False,False,False,False,False,False,False,False
places365,7,amusement_park,places365-category:7,membership,VERIFIED_DEPICTED_TYPE,False,True,SOURCE_TYPED_MAPPING,UNREACHABLE,,True,False,False,False,False,False,False,False,False
places365,8,apartment_building/outdoor,places365-category:8,membership,VERIFIED_DEPICTED_TYPE,False,True,SOURCE_TYPED_MAPPING,UNREACHABLE,,True,False,False,False,False,False,False,False,False
places365,9,aquarium,places365-category:9,membership,VERIFIED_DEPICTED_TYPE,False,True,SOURCE_TYPED_MAPPING,UNREACHABLE,,True,False,False,False,False,False,False,False,False
places365,10,aqueduct,places365-category:10,membership,VERIFIED_DEPICTED_TYPE,False,True,SOURCE_TYPED_MAPPING,UNREACHABLE,,True,False,False,False,False,False,False,False,False
places365,11,arcade,places365-category:11,membership,NATIVE_LABEL_ONLY,False,False,NATIVE_LABEL_ONLY,NOT_ADMITTED,,True,False,False,False,False,False,False,False,False
places365,12,arch,places365-category:12,membership,NATIVE_LABEL_ONLY,False,False,NATIVE_LABEL_ONLY,NOT_ADMITTED,,True,False,False,False,False,False,False,False,False
places365,13,archaelogical_excavation,places365-category:13,membership,NATIVE_LABEL_ONLY,False,False,NATIVE_LABEL_ONLY,NOT_ADMITTED,,True,False,False,False,False,False,False,False,False
places365,14,archive,places365-category:14,membership,VERIFIED_DEPICTED_TYPE,False,True,SOURCE_TYPED_MAPPING,UNREACHABLE,,True,False,False,False,False,False,False,False,False
places365,15,arena/hockey,places365-category:15,membership,NATIVE_LABEL_ONLY,False,False,NATIVE_LABEL_ONLY,NOT_ADMITTED,,True,False,False,False,False,False,False,False,False
places365,16,arena/performance,places365-category:16,membership,NATIVE_LABEL_ONLY,False,False,NATIVE_LABEL_ONLY,NOT_ADMITTED,,True,False,False,False,False,False,False,False,False
places365,17,arena/rodeo,places365-category:17,membership,NATIVE_LABEL_ONLY,False,False,NATIVE_LABEL_ONLY,NOT_ADMITTED,,True,False,False,False,False,False,False,False,False
places365,18,army_base,places365-category:18,membership,VERIFIED_DEPICTED_TYPE,False,True,SOURCE_TYPED_MAPPING,UNREACHABLE,,True,False,False,False,False,False,False,False,False
places365,19,art_gallery,places365-category:19,membership,VERIFIED_DEPICTED_TYPE,False,True,SOURCE_TYPED_MAPPING,UNREACHABLE,,True,False,False,False,False,False,False,False,False
places365,20,art_school,places365-category:20,membership,VERIFIED_DEPICTED_TYPE,False,True,SOURCE_TYPED_MAPPING,UNREACHABLE,,True,False,False,False,False,False,False,False,False
places365,21,art_studio,places365-category:21,membership,NATIVE_LABEL_ONLY,False,False,NATIVE_LABEL_ONLY,NOT_ADMITTED,,True,False,False,False,False,False,False,False,False
places365,22,artists_loft,places365-category:22,membership,NATIVE_LABEL_ONLY,False,False,NATIVE_LABEL_ONLY,NOT_ADMITTED,,True,False,False,False,False,False,False,False,False
places365,23,assembly_line,places365-category:23,membership,VERIFIED_DEPICTED_TYPE,False,True,SOURCE_TYPED_MAPPING,UNREACHABLE,,True,False,False,False,False,False,False,False,False
places365,24,athletic_field/outdoor,places365-category:24,membership,VERIFIED_DEPICTED_TYPE,False,True,SOURCE_TYPED_MAPPING,UNREACHABLE,,True,False,False,False,False,False,False,False,False
places365,25,atrium/public,places365-category:25,membership,NATIVE_LABEL_ONLY,False,False,NATIVE_LABEL_ONLY,NOT_ADMITTED,,True,False,False,False,False,False,False,False,False
places365,26,attic,places365-category:26,membership,NATIVE_LABEL_ONLY,False,False,NATIVE_LABEL_ONLY,NOT_ADMITTED,,True,False,False,False,False,False,False,False,False
places365,27,auditorium,places365-category:27,membership,VERIFIED_DEPICTED_TYPE,False,True,SOURCE_TYPED_MAPPING,UNREACHABLE,,True,False,False,False,False,False,False,False,False
places365,28,auto_factory,places365-category:28,membership,VERIFIED_DEPICTED_TYPE,False,True,SOURCE_TYPED_MAPPING,UNREACHABLE,,True,False,False,False,False,False,False,False,False
places365,29,auto_showroom,places365-category:29,membership,NATIVE_LABEL_ONLY,False,False,NATIVE_LABEL_ONLY,NOT_ADMITTED,,True,False,False,False,False,False,False,False,False
places365,30,badlands,places365-category:30,membership,VERIFIED_DEPICTED_TYPE,False,True,SOURCE_TYPED_MAPPING,UNREACHABLE,,True,False,False,False,False,False,False,False,False
places365,31,bakery/shop,places365-category:31,membership,VERIFIED_DEPICTED_TYPE,False,True,SOURCE_TYPED_MAPPING,UNREACHABLE,,True,False,False,False,False,False,False,False,False
places365,32,balcony/exterior,places365-category:32,membership,NATIVE_LABEL_ONLY,False,False,NATIVE_LABEL_ONLY,NOT_ADMITTED,,True,False,False,False,False,False,False,False,False
places365,33,balcony/interior,places365-category:33,membership,NATIVE_LABEL_ONLY,False,False,NATIVE_LABEL_ONLY,NOT_ADMITTED,,True,False,False,False,False,False,False,False,False
places365,34,ball_pit,places365-category:34,membership,NATIVE_LABEL_ONLY,False,False,NATIVE_LABEL_ONLY,NOT_ADMITTED,,True,False,False,False,False,False,False,False,False
places365,35,ballroom,places365-category:35,membership,VERIFIED_DEPICTED_TYPE,False,True,SOURCE_TYPED_MAPPING,UNREACHABLE,,True,False,False,False,False,False,False,False,False
places365,36,bamboo_forest,places365-category:36,membership,NATIVE_LABEL_ONLY,False,False,NATIVE_LABEL_ONLY,NOT_ADMITTED,,True,False,False,False,False,False,False,False,False
places365,37,bank_vault,places365-category:37,membership,VERIFIED_DEPICTED_TYPE,False,True,SOURCE_TYPED_MAPPING,UNREACHABLE,,True,False,False,False,False,False,False,False,False
places365,38,banquet_hall,places365-category:38,membership,NATIVE_LABEL_ONLY,False,False,NATIVE_LABEL_ONLY,NOT_ADMITTED,,True,False,False,False,False,False,False,False,False
places365,39,bar,places365-category:39,membership,NATIVE_LABEL_ONLY,False,False,NATIVE_LABEL_ONLY,NOT_ADMITTED,,True,False,False,False,False,False,False,False,False
places365,40,barn,places365-category:40,membership,VERIFIED_DEPICTED_TYPE,False,True,SOURCE_TYPED_MAPPING,UNREACHABLE,,True,False,False,False,False,False,False,False,False
places365,41,barndoor,places365-category:41,membership,VERIFIED_DEPICTED_TYPE,False,True,SOURCE_TYPED_MAPPING,UNREACHABLE,,True,False,False,False,False,False,False,False,False
places365,42,baseball_field,places365-category:42,membership,VERIFIED_DEPICTED_TYPE,False,True,SOURCE_TYPED_MAPPING,UNREACHABLE,,True,False,False,False,False,False,False,False,False
places365,43,basement,places365-category:43,membership,NATIVE_LABEL_ONLY,False,False,NATIVE_LABEL_ONLY,NOT_ADMITTED,,True,False,False,False,False,False,False,False,False
places365,44,basketball_court/indoor,places365-category:44,membership,VERIFIED_DEPICTED_TYPE,False,True,SOURCE_TYPED_MAPPING,UNREACHABLE,,True,False,False,False,False,False,False,False,False
places365,45,bathroom,places365-category:45,membership,NATIVE_LABEL_ONLY,False,False,NATIVE_LABEL_ONLY,NOT_ADMITTED,,True,False,False,False,False,False,False,False,False
places365,46,bazaar/indoor,places365-category:46,membership,NATIVE_LABEL_ONLY,False,False,NATIVE_LABEL_ONLY,NOT_ADMITTED,,True,False,False,False,False,False,False,False,False
places365,47,bazaar/outdoor,places365-category:47,membership,NATIVE_LABEL_ONLY,False,False,NATIVE_LABEL_ONLY,NOT_ADMITTED,,True,False,False,False,False,False,False,False,False
places365,48,beach,places365-category:48,membership,VERIFIED_DEPICTED_TYPE,False,True,SOURCE_TYPED_MAPPING,UNREACHABLE,,True,False,False,False,False,False,False,False,False
places365,49,beach_house,places365-category:49,membership,VERIFIED_DEPICTED_TYPE,False,True,SOURCE_TYPED_MAPPING,UNREACHABLE,,True,False,False,False,False,False,False,False,False
places365,50,beauty_salon,places365-category:50,membership,VERIFIED_DEPICTED_TYPE,False,True,SOURCE_TYPED_MAPPING,UNREACHABLE,,True,False,False,False,False,False,False,False,False
places365,51,bedchamber,places365-category:51,membership,VERIFIED_DEPICTED_TYPE,False,True,SOURCE_TYPED_MAPPING,UNREACHABLE,,True,False,False,False,False,False,False,False,False
places365,52,bedroom,places365-category:52,membership,VERIFIED_DEPICTED_TYPE,False,True,SOURCE_TYPED_MAPPING,UNREACHABLE,,True,False,False,False,False,False,False,False,False
places365,53,beer_garden,places365-category:53,membership,VERIFIED_DEPICTED_TYPE,False,True,SOURCE_TYPED_MAPPING,UNREACHABLE,,True,False,False,False,False,False,False,False,False
places365,54,beer_hall,places365-category:54,membership,VERIFIED_DEPICTED_TYPE,False,True,SOURCE_TYPED_MAPPING,UNREACHABLE,,True,False,False,False,False,False,False,False,False
places365,55,berth,places365-category:55,membership,NATIVE_LABEL_ONLY,False,False,NATIVE_LABEL_ONLY,NOT_ADMITTED,,True,False,False,False,False,False,False,False,False
places365,56,biology_laboratory,places365-category:56,membership,VERIFIED_DEPICTED_TYPE,False,True,SOURCE_TYPED_MAPPING,UNREACHABLE,,True,False,False,False,False,False,False,False,False
places365,57,boardwalk,places365-category:57,membership,VERIFIED_DEPICTED_TYPE,False,True,SOURCE_TYPED_MAPPING,UNREACHABLE,,True,False,False,False,False,False,False,False,False
places365,58,boat_deck,places365-category:58,membership,VERIFIED_DEPICTED_TYPE,False,True,SOURCE_TYPED_MAPPING,UNREACHABLE,,True,False,False,False,False,False,False,False,False
places365,59,boathouse,places365-category:59,membership,VERIFIED_DEPICTED_TYPE,False,True,SOURCE_TYPED_MAPPING,UNREACHABLE,,True,False,False,False,False,False,False,False,False
places365,60,bookstore,places365-category:60,membership,VERIFIED_DEPICTED_TYPE,False,True,SOURCE_TYPED_MAPPING,UNREACHABLE,,True,False,False,False,False,False,False,False,False
places365,61,booth/indoor,places365-category:61,membership,NATIVE_LABEL_ONLY,False,False,NATIVE_LABEL_ONLY,NOT_ADMITTED,,True,False,False,False,False,False,False,False,False
places365,62,botanical_garden,places365-category:62,membership,VERIFIED_DEPICTED_TYPE,False,True,SOURCE_TYPED_MAPPING,UNREACHABLE,,True,False,False,False,False,False,False,False,False
places365,63,bow_window/indoor,places365-category:63,membership,VERIFIED_DEPICTED_TYPE,False,True,SOURCE_TYPED_MAPPING,UNREACHABLE,,True,False,False,False,False,False,False,False,False
places365,64,bowling_alley,places365-category:64,membership,NATIVE_LABEL_ONLY,False,False,NATIVE_LABEL_ONLY,NOT_ADMITTED,,True,False,False,False,False,False,False,False,False
places365,65,boxing_ring,places365-category:65,membership,VERIFIED_DEPICTED_TYPE,False,True,SOURCE_TYPED_MAPPING,UNREACHABLE,,True,False,False,False,False,False,False,False,False
places365,66,bridge,places365-category:66,membership,NATIVE_LABEL_ONLY,False,False,NATIVE_LABEL_ONLY,NOT_ADMITTED,,True,False,False,False,False,False,False,False,False
places365,67,building_facade,places365-category:67,membership,NATIVE_LABEL_ONLY,False,False,NATIVE_LABEL_ONLY,NOT_ADMITTED,,True,False,False,False,False,False,False,False,False
places365,68,bullring,places365-category:68,membership,VERIFIED_DEPICTED_TYPE,False,True,SOURCE_TYPED_MAPPING,UNREACHABLE,,True,False,False,False,False,False,False,False,False
places365,69,burial_chamber,places365-category:69,membership,VERIFIED_DEPICTED_TYPE,False,True,SOURCE_TYPED_MAPPING,UNREACHABLE,,True,False,False,False,False,False,False,False,False
places365,70,bus_interior,places365-category:70,membership,NATIVE_LABEL_ONLY,False,False,NATIVE_LABEL_ONLY,NOT_ADMITTED,,True,False,False,False,False,False,False,False,False
places365,71,bus_station/indoor,places365-category:71,membership,VERIFIED_DEPICTED_TYPE,False,True,SOURCE_TYPED_MAPPING,UNREACHABLE,,True,False,False,False,False,False,False,False,False
places365,72,butchers_shop,places365-category:72,membership,NATIVE_LABEL_ONLY,False,False,NATIVE_LABEL_ONLY,NOT_ADMITTED,,True,False,False,False,False,False,False,False,False
places365,73,butte,places365-category:73,membership,VERIFIED_DEPICTED_TYPE,False,True,SOURCE_TYPED_MAPPING,UNREACHABLE,,True,False,False,False,False,False,False,False,False
places365,74,cabin/outdoor,places365-category:74,membership,NATIVE_LABEL_ONLY,False,False,NATIVE_LABEL_ONLY,NOT_ADMITTED,,True,False,False,False,False,False,False,False,False
places365,75,cafeteria,places365-category:75,membership,VERIFIED_DEPICTED_TYPE,False,True,SOURCE_TYPED_MAPPING,UNREACHABLE,,True,False,False,False,False,False,False,False,False
places365,76,campsite,places365-category:76,membership,VERIFIED_DEPICTED_TYPE,False,True,SOURCE_TYPED_MAPPING,UNREACHABLE,,True,False,False,False,False,False,False,False,False
places365,77,campus,places365-category:77,membership,VERIFIED_DEPICTED_TYPE,False,True,SOURCE_TYPED_MAPPING,UNREACHABLE,,True,False,False,False,False,False,False,False,False
places365,78,canal/natural,places365-category:78,membership,NATIVE_LABEL_ONLY,False,False,NATIVE_LABEL_ONLY,NOT_ADMITTED,,True,False,False,False,False,False,False,False,False
places365,79,canal/urban,places365-category:79,membership,NATIVE_LABEL_ONLY,False,False,NATIVE_LABEL_ONLY,NOT_ADMITTED,,True,False,False,False,False,False,False,False,False
places365,80,candy_store,places365-category:80,membership,VERIFIED_DEPICTED_TYPE,False,True,SOURCE_TYPED_MAPPING,UNREACHABLE,,True,False,False,False,False,False,False,False,False
places365,81,canyon,places365-category:81,membership,VERIFIED_DEPICTED_TYPE,False,True,SOURCE_TYPED_MAPPING,UNREACHABLE,,True,False,False,False,False,False,False,False,False
places365,82,car_interior,places365-category:82,membership,NATIVE_LABEL_ONLY,False,False,NATIVE_LABEL_ONLY,NOT_ADMITTED,,True,False,False,False,False,False,False,False,False
places365,83,carrousel,places365-category:83,membership,VERIFIED_DEPICTED_TYPE,False,True,SOURCE_TYPED_MAPPING,UNREACHABLE,,True,False,False,False,False,False,False,False,False
places365,84,castle,places365-category:84,membership,NATIVE_LABEL_ONLY,False,False,NATIVE_LABEL_ONLY,NOT_ADMITTED,,True,False,False,False,False,False,False,False,False
places365,85,catacomb,places365-category:85,membership,VERIFIED_DEPICTED_TYPE,False,True,SOURCE_TYPED_MAPPING,UNREACHABLE,,True,False,False,False,False,False,False,False,False
places365,86,cemetery,places365-category:86,membership,VERIFIED_DEPICTED_TYPE,False,True,SOURCE_TYPED_MAPPING,UNREACHABLE,,True,False,False,False,False,False,False,False,False
places365,87,chalet,places365-category:87,membership,VERIFIED_DEPICTED_TYPE,False,True,SOURCE_TYPED_MAPPING,UNREACHABLE,,True,False,False,False,False,False,False,False,False
places365,88,chemistry_lab,places365-category:88,membership,VERIFIED_DEPICTED_TYPE,False,True,SOURCE_TYPED_MAPPING,UNREACHABLE,,True,False,False,False,False,False,False,False,False
places365,89,childs_room,places365-category:89,membership,NATIVE_LABEL_ONLY,False,False,NATIVE_LABEL_ONLY,NOT_ADMITTED,,True,False,False,False,False,False,False,False,False
places365,90,church/indoor,places365-category:90,membership,VERIFIED_DEPICTED_TYPE,False,True,SOURCE_TYPED_MAPPING,UNREACHABLE,,True,False,False,False,False,False,False,False,False
places365,91,church/outdoor,places365-category:91,membership,VERIFIED_DEPICTED_TYPE,False,True,SOURCE_TYPED_MAPPING,UNREACHABLE,,True,False,False,False,False,False,False,False,False
places365,92,classroom,places365-category:92,membership,VERIFIED_DEPICTED_TYPE,False,True,SOURCE_TYPED_MAPPING,UNREACHABLE,,True,False,False,False,False,False,False,False,False
places365,93,clean_room,places365-category:93,membership,VERIFIED_DEPICTED_TYPE,False,True,SOURCE_TYPED_MAPPING,UNREACHABLE,,True,False,False,False,False,False,False,False,False
places365,94,cliff,places365-category:94,membership,VERIFIED_DEPICTED_TYPE,False,True,SOURCE_TYPED_MAPPING,UNREACHABLE,,True,False,False,False,False,False,False,False,False
places365,95,closet,places365-category:95,membership,NATIVE_LABEL_ONLY,False,False,NATIVE_LABEL_ONLY,NOT_ADMITTED,,True,False,False,False,False,False,False,False,False
places365,96,clothing_store,places365-category:96,membership,VERIFIED_DEPICTED_TYPE,False,True,SOURCE_TYPED_MAPPING,UNREACHABLE,,True,False,False,False,False,False,False,False,False
places365,97,coast,places365-category:97,membership,NATIVE_LABEL_ONLY,False,False,NATIVE_LABEL_ONLY,NOT_ADMITTED,,True,False,False,False,False,False,False,False,False
places365,98,cockpit,places365-category:98,membership,NATIVE_LABEL_ONLY,False,False,NATIVE_LABEL_ONLY,NOT_ADMITTED,,True,False,False,False,False,False,False,False,False
places365,99,coffee_shop,places365-category:99,membership,VERIFIED_DEPICTED_TYPE,False,True,SOURCE_TYPED_MAPPING,UNREACHABLE,,True,False,False,False,False,False,False,False,False
places365,100,computer_room,places365-category:100,membership,NATIVE_LABEL_ONLY,False,False,NATIVE_LABEL_ONLY,NOT_ADMITTED,,True,False,False,False,False,False,False,False,False
places365,101,conference_center,places365-category:101,membership,VERIFIED_DEPICTED_TYPE,False,True,SOURCE_TYPED_MAPPING,UNREACHABLE,,True,False,False,False,False,False,False,False,False
places365,102,conference_room,places365-category:102,membership,VERIFIED_DEPICTED_TYPE,False,True,SOURCE_TYPED_MAPPING,UNREACHABLE,,True,False,False,False,False,False,False,False,False
places365,103,construction_site,places365-category:103,membership,NATIVE_LABEL_ONLY,False,False,NATIVE_LABEL_ONLY,NOT_ADMITTED,,True,False,False,False,False,False,False,False,False
places365,104,corn_field,places365-category:104,membership,VERIFIED_DEPICTED_TYPE,False,True,SOURCE_TYPED_MAPPING,UNREACHABLE,,True,False,False,False,False,False,False,False,False
places365,105,corral,places365-category:105,membership,VERIFIED_DEPICTED_TYPE,False,True,SOURCE_TYPED_MAPPING,UNREACHABLE,,True,False,False,False,False,False,False,False,False
places365,106,corridor,places365-category:106,membership,VERIFIED_DEPICTED_TYPE,False,True,SOURCE_TYPED_MAPPING,UNREACHABLE,,True,False,False,False,False,False,False,False,False
places365,107,cottage,places365-category:107,membership,VERIFIED_DEPICTED_TYPE,False,True,SOURCE_TYPED_MAPPING,UNREACHABLE,,True,False,False,False,False,False,False,False,False
places365,108,courthouse,places365-category:108,membership,NATIVE_LABEL_ONLY,False,False,NATIVE_LABEL_ONLY,NOT_ADMITTED,,True,False,False,False,False,False,False,False,False
places365,109,courtyard,places365-category:109,membership,VERIFIED_DEPICTED_TYPE,False,True,SOURCE_TYPED_MAPPING,UNREACHABLE,,True,False,False,False,False,False,False,False,False
places365,110,creek,places365-category:110,membership,NATIVE_LABEL_ONLY,False,False,NATIVE_LABEL_ONLY,NOT_ADMITTED,,True,False,False,False,False,False,False,False,False
places365,111,crevasse,places365-category:111,membership,VERIFIED_DEPICTED_TYPE,False,True,SOURCE_TYPED_MAPPING,UNREACHABLE,,True,False,False,False,False,False,False,False,False
places365,112,crosswalk,places365-category:112,membership,VERIFIED_DEPICTED_TYPE,False,True,SOURCE_TYPED_MAPPING,UNREACHABLE,,True,False,False,False,False,False,False,False,False
places365,113,dam,places365-category:113,membership,NATIVE_LABEL_ONLY,False,False,NATIVE_LABEL_ONLY,NOT_ADMITTED,,True,False,False,False,False,False,False,False,False
places365,114,delicatessen,places365-category:114,membership,NATIVE_LABEL_ONLY,False,False,NATIVE_LABEL_ONLY,NOT_ADMITTED,,True,False,False,False,False,False,False,False,False
places365,115,department_store,places365-category:115,membership,VERIFIED_DEPICTED_TYPE,False,True,SOURCE_TYPED_MAPPING,UNREACHABLE,,True,False,False,False,False,False,False,False,False
places365,116,desert/sand,places365-category:116,membership,VERIFIED_DEPICTED_TYPE,False,True,SOURCE_TYPED_MAPPING,UNREACHABLE,,True,False,False,False,False,False,False,False,False
places365,117,desert/vegetation,places365-category:117,membership,VERIFIED_DEPICTED_TYPE,False,True,SOURCE_TYPED_MAPPING,UNREACHABLE,,True,False,False,False,False,False,False,False,False
places365,118,desert_road,places365-category:118,membership,NATIVE_LABEL_ONLY,False,False,NATIVE_LABEL_ONLY,NOT_ADMITTED,,True,False,False,False,False,False,False,False,False
places365,119,diner/outdoor,places365-category:119,membership,NATIVE_LABEL_ONLY,False,False,NATIVE_LABEL_ONLY,NOT_ADMITTED,,True,False,False,False,False,False,False,False,False
places365,120,dining_hall,places365-category:120,membership,VERIFIED_DEPICTED_TYPE,False,True,SOURCE_TYPED_MAPPING,UNREACHABLE,,True,False,False,False,False,False,False,False,False
places365,121,dining_room,places365-category:121,membership,VERIFIED_DEPICTED_TYPE,False,True,SOURCE_TYPED_MAPPING,UNREACHABLE,,True,False,False,False,False,False,False,False,False
places365,122,discotheque,places365-category:122,membership,VERIFIED_DEPICTED_TYPE,False,True,SOURCE_TYPED_MAPPING,UNREACHABLE,,True,False,False,False,False,False,False,False,False
places365,123,doorway/outdoor,places365-category:123,membership,VERIFIED_DEPICTED_TYPE,False,True,SOURCE_TYPED_MAPPING,UNREACHABLE,,True,False,False,False,False,False,False,False,False
places365,124,dorm_room,places365-category:124,membership,VERIFIED_DEPICTED_TYPE,False,True,SOURCE_TYPED_MAPPING,UNREACHABLE,,True,False,False,False,False,False,False,False,False
places365,125,downtown,places365-category:125,membership,VERIFIED_DEPICTED_TYPE,False,True,SOURCE_TYPED_MAPPING,UNREACHABLE,,True,False,False,False,False,False,False,False,False
places365,126,dressing_room,places365-category:126,membership,VERIFIED_DEPICTED_TYPE,False,True,SOURCE_TYPED_MAPPING,UNREACHABLE,,True,False,False,False,False,False,False,False,False
places365,127,driveway,places365-category:127,membership,VERIFIED_DEPICTED_TYPE,False,True,SOURCE_TYPED_MAPPING,UNREACHABLE,,True,False,False,False,False,False,False,False,False
places365,128,drugstore,places365-category:128,membership,VERIFIED_DEPICTED_TYPE,False,True,SOURCE_TYPED_MAPPING,UNREACHABLE,,True,False,False,False,False,False,False,False,False
places365,129,elevator/door,places365-category:129,membership,NATIVE_LABEL_ONLY,False,False,NATIVE_LABEL_ONLY,NOT_ADMITTED,,True,False,False,False,False,False,False,False,False
places365,130,elevator_lobby,places365-category:130,membership,NATIVE_LABEL_ONLY,False,False,NATIVE_LABEL_ONLY,NOT_ADMITTED,,True,False,False,False,False,False,False,False,False
places365,131,elevator_shaft,places365-category:131,membership,VERIFIED_DEPICTED_TYPE,False,True,SOURCE_TYPED_MAPPING,UNREACHABLE,,True,False,False,False,False,False,False,False,False
places365,132,embassy,places365-category:132,membership,VERIFIED_DEPICTED_TYPE,False,True,SOURCE_TYPED_MAPPING,UNREACHABLE,,True,False,False,False,False,False,False,False,False
places365,133,engine_room,places365-category:133,membership,VERIFIED_DEPICTED_TYPE,False,True,SOURCE_TYPED_MAPPING,UNREACHABLE,,True,False,False,False,False,False,False,False,False
places365,134,entrance_hall,places365-category:134,membership,VERIFIED_DEPICTED_TYPE,False,True,SOURCE_TYPED_MAPPING,UNREACHABLE,,True,False,False,False,False,False,False,False,False
places365,135,escalator/indoor,places365-category:135,membership,VERIFIED_DEPICTED_TYPE,False,True,SOURCE_TYPED_MAPPING,UNREACHABLE,,True,False,False,False,False,False,False,False,False
places365,136,excavation,places365-category:136,membership,NATIVE_LABEL_ONLY,False,False,NATIVE_LABEL_ONLY,NOT_ADMITTED,,True,False,False,False,False,False,False,False,False
places365,137,fabric_store,places365-category:137,membership,NATIVE_LABEL_ONLY,False,False,NATIVE_LABEL_ONLY,NOT_ADMITTED,,True,False,False,False,False,False,False,False,False
places365,138,farm,places365-category:138,membership,VERIFIED_DEPICTED_TYPE,False,True,SOURCE_TYPED_MAPPING,UNREACHABLE,,True,False,False,False,False,False,False,False,False
places365,139,fastfood_restaurant,places365-category:139,membership,NATIVE_LABEL_ONLY,False,False,NATIVE_LABEL_ONLY,NOT_ADMITTED,,True,False,False,False,False,False,False,False,False
places365,140,field/cultivated,places365-category:140,membership,NATIVE_LABEL_ONLY,False,False,NATIVE_LABEL_ONLY,NOT_ADMITTED,,True,False,False,False,False,False,False,False,False
places365,141,field/wild,places365-category:141,membership,NATIVE_LABEL_ONLY,False,False,NATIVE_LABEL_ONLY,NOT_ADMITTED,,True,False,False,False,False,False,False,False,False
places365,142,field_road,places365-category:142,membership,NATIVE_LABEL_ONLY,False,False,NATIVE_LABEL_ONLY,NOT_ADMITTED,,True,False,False,False,False,False,False,False,False
places365,143,fire_escape,places365-category:143,membership,VERIFIED_DEPICTED_TYPE,False,True,SOURCE_TYPED_MAPPING,UNREACHABLE,,True,False,False,False,False,False,False,False,False
places365,144,fire_station,places365-category:144,membership,VERIFIED_DEPICTED_TYPE,False,True,SOURCE_TYPED_MAPPING,UNREACHABLE,,True,False,False,False,False,False,False,False,False
places365,145,fishpond,places365-category:145,membership,VERIFIED_DEPICTED_TYPE,False,True,SOURCE_TYPED_MAPPING,UNREACHABLE,,True,False,False,False,False,False,False,False,False
places365,146,flea_market/indoor,places365-category:146,membership,VERIFIED_DEPICTED_TYPE,False,True,SOURCE_TYPED_MAPPING,UNREACHABLE,,True,False,False,False,False,False,False,False,False
places365,147,florist_shop/indoor,places365-category:147,membership,VERIFIED_DEPICTED_TYPE,False,True,SOURCE_TYPED_MAPPING,UNREACHABLE,,True,False,False,False,False,False,False,False,False
places365,148,food_court,places365-category:148,membership,VERIFIED_DEPICTED_TYPE,False,True,SOURCE_TYPED_MAPPING,UNREACHABLE,,True,False,False,False,False,False,False,False,False
places365,149,football_field,places365-category:149,membership,VERIFIED_DEPICTED_TYPE,False,True,SOURCE_TYPED_MAPPING,UNREACHABLE,,True,False,False,False,False,False,False,False,False
places365,150,forest/broadleaf,places365-category:150,membership,VERIFIED_DEPICTED_TYPE,False,True,SOURCE_TYPED_MAPPING,UNREACHABLE,,True,False,False,False,False,False,False,False,False
places365,151,forest_path,places365-category:151,membership,NATIVE_LABEL_ONLY,False,False,NATIVE_LABEL_ONLY,NOT_ADMITTED,,True,False,False,False,False,False,False,False,False
places365,152,forest_road,places365-category:152,membership,NATIVE_LABEL_ONLY,False,False,NATIVE_LABEL_ONLY,NOT_ADMITTED,,True,False,False,False,False,False,False,False,False
places365,153,formal_garden,places365-category:153,membership,VERIFIED_DEPICTED_TYPE,False,True,SOURCE_TYPED_MAPPING,UNREACHABLE,,True,False,False,False,False,False,False,False,False
places365,154,fountain,places365-category:154,membership,NATIVE_LABEL_ONLY,False,False,NATIVE_LABEL_ONLY,NOT_ADMITTED,,True,False,False,False,False,False,False,False,False
places365,155,galley,places365-category:155,membership,NATIVE_LABEL_ONLY,False,False,NATIVE_LABEL_ONLY,NOT_ADMITTED,,True,False,False,False,False,False,False,False,False
places365,156,garage/indoor,places365-category:156,membership,NATIVE_LABEL_ONLY,False,False,NATIVE_LABEL_ONLY,NOT_ADMITTED,,True,False,False,False,False,False,False,False,False
places365,157,garage/outdoor,places365-category:157,membership,NATIVE_LABEL_ONLY,False,False,NATIVE_LABEL_ONLY,NOT_ADMITTED,,True,False,False,False,False,False,False,False,False
places365,158,gas_station,places365-category:158,membership,VERIFIED_DEPICTED_TYPE,False,True,SOURCE_TYPED_MAPPING,UNREACHABLE,,True,False,False,False,False,False,False,False,False
places365,159,gazebo/exterior,places365-category:159,membership,VERIFIED_DEPICTED_TYPE,False,True,SOURCE_TYPED_MAPPING,UNREACHABLE,,True,False,False,False,False,False,False,False,False
places365,160,general_store/indoor,places365-category:160,membership,VERIFIED_DEPICTED_TYPE,False,True,SOURCE_TYPED_MAPPING,UNREACHABLE,,True,False,False,False,False,False,False,False,False
places365,161,general_store/outdoor,places365-category:161,membership,VERIFIED_DEPICTED_TYPE,False,True,SOURCE_TYPED_MAPPING,UNREACHABLE,,True,False,False,False,False,False,False,False,False
places365,162,gift_shop,places365-category:162,membership,VERIFIED_DEPICTED_TYPE,False,True,SOURCE_TYPED_MAPPING,UNREACHABLE,,True,False,False,False,False,False,False,False,False
places365,163,glacier,places365-category:163,membership,VERIFIED_DEPICTED_TYPE,False,True,SOURCE_TYPED_MAPPING,UNREACHABLE,,True,False,False,False,False,False,False,False,False
places365,164,golf_course,places365-category:164,membership,VERIFIED_DEPICTED_TYPE,False,True,SOURCE_TYPED_MAPPING,UNREACHABLE,,True,False,False,False,False,False,False,False,False
places365,165,greenhouse/indoor,places365-category:165,membership,VERIFIED_DEPICTED_TYPE,False,True,SOURCE_TYPED_MAPPING,UNREACHABLE,,True,False,False,False,False,False,False,False,False
places365,166,greenhouse/outdoor,places365-category:166,membership,VERIFIED_DEPICTED_TYPE,False,True,SOURCE_TYPED_MAPPING,UNREACHABLE,,True,False,False,False,False,False,False,False,False
places365,167,grotto,places365-category:167,membership,VERIFIED_DEPICTED_TYPE,False,True,SOURCE_TYPED_MAPPING,UNREACHABLE,,True,False,False,False,False,False,False,False,False
places365,168,gymnasium/indoor,places365-category:168,membership,VERIFIED_DEPICTED_TYPE,False,True,SOURCE_TYPED_MAPPING,UNREACHABLE,,True,False,False,False,False,False,False,False,False
places365,169,hangar/indoor,places365-category:169,membership,VERIFIED_DEPICTED_TYPE,False,True,SOURCE_TYPED_MAPPING,UNREACHABLE,,True,False,False,False,False,False,False,False,False
places365,170,hangar/outdoor,places365-category:170,membership,VERIFIED_DEPICTED_TYPE,False,True,SOURCE_TYPED_MAPPING,UNREACHABLE,,True,False,False,False,False,False,False,False,False
places365,171,harbor,places365-category:171,membership,NATIVE_LABEL_ONLY,False,False,NATIVE_LABEL_ONLY,NOT_ADMITTED,,True,False,False,False,False,False,False,False,False
places365,172,hardware_store,places365-category:172,membership,VERIFIED_DEPICTED_TYPE,False,True,SOURCE_TYPED_MAPPING,UNREACHABLE,,True,False,False,False,False,False,False,False,False
places365,173,hayfield,places365-category:173,membership,VERIFIED_DEPICTED_TYPE,False,True,SOURCE_TYPED_MAPPING,UNREACHABLE,,True,False,False,False,False,False,False,False,False
places365,174,heliport,places365-category:174,membership,VERIFIED_DEPICTED_TYPE,False,True,SOURCE_TYPED_MAPPING,UNREACHABLE,,True,False,False,False,False,False,False,False,False
places365,175,highway,places365-category:175,membership,VERIFIED_DEPICTED_TYPE,False,True,SOURCE_TYPED_MAPPING,UNREACHABLE,,True,False,False,False,False,False,False,False,False
places365,176,home_office,places365-category:176,membership,VERIFIED_DEPICTED_TYPE,False,True,SOURCE_TYPED_MAPPING,UNREACHABLE,,True,False,False,False,False,False,False,False,False
places365,177,home_theater,places365-category:177,membership,VERIFIED_DEPICTED_TYPE,False,True,SOURCE_TYPED_MAPPING,UNREACHABLE,,True,False,False,False,False,False,False,False,False
places365,178,hospital,places365-category:178,membership,VERIFIED_DEPICTED_TYPE,False,True,SOURCE_TYPED_MAPPING,UNREACHABLE,,True,False,False,False,False,False,False,False,False
places365,179,hospital_room,places365-category:179,membership,VERIFIED_DEPICTED_TYPE,False,True,SOURCE_TYPED_MAPPING,UNREACHABLE,,True,False,False,False,False,False,False,False,False
places365,180,hot_spring,places365-category:180,membership,VERIFIED_DEPICTED_TYPE,False,True,SOURCE_TYPED_MAPPING,UNREACHABLE,,True,False,False,False,False,False,False,False,False
places365,181,hotel/outdoor,places365-category:181,membership,VERIFIED_DEPICTED_TYPE,False,True,SOURCE_TYPED_MAPPING,UNREACHABLE,,True,False,False,False,False,False,False,False,False
places365,182,hotel_room,places365-category:182,membership,VERIFIED_DEPICTED_TYPE,False,True,SOURCE_TYPED_MAPPING,UNREACHABLE,,True,False,False,False,False,False,False,False,False
places365,183,house,places365-category:183,membership,NATIVE_LABEL_ONLY,False,False,NATIVE_LABEL_ONLY,NOT_ADMITTED,,True,False,False,False,False,False,False,False,False
places365,184,hunting_lodge/outdoor,places365-category:184,membership,VERIFIED_DEPICTED_TYPE,False,True,SOURCE_TYPED_MAPPING,UNREACHABLE,,True,False,False,False,False,False,False,False,False
places365,185,ice_cream_parlor,places365-category:185,membership,NATIVE_LABEL_ONLY,False,False,NATIVE_LABEL_ONLY,NOT_ADMITTED,,True,False,False,False,False,False,False,False,False
places365,186,ice_floe,places365-category:186,membership,VERIFIED_DEPICTED_TYPE,False,True,SOURCE_TYPED_MAPPING,UNREACHABLE,,True,False,False,False,False,False,False,False,False
places365,187,ice_shelf,places365-category:187,membership,VERIFIED_DEPICTED_TYPE,False,True,SOURCE_TYPED_MAPPING,UNREACHABLE,,True,False,False,False,False,False,False,False,False
places365,188,ice_skating_rink/indoor,places365-category:188,membership,VERIFIED_DEPICTED_TYPE,False,True,SOURCE_TYPED_MAPPING,UNREACHABLE,,True,False,False,False,False,False,False,False,False
places365,189,ice_skating_rink/outdoor,places365-category:189,membership,VERIFIED_DEPICTED_TYPE,False,True,SOURCE_TYPED_MAPPING,UNREACHABLE,,True,False,False,False,False,False,False,False,False
places365,190,iceberg,places365-category:190,membership,NATIVE_LABEL_ONLY,False,False,NATIVE_LABEL_ONLY,NOT_ADMITTED,,True,False,False,False,False,False,False,False,False
places365,191,igloo,places365-category:191,membership,VERIFIED_DEPICTED_TYPE,False,True,SOURCE_TYPED_MAPPING,UNREACHABLE,,True,False,False,False,False,False,False,False,False
places365,192,industrial_area,places365-category:192,membership,VERIFIED_DEPICTED_TYPE,False,True,SOURCE_TYPED_MAPPING,UNREACHABLE,,True,False,False,False,False,False,False,False,False
places365,193,inn/outdoor,places365-category:193,membership,VERIFIED_DEPICTED_TYPE,False,True,SOURCE_TYPED_MAPPING,UNREACHABLE,,True,False,False,False,False,False,False,False,False
places365,194,islet,places365-category:194,membership,VERIFIED_DEPICTED_TYPE,False,True,SOURCE_TYPED_MAPPING,UNREACHABLE,,True,False,False,False,False,False,False,False,False
places365,195,jacuzzi/indoor,places365-category:195,membership,NATIVE_LABEL_ONLY,False,False,NATIVE_LABEL_ONLY,NOT_ADMITTED,,True,False,False,False,False,False,False,False,False
places365,196,jail_cell,places365-category:196,membership,VERIFIED_DEPICTED_TYPE,False,True,SOURCE_TYPED_MAPPING,UNREACHABLE,,True,False,False,False,False,False,False,False,False
places365,197,japanese_garden,places365-category:197,membership,NATIVE_LABEL_ONLY,False,False,NATIVE_LABEL_ONLY,NOT_ADMITTED,,True,False,False,False,False,False,False,False,False
places365,198,jewelry_shop,places365-category:198,membership,NATIVE_LABEL_ONLY,False,False,NATIVE_LABEL_ONLY,NOT_ADMITTED,,True,False,False,False,False,False,False,False,False
places365,199,junkyard,places365-category:199,membership,VERIFIED_DEPICTED_TYPE,False,True,SOURCE_TYPED_MAPPING,UNREACHABLE,,True,False,False,False,False,False,False,False,False
places365,200,kasbah,places365-category:200,membership,VERIFIED_DEPICTED_TYPE,False,True,SOURCE_TYPED_MAPPING,UNREACHABLE,,True,False,False,False,False,False,False,False,False
places365,201,kennel/outdoor,places365-category:201,membership,VERIFIED_DEPICTED_TYPE,False,True,SOURCE_TYPED_MAPPING,UNREACHABLE,,True,False,False,False,False,False,False,False,False
places365,202,kindergarden_classroom,places365-category:202,membership,NATIVE_LABEL_ONLY,False,False,NATIVE_LABEL_ONLY,NOT_ADMITTED,,True,False,False,False,False,False,False,False,False
places365,203,kitchen,places365-category:203,membership,VERIFIED_DEPICTED_TYPE,False,True,SOURCE_TYPED_MAPPING,UNREACHABLE,,True,False,False,False,False,False,False,False,False
places365,204,lagoon,places365-category:204,membership,VERIFIED_DEPICTED_TYPE,False,True,SOURCE_TYPED_MAPPING,UNREACHABLE,,True,False,False,False,False,False,False,False,False
places365,205,lake/natural,places365-category:205,membership,NATIVE_LABEL_ONLY,False,False,NATIVE_LABEL_ONLY,NOT_ADMITTED,,True,False,False,False,False,False,False,False,False
places365,206,landfill,places365-category:206,membership,VERIFIED_DEPICTED_TYPE,False,True,SOURCE_TYPED_MAPPING,UNREACHABLE,,True,False,False,False,False,False,False,False,False
places365,207,landing_deck,places365-category:207,membership,VERIFIED_DEPICTED_TYPE,False,True,SOURCE_TYPED_MAPPING,UNREACHABLE,,True,False,False,False,False,False,False,False,False
places365,208,laundromat,places365-category:208,membership,VERIFIED_DEPICTED_TYPE,False,True,SOURCE_TYPED_MAPPING,UNREACHABLE,,True,False,False,False,False,False,False,False,False
places365,209,lawn,places365-category:209,membership,VERIFIED_DEPICTED_TYPE,False,True,SOURCE_TYPED_MAPPING,UNREACHABLE,,True,False,False,False,False,False,False,False,False
places365,210,lecture_room,places365-category:210,membership,VERIFIED_DEPICTED_TYPE,False,True,SOURCE_TYPED_MAPPING,UNREACHABLE,,True,False,False,False,False,False,False,False,False
places365,211,legislative_chamber,places365-category:211,membership,NATIVE_LABEL_ONLY,False,False,NATIVE_LABEL_ONLY,NOT_ADMITTED,,True,False,False,False,False,False,False,False,False
places365,212,library/indoor,places365-category:212,membership,NATIVE_LABEL_ONLY,False,False,NATIVE_LABEL_ONLY,NOT_ADMITTED,,True,False,False,False,False,False,False,False,False
places365,213,library/outdoor,places365-category:213,membership,NATIVE_LABEL_ONLY,False,False,NATIVE_LABEL_ONLY,NOT_ADMITTED,,True,False,False,False,False,False,False,False,False
places365,214,lighthouse,places365-category:214,membership,VERIFIED_DEPICTED_TYPE,False,True,SOURCE_TYPED_MAPPING,UNREACHABLE,,True,False,False,False,False,False,False,False,False
places365,215,living_room,places365-category:215,membership,VERIFIED_DEPICTED_TYPE,False,True,SOURCE_TYPED_MAPPING,UNREACHABLE,,True,False,False,False,False,False,False,False,False
places365,216,loading_dock,places365-category:216,membership,VERIFIED_DEPICTED_TYPE,False,True,SOURCE_TYPED_MAPPING,UNREACHABLE,,True,False,False,False,False,False,False,False,False
places365,217,lobby,places365-category:217,membership,VERIFIED_DEPICTED_TYPE,False,True,SOURCE_TYPED_MAPPING,UNREACHABLE,,True,False,False,False,False,False,False,False,False
places365,218,lock_chamber,places365-category:218,membership,VERIFIED_DEPICTED_TYPE,False,True,SOURCE_TYPED_MAPPING,UNREACHABLE,,True,False,False,False,False,False,False,False,False
places365,219,locker_room,places365-category:219,membership,VERIFIED_DEPICTED_TYPE,False,True,SOURCE_TYPED_MAPPING,UNREACHABLE,,True,False,False,False,False,False,False,False,False
places365,220,mansion,places365-category:220,membership,NATIVE_LABEL_ONLY,False,False,NATIVE_LABEL_ONLY,NOT_ADMITTED,,True,False,False,False,False,False,False,False,False
places365,221,manufactured_home,places365-category:221,membership,VERIFIED_DEPICTED_TYPE,False,True,SOURCE_TYPED_MAPPING,UNREACHABLE,,True,False,False,False,False,False,False,False,False
places365,222,market/indoor,places365-category:222,membership,NATIVE_LABEL_ONLY,False,False,NATIVE_LABEL_ONLY,NOT_ADMITTED,,True,False,False,False,False,False,False,False,False
places365,223,market/outdoor,places365-category:223,membership,NATIVE_LABEL_ONLY,False,False,NATIVE_LABEL_ONLY,NOT_ADMITTED,,True,False,False,False,False,False,False,False,False
places365,224,marsh,places365-category:224,membership,VERIFIED_DEPICTED_TYPE,False,True,SOURCE_TYPED_MAPPING,UNREACHABLE,,True,False,False,False,False,False,False,False,False
places365,225,martial_arts_gym,places365-category:225,membership,NATIVE_LABEL_ONLY,False,False,NATIVE_LABEL_ONLY,NOT_ADMITTED,,True,False,False,False,False,False,False,False,False
places365,226,mausoleum,places365-category:226,membership,VERIFIED_DEPICTED_TYPE,False,True,SOURCE_TYPED_MAPPING,UNREACHABLE,,True,False,False,False,False,False,False,False,False
places365,227,medina,places365-category:227,membership,VERIFIED_DEPICTED_TYPE,False,True,SOURCE_TYPED_MAPPING,UNREACHABLE,,True,False,False,False,False,False,False,False,False
places365,228,mezzanine,places365-category:228,membership,NATIVE_LABEL_ONLY,False,False,NATIVE_LABEL_ONLY,NOT_ADMITTED,,True,False,False,False,False,False,False,False,False
places365,229,moat/water,places365-category:229,membership,VERIFIED_DEPICTED_TYPE,False,True,SOURCE_TYPED_MAPPING,UNREACHABLE,,True,False,False,False,False,False,False,False,False
places365,230,mosque/outdoor,places365-category:230,membership,VERIFIED_DEPICTED_TYPE,False,True,SOURCE_TYPED_MAPPING,UNREACHABLE,,True,False,False,False,False,False,False,False,False
places365,231,motel,places365-category:231,membership,VERIFIED_DEPICTED_TYPE,False,True,SOURCE_TYPED_MAPPING,UNREACHABLE,,True,False,False,False,False,False,False,False,False
places365,232,mountain,places365-category:232,membership,VERIFIED_DEPICTED_TYPE,False,True,SOURCE_TYPED_MAPPING,UNREACHABLE,,True,False,False,False,False,False,False,False,False
places365,233,mountain_path,places365-category:233,membership,NATIVE_LABEL_ONLY,False,False,NATIVE_LABEL_ONLY,NOT_ADMITTED,,True,False,False,False,False,False,False,False,False
places365,234,mountain_snowy,places365-category:234,membership,NATIVE_LABEL_ONLY,False,False,NATIVE_LABEL_ONLY,NOT_ADMITTED,,True,False,False,False,False,False,False,False,False
places365,235,movie_theater/indoor,places365-category:235,membership,VERIFIED_DEPICTED_TYPE,False,True,SOURCE_TYPED_MAPPING,UNREACHABLE,,True,False,False,False,False,False,False,False,False
places365,236,museum/indoor,places365-category:236,membership,VERIFIED_DEPICTED_TYPE,False,True,SOURCE_TYPED_MAPPING,UNREACHABLE,,True,False,False,False,False,False,False,False,False
places365,237,museum/outdoor,places365-category:237,membership,VERIFIED_DEPICTED_TYPE,False,True,SOURCE_TYPED_MAPPING,UNREACHABLE,,True,False,False,False,False,False,False,False,False
places365,238,music_studio,places365-category:238,membership,NATIVE_LABEL_ONLY,False,False,NATIVE_LABEL_ONLY,NOT_ADMITTED,,True,False,False,False,False,False,False,False,False
places365,239,natural_history_museum,places365-category:239,membership,NATIVE_LABEL_ONLY,False,False,NATIVE_LABEL_ONLY,NOT_ADMITTED,,True,False,False,False,False,False,False,False,False
places365,240,nursery,places365-category:240,membership,VERIFIED_DEPICTED_TYPE,False,True,SOURCE_TYPED_MAPPING,UNREACHABLE,,True,False,False,False,False,False,False,False,False
places365,241,nursing_home,places365-category:241,membership,VERIFIED_DEPICTED_TYPE,False,True,SOURCE_TYPED_MAPPING,UNREACHABLE,,True,False,False,False,False,False,False,False,False
places365,242,oast_house,places365-category:242,membership,VERIFIED_DEPICTED_TYPE,False,True,SOURCE_TYPED_MAPPING,UNREACHABLE,,True,False,False,False,False,False,False,False,False
places365,243,ocean,places365-category:243,membership,VERIFIED_DEPICTED_TYPE,False,True,SOURCE_TYPED_MAPPING,UNREACHABLE,,True,False,False,False,False,False,False,False,False
places365,244,office,places365-category:244,membership,VERIFIED_DEPICTED_TYPE,False,True,SOURCE_TYPED_MAPPING,UNREACHABLE,,True,False,False,False,False,False,False,False,False
places365,245,office_building,places365-category:245,membership,VERIFIED_DEPICTED_TYPE,False,True,SOURCE_TYPED_MAPPING,UNREACHABLE,,True,False,False,False,False,False,False,False,False
places365,246,office_cubicles,places365-category:246,membership,NATIVE_LABEL_ONLY,False,False,NATIVE_LABEL_ONLY,NOT_ADMITTED,,True,False,False,False,False,False,False,False,False
places365,247,oilrig,places365-category:247,membership,VERIFIED_DEPICTED_TYPE,False,True,SOURCE_TYPED_MAPPING,UNREACHABLE,,True,False,False,False,False,False,False,False,False
places365,248,operating_room,places365-category:248,membership,VERIFIED_DEPICTED_TYPE,False,True,SOURCE_TYPED_MAPPING,UNREACHABLE,,True,False,False,False,False,False,False,False,False
places365,249,orchard,places365-category:249,membership,VERIFIED_DEPICTED_TYPE,False,True,SOURCE_TYPED_MAPPING,UNREACHABLE,,True,False,False,False,False,False,False,False,False
places365,250,orchestra_pit,places365-category:250,membership,VERIFIED_DEPICTED_TYPE,False,True,SOURCE_TYPED_MAPPING,UNREACHABLE,,True,False,False,False,False,False,False,False,False
places365,251,pagoda,places365-category:251,membership,VERIFIED_DEPICTED_TYPE,False,True,SOURCE_TYPED_MAPPING,UNREACHABLE,,True,False,False,False,False,False,False,False,False
places365,252,palace,places365-category:252,membership,NATIVE_LABEL_ONLY,False,False,NATIVE_LABEL_ONLY,NOT_ADMITTED,,True,False,False,False,False,False,False,False,False
places365,253,pantry,places365-category:253,membership,VERIFIED_DEPICTED_TYPE,False,True,SOURCE_TYPED_MAPPING,UNREACHABLE,,True,False,False,False,False,False,False,False,False
places365,254,park,places365-category:254,membership,NATIVE_LABEL_ONLY,False,False,NATIVE_LABEL_ONLY,NOT_ADMITTED,,True,False,False,False,False,False,False,False,False
places365,255,parking_garage/indoor,places365-category:255,membership,NATIVE_LABEL_ONLY,False,False,NATIVE_LABEL_ONLY,NOT_ADMITTED,,True,False,False,False,False,False,False,False,False
places365,256,parking_garage/outdoor,places365-category:256,membership,NATIVE_LABEL_ONLY,False,False,NATIVE_LABEL_ONLY,NOT_ADMITTED,,True,False,False,False,False,False,False,False,False
places365,257,parking_lot,places365-category:257,membership,VERIFIED_DEPICTED_TYPE,False,True,SOURCE_TYPED_MAPPING,UNREACHABLE,,True,False,False,False,False,False,False,False,False
places365,258,pasture,places365-category:258,membership,NATIVE_LABEL_ONLY,False,False,NATIVE_LABEL_ONLY,NOT_ADMITTED,,True,False,False,False,False,False,False,False,False
places365,259,patio,places365-category:259,membership,VERIFIED_DEPICTED_TYPE,False,True,SOURCE_TYPED_MAPPING,UNREACHABLE,,True,False,False,False,False,False,False,False,False
places365,260,pavilion,places365-category:260,membership,VERIFIED_DEPICTED_TYPE,False,True,SOURCE_TYPED_MAPPING,UNREACHABLE,,True,False,False,False,False,False,False,False,False
places365,261,pet_shop,places365-category:261,membership,VERIFIED_DEPICTED_TYPE,False,True,SOURCE_TYPED_MAPPING,UNREACHABLE,,True,False,False,False,False,False,False,False,False
places365,262,pharmacy,places365-category:262,membership,VERIFIED_DEPICTED_TYPE,False,True,SOURCE_TYPED_MAPPING,UNREACHABLE,,True,False,False,False,False,False,False,False,False
places365,263,phone_booth,places365-category:263,membership,VERIFIED_DEPICTED_TYPE,False,True,SOURCE_TYPED_MAPPING,UNREACHABLE,,True,False,False,False,False,False,False,False,False
places365,264,physics_laboratory,places365-category:264,membership,VERIFIED_DEPICTED_TYPE,False,True,SOURCE_TYPED_MAPPING,UNREACHABLE,,True,False,False,False,False,False,False,False,False
places365,265,picnic_area,places365-category:265,membership,VERIFIED_DEPICTED_TYPE,False,True,SOURCE_TYPED_MAPPING,UNREACHABLE,,True,False,False,False,False,False,False,False,False
places365,266,pier,places365-category:266,membership,NATIVE_LABEL_ONLY,False,False,NATIVE_LABEL_ONLY,NOT_ADMITTED,,True,False,False,False,False,False,False,False,False
places365,267,pizzeria,places365-category:267,membership,VERIFIED_DEPICTED_TYPE,False,True,SOURCE_TYPED_MAPPING,UNREACHABLE,,True,False,False,False,False,False,False,False,False
places365,268,playground,places365-category:268,membership,NATIVE_LABEL_ONLY,False,False,NATIVE_LABEL_ONLY,NOT_ADMITTED,,True,False,False,False,False,False,False,False,False
places365,269,playroom,places365-category:269,membership,VERIFIED_DEPICTED_TYPE,False,True,SOURCE_TYPED_MAPPING,UNREACHABLE,,True,False,False,False,False,False,False,False,False
places365,270,plaza,places365-category:270,membership,NATIVE_LABEL_ONLY,False,False,NATIVE_LABEL_ONLY,NOT_ADMITTED,,True,False,False,False,False,False,False,False,False
places365,271,pond,places365-category:271,membership,VERIFIED_DEPICTED_TYPE,False,True,SOURCE_TYPED_MAPPING,UNREACHABLE,,True,False,False,False,False,False,False,False,False
places365,272,porch,places365-category:272,membership,VERIFIED_DEPICTED_TYPE,False,True,SOURCE_TYPED_MAPPING,UNREACHABLE,,True,False,False,False,False,False,False,False,False
places365,273,promenade,places365-category:273,membership,VERIFIED_DEPICTED_TYPE,False,True,SOURCE_TYPED_MAPPING,UNREACHABLE,,True,False,False,False,False,False,False,False,False
places365,274,pub/indoor,places365-category:274,membership,VERIFIED_DEPICTED_TYPE,False,True,SOURCE_TYPED_MAPPING,UNREACHABLE,,True,False,False,False,False,False,False,False,False
places365,275,racecourse,places365-category:275,membership,VERIFIED_DEPICTED_TYPE,False,True,SOURCE_TYPED_MAPPING,UNREACHABLE,,True,False,False,False,False,False,False,False,False
places365,276,raceway,places365-category:276,membership,NATIVE_LABEL_ONLY,False,False,NATIVE_LABEL_ONLY,NOT_ADMITTED,,True,False,False,False,False,False,False,False,False
places365,277,raft,places365-category:277,membership,NATIVE_LABEL_ONLY,False,False,NATIVE_LABEL_ONLY,NOT_ADMITTED,,True,False,False,False,False,False,False,False,False
places365,278,railroad_track,places365-category:278,membership,VERIFIED_DEPICTED_TYPE,False,True,SOURCE_TYPED_MAPPING,UNREACHABLE,,True,False,False,False,False,False,False,False,False
places365,279,rainforest,places365-category:279,membership,NATIVE_LABEL_ONLY,False,False,NATIVE_LABEL_ONLY,NOT_ADMITTED,,True,False,False,False,False,False,False,False,False
places365,280,reception,places365-category:280,membership,VERIFIED_DEPICTED_TYPE,False,True,SOURCE_TYPED_MAPPING,UNREACHABLE,,True,False,False,False,False,False,False,False,False
places365,281,recreation_room,places365-category:281,membership,VERIFIED_DEPICTED_TYPE,False,True,SOURCE_TYPED_MAPPING,UNREACHABLE,,True,False,False,False,False,False,False,False,False
places365,282,repair_shop,places365-category:282,membership,VERIFIED_DEPICTED_TYPE,False,True,SOURCE_TYPED_MAPPING,UNREACHABLE,,True,False,False,False,False,False,False,False,False
places365,283,residential_neighborhood,places365-category:283,membership,NATIVE_LABEL_ONLY,False,False,NATIVE_LABEL_ONLY,NOT_ADMITTED,,True,False,False,False,False,False,False,False,False
places365,284,restaurant,places365-category:284,membership,VERIFIED_DEPICTED_TYPE,False,True,SOURCE_TYPED_MAPPING,UNREACHABLE,,True,False,False,False,False,False,False,False,False
places365,285,restaurant_kitchen,places365-category:285,membership,NATIVE_LABEL_ONLY,False,False,NATIVE_LABEL_ONLY,NOT_ADMITTED,,True,False,False,False,False,False,False,False,False
places365,286,restaurant_patio,places365-category:286,membership,NATIVE_LABEL_ONLY,False,False,NATIVE_LABEL_ONLY,NOT_ADMITTED,,True,False,False,False,False,False,False,False,False
places365,287,rice_paddy,places365-category:287,membership,VERIFIED_DEPICTED_TYPE,False,True,SOURCE_TYPED_MAPPING,UNREACHABLE,,True,False,False,False,False,False,False,False,False
places365,288,river,places365-category:288,membership,VERIFIED_DEPICTED_TYPE,False,True,SOURCE_TYPED_MAPPING,UNREACHABLE,,True,False,False,False,False,False,False,False,False
places365,289,rock_arch,places365-category:289,membership,NATIVE_LABEL_ONLY,False,False,NATIVE_LABEL_ONLY,NOT_ADMITTED,,True,False,False,False,False,False,False,False,False
places365,290,roof_garden,places365-category:290,membership,VERIFIED_DEPICTED_TYPE,False,True,SOURCE_TYPED_MAPPING,UNREACHABLE,,True,False,False,False,False,False,False,False,False
places365,291,rope_bridge,places365-category:291,membership,VERIFIED_DEPICTED_TYPE,False,True,SOURCE_TYPED_MAPPING,UNREACHABLE,,True,False,False,False,False,False,False,False,False
places365,292,ruin,places365-category:292,membership,NATIVE_LABEL_ONLY,False,False,NATIVE_LABEL_ONLY,NOT_ADMITTED,,True,False,False,False,False,False,False,False,False
places365,293,runway,places365-category:293,membership,NATIVE_LABEL_ONLY,False,False,NATIVE_LABEL_ONLY,NOT_ADMITTED,,True,False,False,False,False,False,False,False,False
places365,294,sandbox,places365-category:294,membership,NATIVE_LABEL_ONLY,False,False,NATIVE_LABEL_ONLY,NOT_ADMITTED,,True,False,False,False,False,False,False,False,False
places365,295,sauna,places365-category:295,membership,VERIFIED_DEPICTED_TYPE,False,True,SOURCE_TYPED_MAPPING,UNREACHABLE,,True,False,False,False,False,False,False,False,False
places365,296,schoolhouse,places365-category:296,membership,VERIFIED_DEPICTED_TYPE,False,True,SOURCE_TYPED_MAPPING,UNREACHABLE,,True,False,False,False,False,False,False,False,False
places365,297,science_museum,places365-category:297,membership,VERIFIED_DEPICTED_TYPE,False,True,SOURCE_TYPED_MAPPING,UNREACHABLE,,True,False,False,False,False,False,False,False,False
places365,298,server_room,places365-category:298,membership,NATIVE_LABEL_ONLY,False,False,NATIVE_LABEL_ONLY,NOT_ADMITTED,,True,False,False,False,False,False,False,False,False
places365,299,shed,places365-category:299,membership,VERIFIED_DEPICTED_TYPE,False,True,SOURCE_TYPED_MAPPING,UNREACHABLE,,True,False,False,False,False,False,False,False,False
places365,300,shoe_shop,places365-category:300,membership,VERIFIED_DEPICTED_TYPE,False,True,SOURCE_TYPED_MAPPING,UNREACHABLE,,True,False,False,False,False,False,False,False,False
places365,301,shopfront,places365-category:301,membership,VERIFIED_DEPICTED_TYPE,False,True,SOURCE_TYPED_MAPPING,UNREACHABLE,,True,False,False,False,False,False,False,False,False
places365,302,shopping_mall/indoor,places365-category:302,membership,VERIFIED_DEPICTED_TYPE,False,True,SOURCE_TYPED_MAPPING,UNREACHABLE,,True,False,False,False,False,False,False,False,False
places365,303,shower,places365-category:303,membership,NATIVE_LABEL_ONLY,False,False,NATIVE_LABEL_ONLY,NOT_ADMITTED,,True,False,False,False,False,False,False,False,False
places365,304,ski_resort,places365-category:304,membership,VERIFIED_DEPICTED_TYPE,False,True,SOURCE_TYPED_MAPPING,UNREACHABLE,,True,False,False,False,False,False,False,False,False
places365,305,ski_slope,places365-category:305,membership,VERIFIED_DEPICTED_TYPE,False,True,SOURCE_TYPED_MAPPING,UNREACHABLE,,True,False,False,False,False,False,False,False,False
places365,306,sky,places365-category:306,membership,VERIFIED_DEPICTED_TYPE,False,True,SOURCE_TYPED_MAPPING,UNREACHABLE,,True,False,False,False,False,False,False,False,False
places365,307,skyscraper,places365-category:307,membership,VERIFIED_DEPICTED_TYPE,False,True,SOURCE_TYPED_MAPPING,UNREACHABLE,,True,False,False,False,False,False,False,False,False
places365,308,slum,places365-category:308,membership,VERIFIED_DEPICTED_TYPE,False,True,SOURCE_TYPED_MAPPING,UNREACHABLE,,True,False,False,False,False,False,False,False,False
places365,309,snowfield,places365-category:309,membership,VERIFIED_DEPICTED_TYPE,False,True,SOURCE_TYPED_MAPPING,UNREACHABLE,,True,False,False,False,False,False,False,False,False
places365,310,soccer_field,places365-category:310,membership,VERIFIED_DEPICTED_TYPE,False,True,SOURCE_TYPED_MAPPING,UNREACHABLE,,True,False,False,False,False,False,False,False,False
places365,311,stable,places365-category:311,membership,VERIFIED_DEPICTED_TYPE,False,True,SOURCE_TYPED_MAPPING,UNREACHABLE,,True,False,False,False,False,False,False,False,False
places365,312,stadium/baseball,places365-category:312,membership,VERIFIED_DEPICTED_TYPE,False,True,SOURCE_TYPED_MAPPING,UNREACHABLE,,True,False,False,False,False,False,False,False,False
places365,313,stadium/football,places365-category:313,membership,VERIFIED_DEPICTED_TYPE,False,True,SOURCE_TYPED_MAPPING,UNREACHABLE,,True,False,False,False,False,False,False,False,False
places365,314,stadium/soccer,places365-category:314,membership,VERIFIED_DEPICTED_TYPE,False,True,SOURCE_TYPED_MAPPING,UNREACHABLE,,True,False,False,False,False,False,False,False,False
places365,315,stage/indoor,places365-category:315,membership,NATIVE_LABEL_ONLY,False,False,NATIVE_LABEL_ONLY,NOT_ADMITTED,,True,False,False,False,False,False,False,False,False
places365,316,stage/outdoor,places365-category:316,membership,NATIVE_LABEL_ONLY,False,False,NATIVE_LABEL_ONLY,NOT_ADMITTED,,True,False,False,False,False,False,False,False,False
places365,317,staircase,places365-category:317,membership,VERIFIED_DEPICTED_TYPE,False,True,SOURCE_TYPED_MAPPING,UNREACHABLE,,True,False,False,False,False,False,False,False,False
places365,318,storage_room,places365-category:318,membership,VERIFIED_DEPICTED_TYPE,False,True,SOURCE_TYPED_MAPPING,UNREACHABLE,,True,False,False,False,False,False,False,False,False
places365,319,street,places365-category:319,membership,NATIVE_LABEL_ONLY,False,False,NATIVE_LABEL_ONLY,NOT_ADMITTED,,True,False,False,False,False,False,False,False,False
places365,320,subway_station/platform,places365-category:320,membership,VERIFIED_DEPICTED_TYPE,False,True,SOURCE_TYPED_MAPPING,UNREACHABLE,,True,False,False,False,False,False,False,False,False
places365,321,supermarket,places365-category:321,membership,VERIFIED_DEPICTED_TYPE,False,True,SOURCE_TYPED_MAPPING,UNREACHABLE,,True,False,False,False,False,False,False,False,False
places365,322,sushi_bar,places365-category:322,membership,VERIFIED_DEPICTED_TYPE,False,True,SOURCE_TYPED_MAPPING,UNREACHABLE,,True,False,False,False,False,False,False,False,False
places365,323,swamp,places365-category:323,membership,VERIFIED_DEPICTED_TYPE,False,True,SOURCE_TYPED_MAPPING,UNREACHABLE,,True,False,False,False,False,False,False,False,False
places365,324,swimming_hole,places365-category:324,membership,VERIFIED_DEPICTED_TYPE,False,True,SOURCE_TYPED_MAPPING,UNREACHABLE,,True,False,False,False,False,False,False,False,False
places365,325,swimming_pool/indoor,places365-category:325,membership,VERIFIED_DEPICTED_TYPE,False,True,SOURCE_TYPED_MAPPING,UNREACHABLE,,True,False,False,False,False,False,False,False,False
places365,326,swimming_pool/outdoor,places365-category:326,membership,VERIFIED_DEPICTED_TYPE,False,True,SOURCE_TYPED_MAPPING,UNREACHABLE,,True,False,False,False,False,False,False,False,False
places365,327,synagogue/outdoor,places365-category:327,membership,VERIFIED_DEPICTED_TYPE,False,True,SOURCE_TYPED_MAPPING,UNREACHABLE,,True,False,False,False,False,False,False,False,False
places365,328,television_room,places365-category:328,membership,VERIFIED_DEPICTED_TYPE,False,True,SOURCE_TYPED_MAPPING,UNREACHABLE,,True,False,False,False,False,False,False,False,False
places365,329,television_studio,places365-category:329,membership,NATIVE_LABEL_ONLY,False,False,NATIVE_LABEL_ONLY,NOT_ADMITTED,,True,False,False,False,False,False,False,False,False
places365,330,temple/asia,places365-category:330,membership,NATIVE_LABEL_ONLY,False,False,NATIVE_LABEL_ONLY,NOT_ADMITTED,,True,False,False,False,False,False,False,False,False
places365,331,throne_room,places365-category:331,membership,NATIVE_LABEL_ONLY,False,False,NATIVE_LABEL_ONLY,NOT_ADMITTED,,True,False,False,False,False,False,False,False,False
places365,332,ticket_booth,places365-category:332,membership,VERIFIED_DEPICTED_TYPE,False,True,SOURCE_TYPED_MAPPING,UNREACHABLE,,True,False,False,False,False,False,False,False,False
places365,333,topiary_garden,places365-category:333,membership,NATIVE_LABEL_ONLY,False,False,NATIVE_LABEL_ONLY,NOT_ADMITTED,,True,False,False,False,False,False,False,False,False
places365,334,tower,places365-category:334,membership,NATIVE_LABEL_ONLY,False,False,NATIVE_LABEL_ONLY,NOT_ADMITTED,,True,False,False,False,False,False,False,False,False
places365,335,toyshop,places365-category:335,membership,VERIFIED_DEPICTED_TYPE,False,True,SOURCE_TYPED_MAPPING,UNREACHABLE,,True,False,False,False,False,False,False,False,False
places365,336,train_interior,places365-category:336,membership,NATIVE_LABEL_ONLY,False,False,NATIVE_LABEL_ONLY,NOT_ADMITTED,,True,False,False,False,False,False,False,False,False
places365,337,train_station/platform,places365-category:337,membership,VERIFIED_DEPICTED_TYPE,False,True,SOURCE_TYPED_MAPPING,UNREACHABLE,,True,False,False,False,False,False,False,False,False
places365,338,tree_farm,places365-category:338,membership,VERIFIED_DEPICTED_TYPE,False,True,SOURCE_TYPED_MAPPING,UNREACHABLE,,True,False,False,False,False,False,False,False,False
places365,339,tree_house,places365-category:339,membership,VERIFIED_DEPICTED_TYPE,False,True,SOURCE_TYPED_MAPPING,UNREACHABLE,,True,False,False,False,False,False,False,False,False
places365,340,trench,places365-category:340,membership,NATIVE_LABEL_ONLY,False,False,NATIVE_LABEL_ONLY,NOT_ADMITTED,,True,False,False,False,False,False,False,False,False
places365,341,tundra,places365-category:341,membership,VERIFIED_DEPICTED_TYPE,False,True,SOURCE_TYPED_MAPPING,UNREACHABLE,,True,False,False,False,False,False,False,False,False
places365,342,underwater/ocean_deep,places365-category:342,membership,NATIVE_LABEL_ONLY,False,False,NATIVE_LABEL_ONLY,NOT_ADMITTED,,True,False,False,False,False,False,False,False,False
places365,343,utility_room,places365-category:343,membership,NATIVE_LABEL_ONLY,False,False,NATIVE_LABEL_ONLY,NOT_ADMITTED,,True,False,False,False,False,False,False,False,False
places365,344,valley,places365-category:344,membership,VERIFIED_DEPICTED_TYPE,False,True,SOURCE_TYPED_MAPPING,UNREACHABLE,,True,False,False,False,False,False,False,False,False
places365,345,vegetable_garden,places365-category:345,membership,VERIFIED_DEPICTED_TYPE,False,True,SOURCE_TYPED_MAPPING,UNREACHABLE,,True,False,False,False,False,False,False,False,False
places365,346,veterinarians_office,places365-category:346,membership,NATIVE_LABEL_ONLY,False,False,NATIVE_LABEL_ONLY,NOT_ADMITTED,,True,False,False,False,False,False,False,False,False
places365,347,viaduct,places365-category:347,membership,VERIFIED_DEPICTED_TYPE,False,True,SOURCE_TYPED_MAPPING,UNREACHABLE,,True,False,False,False,False,False,False,False,False
places365,348,village,places365-category:348,membership,VERIFIED_DEPICTED_TYPE,False,True,SOURCE_TYPED_MAPPING,UNREACHABLE,,True,False,False,False,False,False,False,False,False
places365,349,vineyard,places365-category:349,membership,VERIFIED_DEPICTED_TYPE,False,True,SOURCE_TYPED_MAPPING,UNREACHABLE,,True,False,False,False,False,False,False,False,False
places365,350,volcano,places365-category:350,membership,NATIVE_LABEL_ONLY,False,False,NATIVE_LABEL_ONLY,NOT_ADMITTED,,True,False,False,False,False,False,False,False,False
places365,351,volleyball_court/outdoor,places365-category:351,membership,VERIFIED_DEPICTED_TYPE,False,True,SOURCE_TYPED_MAPPING,UNREACHABLE,,True,False,False,False,False,False,False,False,False
places365,352,waiting_room,places365-category:352,membership,VERIFIED_DEPICTED_TYPE,False,True,SOURCE_TYPED_MAPPING,UNREACHABLE,,True,False,False,False,False,False,False,False,False
places365,353,water_park,places365-category:353,membership,NATIVE_LABEL_ONLY,False,False,NATIVE_LABEL_ONLY,NOT_ADMITTED,,True,False,False,False,False,False,False,False,False
places365,354,water_tower,places365-category:354,membership,VERIFIED_DEPICTED_TYPE,False,True,SOURCE_TYPED_MAPPING,UNREACHABLE,,True,False,False,False,False,False,False,False,False
places365,355,waterfall,places365-category:355,membership,VERIFIED_DEPICTED_TYPE,False,True,SOURCE_TYPED_MAPPING,UNREACHABLE,,True,False,False,False,False,False,False,False,False
places365,356,watering_hole,places365-category:356,membership,VERIFIED_DEPICTED_TYPE,False,True,SOURCE_TYPED_MAPPING,UNREACHABLE,,True,False,False,False,False,False,False,False,False
places365,357,wave,places365-category:357,membership,NATIVE_LABEL_ONLY,False,False,NATIVE_LABEL_ONLY,NOT_ADMITTED,,True,False,False,False,False,False,False,False,False
places365,358,wet_bar,places365-category:358,membership,VERIFIED_DEPICTED_TYPE,False,True,SOURCE_TYPED_MAPPING,UNREACHABLE,,True,False,False,False,False,False,False,False,False
places365,359,wheat_field,places365-category:359,membership,VERIFIED_DEPICTED_TYPE,False,True,SOURCE_TYPED_MAPPING,UNREACHABLE,,True,False,False,False,False,False,False,False,False
places365,360,wind_farm,places365-category:360,membership,VERIFIED_DEPICTED_TYPE,False,True,SOURCE_TYPED_MAPPING,UNREACHABLE,,True,False,False,False,False,False,False,False,False
places365,361,windmill,places365-category:361,membership,NATIVE_LABEL_ONLY,False,False,NATIVE_LABEL_ONLY,NOT_ADMITTED,,True,False,False,False,False,False,False,False,False
places365,362,yard,places365-category:362,membership,NATIVE_LABEL_ONLY,False,False,NATIVE_LABEL_ONLY,NOT_ADMITTED,,True,False,False,False,False,False,False,False,False
places365,363,youth_hostel,places365-category:363,membership,VERIFIED_DEPICTED_TYPE,False,True,SOURCE_TYPED_MAPPING,UNREACHABLE,,True,False,False,False,False,False,False,False,False
places365,364,zen_garden,places365-category:364,membership,NATIVE_LABEL_ONLY,False,False,NATIVE_LABEL_ONLY,NOT_ADMITTED,,True,False,False,False,False,False,False,False,False
resisc45,0,airplane,resisc45-category:0,membership,VERIFIED_DEPICTED_TYPE,False,True,SOURCE_TYPED_MAPPING,UNREACHABLE,,True,False,False,False,False,False,False,False,False
resisc45,1,airport,resisc45-category:1,membership,VERIFIED_DEPICTED_TYPE,False,True,SOURCE_TYPED_MAPPING,UNREACHABLE,,True,False,False,False,False,False,False,False,False
resisc45,2,baseball_diamond,resisc45-category:2,membership,VERIFIED_DEPICTED_TYPE,False,True,SOURCE_TYPED_MAPPING,UNREACHABLE,,True,False,False,False,False,False,False,False,False
resisc45,3,basketball_court,resisc45-category:3,membership,VERIFIED_DEPICTED_TYPE,False,True,SOURCE_TYPED_MAPPING,UNREACHABLE,,True,False,False,False,False,False,False,False,False
resisc45,4,beach,resisc45-category:4,membership,VERIFIED_DEPICTED_TYPE,False,True,SOURCE_TYPED_MAPPING,UNREACHABLE,,True,False,False,False,False,False,False,False,False
resisc45,5,bridge,resisc45-category:5,membership,NATIVE_LABEL_ONLY,False,False,NATIVE_LABEL_ONLY,NOT_ADMITTED,,True,False,False,False,False,False,False,False,False
resisc45,6,chaparral,resisc45-category:6,membership,NATIVE_LABEL_ONLY,False,False,NATIVE_LABEL_ONLY,NOT_ADMITTED,,True,False,False,False,False,False,False,False,False
resisc45,7,church,resisc45-category:7,membership,VERIFIED_DEPICTED_TYPE,False,True,SOURCE_TYPED_MAPPING,UNREACHABLE,,True,False,False,False,False,False,False,False,False
resisc45,8,circular_farmland,resisc45-category:8,membership,NATIVE_LABEL_ONLY,False,False,NATIVE_LABEL_ONLY,NOT_ADMITTED,,True,False,False,False,False,False,False,False,False
resisc45,9,cloud,resisc45-category:9,membership,NATIVE_LABEL_ONLY,False,False,NATIVE_LABEL_ONLY,NOT_ADMITTED,,True,False,False,False,False,False,False,False,False
resisc45,10,commercial_area,resisc45-category:10,membership,VERIFIED_DEPICTED_TYPE,False,True,SOURCE_TYPED_MAPPING,UNREACHABLE,,True,False,False,False,False,False,False,False,False
resisc45,11,dense_residential,resisc45-category:11,membership,VERIFIED_DEPICTED_TYPE,False,True,SOURCE_TYPED_MAPPING,UNREACHABLE,,True,False,False,False,False,False,False,False,False
resisc45,12,desert,resisc45-category:12,membership,VERIFIED_DEPICTED_TYPE,False,True,SOURCE_TYPED_MAPPING,UNREACHABLE,,True,False,False,False,False,False,False,False,False
resisc45,13,forest,resisc45-category:13,membership,VERIFIED_DEPICTED_TYPE,False,True,SOURCE_TYPED_MAPPING,UNREACHABLE,,True,False,False,False,False,False,False,False,False
resisc45,14,freeway,resisc45-category:14,membership,VERIFIED_DEPICTED_TYPE,False,True,SOURCE_TYPED_MAPPING,UNREACHABLE,,True,False,False,False,False,False,False,False,False
resisc45,15,golf_course,resisc45-category:15,membership,VERIFIED_DEPICTED_TYPE,False,True,SOURCE_TYPED_MAPPING,UNREACHABLE,,True,False,False,False,False,False,False,False,False
resisc45,16,ground_track_field,resisc45-category:16,membership,VERIFIED_DEPICTED_TYPE,False,True,SOURCE_TYPED_MAPPING,UNREACHABLE,,True,False,False,False,False,False,False,False,False
resisc45,17,harbor,resisc45-category:17,membership,NATIVE_LABEL_ONLY,False,False,NATIVE_LABEL_ONLY,NOT_ADMITTED,,True,False,False,False,False,False,False,False,False
resisc45,18,industrial_area,resisc45-category:18,membership,VERIFIED_DEPICTED_TYPE,False,True,SOURCE_TYPED_MAPPING,UNREACHABLE,,True,False,False,False,False,False,False,False,False
resisc45,19,intersection,resisc45-category:19,membership,VERIFIED_DEPICTED_TYPE,False,True,SOURCE_TYPED_MAPPING,UNREACHABLE,,True,False,False,False,False,False,False,False,False
resisc45,20,island,resisc45-category:20,membership,NATIVE_LABEL_ONLY,False,False,NATIVE_LABEL_ONLY,NOT_ADMITTED,,True,False,False,False,False,False,False,False,False
resisc45,21,lake,resisc45-category:21,membership,NATIVE_LABEL_ONLY,False,False,NATIVE_LABEL_ONLY,NOT_ADMITTED,,True,False,False,False,False,False,False,False,False
resisc45,22,meadow,resisc45-category:22,membership,VERIFIED_DEPICTED_TYPE,False,True,SOURCE_TYPED_MAPPING,UNREACHABLE,,True,False,False,False,False,False,False,False,False
resisc45,23,medium_residential,resisc45-category:23,membership,VERIFIED_DEPICTED_TYPE,False,True,SOURCE_TYPED_MAPPING,UNREACHABLE,,True,False,False,False,False,False,False,False,False
resisc45,24,mobile_home_park,resisc45-category:24,membership,NATIVE_LABEL_ONLY,False,False,NATIVE_LABEL_ONLY,NOT_ADMITTED,,True,False,False,False,False,False,False,False,False
resisc45,25,mountain,resisc45-category:25,membership,VERIFIED_DEPICTED_TYPE,False,True,SOURCE_TYPED_MAPPING,UNREACHABLE,,True,False,False,False,False,False,False,False,False
resisc45,26,overpass,resisc45-category:26,membership,VERIFIED_DEPICTED_TYPE,False,True,SOURCE_TYPED_MAPPING,UNREACHABLE,,True,False,False,False,False,False,False,False,False
resisc45,27,palace,resisc45-category:27,membership,NATIVE_LABEL_ONLY,False,False,NATIVE_LABEL_ONLY,NOT_ADMITTED,,True,False,False,False,False,False,False,False,False
resisc45,28,parking_lot,resisc45-category:28,membership,VERIFIED_DEPICTED_TYPE,False,True,SOURCE_TYPED_MAPPING,UNREACHABLE,,True,False,False,False,False,False,False,False,False
resisc45,29,railway,resisc45-category:29,membership,VERIFIED_DEPICTED_TYPE,False,True,SOURCE_TYPED_MAPPING,UNREACHABLE,,True,False,False,False,False,False,False,False,False
resisc45,30,railway_station,resisc45-category:30,membership,VERIFIED_DEPICTED_TYPE,False,True,SOURCE_TYPED_MAPPING,UNREACHABLE,,True,False,False,False,False,False,False,False,False
resisc45,31,rectangular_farmland,resisc45-category:31,membership,NATIVE_LABEL_ONLY,False,False,NATIVE_LABEL_ONLY,NOT_ADMITTED,,True,False,False,False,False,False,False,False,False
resisc45,32,river,resisc45-category:32,membership,VERIFIED_DEPICTED_TYPE,False,True,SOURCE_TYPED_MAPPING,UNREACHABLE,,True,False,False,False,False,False,False,False,False
resisc45,33,roundabout,resisc45-category:33,membership,NATIVE_LABEL_ONLY,False,False,NATIVE_LABEL_ONLY,NOT_ADMITTED,,True,False,False,False,False,False,False,False,False
resisc45,34,runway,resisc45-category:34,membership,NATIVE_LABEL_ONLY,False,False,NATIVE_LABEL_ONLY,NOT_ADMITTED,,True,False,False,False,False,False,False,False,False
resisc45,35,sea_ice,resisc45-category:35,membership,NATIVE_LABEL_ONLY,False,False,NATIVE_LABEL_ONLY,NOT_ADMITTED,,True,False,False,False,False,False,False,False,False
resisc45,36,ship,resisc45-category:36,membership,VERIFIED_DEPICTED_TYPE,False,True,SOURCE_TYPED_MAPPING,UNREACHABLE,,True,False,False,False,False,False,False,False,False
resisc45,37,snowberg,resisc45-category:37,membership,NATIVE_LABEL_ONLY,False,False,NATIVE_LABEL_ONLY,NOT_ADMITTED,,True,False,False,False,False,False,False,False,False
resisc45,38,sparse_residential,resisc45-category:38,membership,VERIFIED_DEPICTED_TYPE,False,True,SOURCE_TYPED_MAPPING,UNREACHABLE,,True,False,False,False,False,False,False,False,False
resisc45,39,stadium,resisc45-category:39,membership,VERIFIED_DEPICTED_TYPE,False,True,SOURCE_TYPED_MAPPING,UNREACHABLE,,True,False,False,False,False,False,False,False,False
resisc45,40,storage_tank,resisc45-category:40,membership,VERIFIED_DEPICTED_TYPE,False,True,SOURCE_TYPED_MAPPING,UNREACHABLE,,True,False,False,False,False,False,False,False,False
resisc45,41,tennis_court,resisc45-category:41,membership,VERIFIED_DEPICTED_TYPE,False,True,SOURCE_TYPED_MAPPING,UNREACHABLE,,True,False,False,False,False,False,False,False,False
resisc45,42,terrace,resisc45-category:42,membership,NATIVE_LABEL_ONLY,False,False,NATIVE_LABEL_ONLY,NOT_ADMITTED,,True,False,False,False,False,False,False,False,False
resisc45,43,thermal_power_station,resisc45-category:43,membership,VERIFIED_DEPICTED_TYPE,False,True,SOURCE_TYPED_MAPPING,UNREACHABLE,,True,False,False,False,False,False,False,False,False
resisc45,44,wetland,resisc45-category:44,membership,VERIFIED_DEPICTED_TYPE,False,True,SOURCE_TYPED_MAPPING,UNREACHABLE,,True,False,False,False,False,False,False,False,False
stanford_cars,1,AM General Hummer SUV 2000,v26-car:9f68263aa2797f355941bfa9dd0833a1,membership,VERIFIED,True,True,EXACT_IDENTITY,UNREACHABLE,,True,True,False,False,False,False,False,False,False
stanford_cars,2,Acura RL Sedan 2012,epa:32066,membership,VERIFIED,True,True,EXACT_IDENTITY,UNREACHABLE,,True,True,False,False,False,False,False,False,False
stanford_cars,3,Acura TL Sedan 2012,v26-car:6eb94c4335ef3ca22ffb76de87e74f49,membership,VERIFIED,True,True,EXACT_IDENTITY,UNREACHABLE,,True,True,False,False,False,False,False,False,False
stanford_cars,4,Acura TL Type-S 2008,v26-car:9339eb2c53d9776691601e6758f83e8e,membership,VERIFIED,True,True,EXACT_IDENTITY,UNREACHABLE,,True,True,False,False,False,False,False,False,False
stanford_cars,5,Acura TSX Sedan 2012,v26-car:ffb8fdc4fdb3019c03c850a2e83a830a,membership,VERIFIED,True,True,EXACT_IDENTITY,UNREACHABLE,,True,True,False,False,False,False,False,False,False
stanford_cars,6,Acura Integra Type R 2001,v26-car:fcb8ab77e9d9e3a78b2282b7dc18cba9,membership,VERIFIED,True,True,EXACT_IDENTITY,UNREACHABLE,,True,True,False,False,False,False,False,False,False
stanford_cars,7,Acura ZDX Hatchback 2012,v26-car:7169c5459767781fe16b200d312cfeaf,membership,VERIFIED,True,True,EXACT_IDENTITY,UNREACHABLE,,True,True,False,False,False,False,False,False,False
stanford_cars,8,Aston Martin V8 Vantage Convertible 2012,v26-car:0458a07d5ad05c0f6fbca341fcc7c6ca,membership,VERIFIED,True,True,EXACT_IDENTITY,UNREACHABLE,,True,True,False,False,False,False,False,False,False
stanford_cars,9,Aston Martin V8 Vantage Coupe 2012,v26-car:de50a3ec4af2c4886a6870a625c1fc9f,membership,VERIFIED,True,True,EXACT_IDENTITY,UNREACHABLE,,True,True,False,False,False,False,False,False,False
stanford_cars,10,Aston Martin Virage Convertible 2012,vehicle-configuration:2c84c8d0b2817e5f636938fd4bf7c3f6,membership,VERIFIED,True,True,EXACT_IDENTITY,UNREACHABLE,,True,True,False,False,False,False,False,False,False
stanford_cars,11,Aston Martin Virage Coupe 2012,vehicle-configuration:820278f969fce647260e365ad02fab76,membership,VERIFIED,True,True,EXACT_IDENTITY,UNREACHABLE,,True,True,False,False,False,False,False,False,False
stanford_cars,12,Audi RS 4 Convertible 2008,v26-car:78107acfa137a9c677b88fa4dbb1e4cc,membership,VERIFIED,True,True,EXACT_IDENTITY,UNREACHABLE,,True,True,False,False,False,False,False,False,False
stanford_cars,13,Audi A5 Coupe 2012,v26-car:99541d47ecfd76665ed2c081b133bb48,membership,VERIFIED,True,True,EXACT_IDENTITY,UNREACHABLE,,True,True,False,False,False,False,False,False,False
stanford_cars,14,Audi TTS Coupe 2012,v26-car:172307e18a60e4148ed1251ddfe41c36,membership,VERIFIED,True,True,EXACT_IDENTITY,UNREACHABLE,,True,True,False,False,False,False,False,False,False
stanford_cars,15,Audi R8 Coupe 2012,v26-car:7357bbd71ffb09fa6ff54c4826ea1390,membership,VERIFIED,True,True,EXACT_IDENTITY,UNREACHABLE,,True,True,False,False,False,False,False,False,False
stanford_cars,16,Audi V8 Sedan 1994,epa:10852,membership,VERIFIED,True,True,EXACT_IDENTITY,UNREACHABLE,,True,True,False,False,False,False,False,False,False
stanford_cars,17,Audi 100 Sedan 1994,v26-car:0c43225ae19f3ea02af395b8f6691db0,membership,VERIFIED,True,True,EXACT_IDENTITY,UNREACHABLE,,True,True,False,False,False,False,False,False,False
stanford_cars,18,Audi 100 Wagon 1994,v26-car:e861385eef8a92b75de9193a7ba12349,membership,VERIFIED,True,True,EXACT_IDENTITY,UNREACHABLE,,True,True,False,False,False,False,False,False,False
stanford_cars,19,Audi TT Hatchback 2011,v26-car:e67b0efe556ce2872ad4b458e7bd573c,membership,VERIFIED,True,True,EXACT_IDENTITY,UNREACHABLE,,True,True,False,False,False,False,False,False,False
stanford_cars,20,Audi S6 Sedan 2011,epa:30357,membership,VERIFIED,True,True,EXACT_IDENTITY,UNREACHABLE,,True,True,False,False,False,False,False,False,False
stanford_cars,21,Audi S5 Convertible 2012,v26-car:86e5b8d4487f57f27e80dbca69d3edce,membership,VERIFIED,True,True,EXACT_IDENTITY,UNREACHABLE,,True,True,False,False,False,False,False,False,False
stanford_cars,22,Audi S5 Coupe 2012,v26-car:e27b64ebce9e7bd7bac6828d2cc03eef,membership,VERIFIED,True,True,EXACT_IDENTITY,UNREACHABLE,,True,True,False,False,False,False,False,False,False
stanford_cars,23,Audi S4 Sedan 2012,v26-car:269b6fe53c91d4e5cbb70fd1848f4c3a,membership,VERIFIED,True,True,EXACT_IDENTITY,UNREACHABLE,,True,True,False,False,False,False,False,False,False
stanford_cars,24,Audi S4 Sedan 2007,v26-car:6ce20ad3cabb7acc80f08e4705a0af8b,membership,VERIFIED,True,True,EXACT_IDENTITY,UNREACHABLE,,True,True,False,False,False,False,False,False,False
stanford_cars,25,Audi TT RS Coupe 2012,epa:31567,membership,VERIFIED,True,True,EXACT_IDENTITY,UNREACHABLE,,True,True,False,False,False,False,False,False,False
stanford_cars,26,BMW ActiveHybrid 5 Sedan 2012,epa:33363,membership,VERIFIED,True,True,EXACT_IDENTITY,UNREACHABLE,,True,True,False,False,False,False,False,False,False
stanford_cars,27,BMW 1 Series Convertible 2012,v26-car:39aca576ed30a21d47637fdfed31eb34,membership,VERIFIED,True,True,EXACT_IDENTITY,UNREACHABLE,,True,True,False,False,False,False,False,False,False
stanford_cars,28,BMW 1 Series Coupe 2012,v26-car:dc09ccac75917cff03a03b2e86c3dccf,membership,VERIFIED,True,True,EXACT_IDENTITY,UNREACHABLE,,True,True,False,False,False,False,False,False,False
stanford_cars,29,BMW 3 Series Sedan 2012,v26-car:cd5cfd3fc37471a95e2bc4f97e78e0b4,membership,VERIFIED,True,True,EXACT_IDENTITY,UNREACHABLE,,True,True,False,False,False,False,False,False,False
stanford_cars,30,BMW 3 Series Wagon 2012,v26-car:a7abae57b574b3bf56906b8058bfdc4a,membership,VERIFIED,True,True,EXACT_IDENTITY,UNREACHABLE,,True,True,False,False,False,False,False,False,False
stanford_cars,31,BMW 6 Series Convertible 2007,v26-car:7cd979723703dba5612904ac4a4474a0,membership,VERIFIED,True,True,EXACT_IDENTITY,UNREACHABLE,,True,True,False,False,False,False,False,False,False
stanford_cars,32,BMW X5 SUV 2007,v26-car:f1a6559c9590907b2c8f6fc523ea2224,membership,VERIFIED,True,True,EXACT_IDENTITY,UNREACHABLE,,True,True,False,False,False,False,False,False,False
stanford_cars,33,BMW X6 SUV 2012,v26-car:eb4430ca15cf42bd3f2124baa88e0d12,membership,VERIFIED,True,True,EXACT_IDENTITY,UNREACHABLE,,True,True,False,False,False,False,False,False,False
stanford_cars,34,BMW M3 Coupe 2012,v26-car:d1a987fd70deddeff1ff248c5e5cf0a5,membership,VERIFIED,True,True,EXACT_IDENTITY,UNREACHABLE,,True,True,False,False,False,False,False,False,False
stanford_cars,35,BMW M5 Sedan 2010,v26-car:45b5b84b63f5a17bcd376aca233aba5d,membership,VERIFIED,True,True,EXACT_IDENTITY,UNREACHABLE,,True,True,False,False,False,False,False,False,False
stanford_cars,36,BMW M6 Convertible 2010,v26-car:5fc64e03f76d458f97b628d3478d7480,membership,VERIFIED,True,True,EXACT_IDENTITY,UNREACHABLE,,True,True,False,False,False,False,False,False,False
stanford_cars,37,BMW X3 SUV 2012,v26-car:e5c52517be9b228d08df83148d08acf3,membership,VERIFIED,True,True,EXACT_IDENTITY,UNREACHABLE,,True,True,False,False,False,False,False,False,False
stanford_cars,38,BMW Z4 Convertible 2012,v26-car:221dcfea2c541b6ed1dacfe79513a41b,membership,VERIFIED,True,True,EXACT_IDENTITY,UNREACHABLE,,True,True,False,False,False,False,False,False,False
stanford_cars,39,Bentley Continental Supersports Conv. Convertible 2012,v26-car:ce0e2122ef5934845a6affce1f124789,membership,VERIFIED,True,True,EXACT_IDENTITY,UNREACHABLE,,True,True,False,False,False,False,False,False,False
stanford_cars,40,Bentley Arnage Sedan 2009,epa:25267,membership,VERIFIED,True,True,EXACT_IDENTITY,UNREACHABLE,,True,True,False,False,False,False,False,False,False
stanford_cars,41,Bentley Mulsanne Sedan 2011,epa:31007,membership,VERIFIED,True,True,EXACT_IDENTITY,UNREACHABLE,,True,True,False,False,False,False,False,False,False
stanford_cars,42,Bentley Continental GT Coupe 2012,epa:31181,membership,VERIFIED,True,True,EXACT_IDENTITY,UNREACHABLE,,True,True,False,False,False,False,False,False,False
stanford_cars,43,Bentley Continental GT Coupe 2007,epa:23172,membership,VERIFIED,True,True,EXACT_IDENTITY,UNREACHABLE,,True,True,False,False,False,False,False,False,False
stanford_cars,44,Bentley Continental Flying Spur Sedan 2007,epa:23239,membership,VERIFIED,True,True,EXACT_IDENTITY,UNREACHABLE,,True,True,False,False,False,False,False,False,False
stanford_cars,45,Bugatti Veyron 16.4 Convertible 2009,v26-car:f0fa65bbae967b00e069e832b2775042,membership,VERIFIED,True,True,EXACT_IDENTITY,UNREACHABLE,,True,True,False,False,False,False,False,False,False
stanford_cars,46,Bugatti Veyron 16.4 Coupe 2009,v26-car:ae49940a0fb83893f192d05fa3097898,membership,VERIFIED,True,True,EXACT_IDENTITY,UNREACHABLE,,True,True,False,False,False,False,False,False,False
stanford_cars,47,Buick Regal GS 2012,v26-car:853400578726d74578bacc9c6e5db42b,membership,VERIFIED,True,True,EXACT_IDENTITY,UNREACHABLE,,True,True,False,False,False,False,False,False,False
stanford_cars,48,Buick Rainier SUV 2007,v26-car:c38787aa512709138ce05978e2753481,membership,VERIFIED,True,True,EXACT_IDENTITY,UNREACHABLE,,True,True,False,False,False,False,False,False,False
stanford_cars,49,Buick Verano Sedan 2012,epa:32160,membership,VERIFIED,True,True,EXACT_IDENTITY,UNREACHABLE,,True,True,False,False,False,False,False,False,False
stanford_cars,50,Buick Enclave SUV 2012,v26-car:3224ad9dfdee412fe2084a060b6263bf,membership,VERIFIED,True,True,EXACT_IDENTITY,UNREACHABLE,,True,True,False,False,False,False,False,False,False
stanford_cars,51,Cadillac CTS-V Sedan 2012,v26-car:600809234c0642124ffc0725c737244a,membership,VERIFIED,True,True,EXACT_IDENTITY,UNREACHABLE,,True,True,False,False,False,False,False,False,False
stanford_cars,52,Cadillac SRX SUV 2012,v26-car:594dbf16867afe0b525a947585738218,membership,VERIFIED,True,True,EXACT_IDENTITY,UNREACHABLE,,True,True,False,False,False,False,False,False,False
stanford_cars,53,Cadillac Escalade EXT Crew Cab 2007,v26-car:cffaf308246862ee9997d40097afb011,membership,VERIFIED,True,True,EXACT_IDENTITY,UNREACHABLE,,True,True,False,False,False,False,False,False,False
stanford_cars,54,Chevrolet Silverado 1500 Hybrid Crew Cab 2012,v26-car:776386917223d97436a271b7bfb5f7b3,membership,VERIFIED,True,True,EXACT_IDENTITY,UNREACHABLE,,True,True,False,False,False,False,False,False,False
stanford_cars,55,Chevrolet Corvette Convertible 2012,v26-car:d848d2f704a1a9dae824017e84438ef5,membership,VERIFIED,True,True,EXACT_IDENTITY,UNREACHABLE,,True,True,False,False,False,False,False,False,False
stanford_cars,56,Chevrolet Corvette ZR1 2012,v26-car:a5282ffb380a20288218adad2a63170d,membership,VERIFIED,True,True,EXACT_IDENTITY,UNREACHABLE,,True,True,False,False,False,False,False,False,False
stanford_cars,57,Chevrolet Corvette Ron Fellows Edition Z06 2007,v26-car:e86b979a5c6bb0b82129a9af86d01a23,membership,VERIFIED,True,True,EXACT_IDENTITY,UNREACHABLE,,True,True,False,False,False,False,False,False,False
stanford_cars,58,Chevrolet Traverse SUV 2012,v26-car:afaf907e4d14b681f5e72f46e5e4be5b,membership,VERIFIED,True,True,EXACT_IDENTITY,UNREACHABLE,,True,True,False,False,False,False,False,False,False
stanford_cars,59,Chevrolet Camaro Convertible 2012,v26-car:a4b6b4bc75bd4e357e1036bf3ff1bbb5,membership,VERIFIED,True,True,EXACT_IDENTITY,UNREACHABLE,,True,True,False,False,False,False,False,False,False
stanford_cars,60,Chevrolet HHR SS 2010,v26-car:1da04044dc54b9faf1f2be43df689a3c,membership,VERIFIED,True,True,EXACT_IDENTITY,UNREACHABLE,,True,True,False,False,False,False,False,False,False
stanford_cars,61,Chevrolet Impala Sedan 2007,v26-car:62ae749ac59501c4107546028b04c430,membership,VERIFIED,True,True,EXACT_IDENTITY,UNREACHABLE,,True,True,False,False,False,False,False,False,False
stanford_cars,62,Chevrolet Tahoe Hybrid SUV 2012,v26-car:21bece7e8ef06032e72cd8b39e59fbac,membership,VERIFIED,True,True,EXACT_IDENTITY,UNREACHABLE,,True,True,False,False,False,False,False,False,False
stanford_cars,63,Chevrolet Sonic Sedan 2012,v26-car:760d8db381519d27c28358b333254367,membership,VERIFIED,True,True,EXACT_IDENTITY,UNREACHABLE,,True,True,False,False,False,False,False,False,False
stanford_cars,64,Chevrolet Express Cargo Van 2007,v26-car:c88df0601baf6390ab5c05a5b03e2ed6,membership,VERIFIED,True,True,EXACT_IDENTITY,UNREACHABLE,,True,True,False,False,False,False,False,False,False
stanford_cars,65,Chevrolet Avalanche Crew Cab 2012,v26-car:84e32ca13138ab4c75b03ac009d99c6a,membership,VERIFIED,True,True,EXACT_IDENTITY,UNREACHABLE,,True,True,False,False,False,False,False,False,False
stanford_cars,66,Chevrolet Cobalt SS 2010,v26-car:bbfed5d978feeeceb195101708fe844f,membership,VERIFIED,True,True,EXACT_IDENTITY,UNREACHABLE,,True,True,False,False,False,False,False,False,False
stanford_cars,67,Chevrolet Malibu Hybrid Sedan 2010,v26-car:160adc27944baeb4e7d6ef9e03392d9b,membership,VERIFIED,True,True,EXACT_IDENTITY,UNREACHABLE,,True,True,False,False,False,False,False,False,False
stanford_cars,68,Chevrolet TrailBlazer SS 2009,v26-car:63fa5c96bde5f2c473c91b11fbda380d,membership,VERIFIED,True,True,EXACT_IDENTITY,UNREACHABLE,,True,True,False,False,False,False,False,False,False
stanford_cars,69,Chevrolet Silverado 2500HD Regular Cab 2012,v26-car:3dc101f15b58e583be64dbab0a47c557,membership,VERIFIED,True,True,EXACT_IDENTITY,UNREACHABLE,,True,True,False,False,False,False,False,False,False
stanford_cars,70,Chevrolet Silverado 1500 Classic Extended Cab 2007,v26-car:f99c82ab08b78ee298a6f16229a50c0a,membership,VERIFIED,True,True,EXACT_IDENTITY,UNREACHABLE,,True,True,False,False,False,False,False,False,False
stanford_cars,71,Chevrolet Express Van 2007,v26-car:098b82acabcbb52be355a34c09627290,membership,VERIFIED,True,True,EXACT_IDENTITY,UNREACHABLE,,True,True,False,False,False,False,False,False,False
stanford_cars,72,Chevrolet Monte Carlo Coupe 2007,v26-car:b0542799b2276e8f8f580f1dcd6e6d8a,membership,VERIFIED,True,True,EXACT_IDENTITY,UNREACHABLE,,True,True,False,False,False,False,False,False,False
stanford_cars,73,Chevrolet Malibu Sedan 2007,v26-car:86b2becac8feb27dec208168a356e731,membership,VERIFIED,True,True,EXACT_IDENTITY,UNREACHABLE,,True,True,False,False,False,False,False,False,False
stanford_cars,74,Chevrolet Silverado 1500 Extended Cab 2012,v26-car:88a5959e64dd7077d1d28052b2ab89d4,membership,VERIFIED,True,True,EXACT_IDENTITY,UNREACHABLE,,True,True,False,False,False,False,False,False,False
stanford_cars,75,Chevrolet Silverado 1500 Regular Cab 2012,v26-car:1f51ac8969ce4e47453e4c85101d99b9,membership,VERIFIED,True,True,EXACT_IDENTITY,UNREACHABLE,,True,True,False,False,False,False,False,False,False
stanford_cars,76,Chrysler Aspen SUV 2009,v26-car:7307b3190a435e367eb4a216e203fc87,membership,VERIFIED,True,True,EXACT_IDENTITY,UNREACHABLE,,True,True,False,False,False,False,False,False,False
stanford_cars,77,Chrysler Sebring Convertible 2010,v26-car:f94681984f71d81662ac7b85a0e46c10,membership,VERIFIED,True,True,EXACT_IDENTITY,UNREACHABLE,,True,True,False,False,False,False,False,False,False
stanford_cars,78,Chrysler Town and Country Minivan 2012,epa:31461,membership,VERIFIED,True,True,EXACT_IDENTITY,UNREACHABLE,,True,True,False,False,False,False,False,False,False
stanford_cars,79,Chrysler 300 SRT-8 2010,v26-car:18f27f04afd45659e57ec52f99e758df,membership,VERIFIED,True,True,EXACT_IDENTITY,UNREACHABLE,,True,True,False,False,False,False,False,False,False
stanford_cars,80,Chrysler Crossfire Convertible 2008,v26-car:5baa3cd910d1300a42958ec3cd5b25c2,membership,VERIFIED,True,True,EXACT_IDENTITY,UNREACHABLE,,True,True,False,False,False,False,False,False,False
stanford_cars,81,Chrysler PT Cruiser Convertible 2008,v26-car:1d86ad9aa5e66ea7829c080fd54e199f,membership,VERIFIED,True,True,EXACT_IDENTITY,UNREACHABLE,,True,True,False,False,False,False,False,False,False
stanford_cars,82,Daewoo Nubira Wagon 2002,v26-car:b8c597634c9f2164a7edc2e3e9ae8d23,membership,VERIFIED,True,True,EXACT_IDENTITY,UNREACHABLE,,True,True,False,False,False,False,False,False,False
stanford_cars,83,Dodge Caliber Wagon 2012,v26-car:5620ae81d0e97fa9fe9e53ccba6f3ecf,membership,VERIFIED,True,True,EXACT_IDENTITY,UNREACHABLE,,True,True,False,False,False,False,False,False,False
stanford_cars,84,Dodge Caliber Wagon 2007,v26-car:fda411e3ec490a41c783531facb59166,membership,VERIFIED,True,True,EXACT_IDENTITY,UNREACHABLE,,True,True,False,False,False,False,False,False,False
stanford_cars,85,Dodge Caravan Minivan 1997,v26-car:2d80f63799f7fa1821834ef35e3711cb,membership,VERIFIED,True,True,EXACT_IDENTITY,UNREACHABLE,,True,True,False,False,False,False,False,False,False
stanford_cars,86,Dodge Ram Pickup 3500 Crew Cab 2010,v26-car:6eedbcc6dc0c302aafc139d821e9f0c0,membership,VERIFIED,True,True,EXACT_IDENTITY,UNREACHABLE,,True,True,False,False,False,False,False,False,False
stanford_cars,87,Dodge Ram Pickup 3500 Quad Cab 2009,v26-car:c8c37418b9ffa07281b898e46d70666b,membership,VERIFIED,True,True,EXACT_IDENTITY,UNREACHABLE,,True,True,False,False,False,False,False,False,False
stanford_cars,88,Dodge Sprinter Cargo Van 2009,v26-car:7024ef0c0339307f2e3a7c75524c04a0,membership,VERIFIED,True,True,EXACT_IDENTITY,UNREACHABLE,,True,True,False,False,False,False,False,False,False
stanford_cars,89,Dodge Journey SUV 2012,v26-car:b7cfe4e94b6f6869d83978574ecae879,membership,VERIFIED,True,True,EXACT_IDENTITY,UNREACHABLE,,True,True,False,False,False,False,False,False,False
stanford_cars,90,Dodge Dakota Crew Cab 2010,v26-car:01c33d5a16aaa2c77b5fd3863d5f7813,membership,VERIFIED,True,True,EXACT_IDENTITY,UNREACHABLE,,True,True,False,False,False,False,False,False,False
stanford_cars,91,Dodge Dakota Club Cab 2007,v26-car:212bc6857060f73e7e684088c1a87cad,membership,VERIFIED,True,True,EXACT_IDENTITY,UNREACHABLE,,True,True,False,False,False,False,False,False,False
stanford_cars,92,Dodge Magnum Wagon 2008,v26-car:f7c9bdafe145ebee4c9967047b584306,membership,VERIFIED,True,True,EXACT_IDENTITY,UNREACHABLE,,True,True,False,False,False,False,False,False,False
stanford_cars,93,Dodge Challenger SRT8 2011,v26-car:904204c3d602d7d45ca4bdc520b3df55,membership,VERIFIED,True,True,EXACT_IDENTITY,UNREACHABLE,,True,True,False,False,False,False,False,False,False
stanford_cars,94,Dodge Durango SUV 2012,v26-car:b86c05981a898627883c07e24ca1fd00,membership,VERIFIED,True,True,EXACT_IDENTITY,UNREACHABLE,,True,True,False,False,False,False,False,False,False
stanford_cars,95,Dodge Durango SUV 2007,v26-car:bf39dc45b392aae8aa7282a15c4a15c0,membership,VERIFIED,True,True,EXACT_IDENTITY,UNREACHABLE,,True,True,False,False,False,False,False,False,False
stanford_cars,96,Dodge Charger Sedan 2012,v26-car:2745158617df35a6696a78f88b5c87cd,membership,VERIFIED,True,True,EXACT_IDENTITY,UNREACHABLE,,True,True,False,False,False,False,False,False,False
stanford_cars,97,Dodge Charger SRT-8 2009,v26-car:d09c6fa95d806d4f28283f55a3f8c9ee,membership,VERIFIED,True,True,EXACT_IDENTITY,UNREACHABLE,,True,True,False,False,False,False,False,False,False
stanford_cars,98,Eagle Talon Hatchback 1998,v26-car:e614e160a05d5c2b4bca77e696719cc7,membership,VERIFIED,True,True,EXACT_IDENTITY,UNREACHABLE,,True,True,False,False,False,False,False,False,False
stanford_cars,99,FIAT 500 Abarth 2012,v26-car:38e77701220320c83ba284908e9f9eae,membership,VERIFIED,True,True,EXACT_IDENTITY,UNREACHABLE,,True,True,False,False,False,False,False,False,False
stanford_cars,100,FIAT 500 Convertible 2012,v26-car:ed9a64db887c160873e52bb83e7c158c,membership,VERIFIED,True,True,EXACT_IDENTITY,UNREACHABLE,,True,True,False,False,False,False,False,False,False
stanford_cars,101,Ferrari FF Coupe 2012,v26-car:7683808395d814c695c1609bddfbea31,membership,VERIFIED,True,True,EXACT_IDENTITY,UNREACHABLE,,True,True,False,False,False,False,False,False,False
stanford_cars,102,Ferrari California Convertible 2012,v26-car:86bfd9c0b31999988a9529bdad1e3fd6,membership,VERIFIED,True,True,EXACT_IDENTITY,UNREACHABLE,,True,True,False,False,False,False,False,False,False
stanford_cars,103,Ferrari 458 Italia Convertible 2012,v26-car:97fdd4532bd7966227e89cc1e4e9e38d,membership,VERIFIED,True,True,EXACT_IDENTITY,UNREACHABLE,,True,True,False,False,False,False,False,False,False
stanford_cars,104,Ferrari 458 Italia Coupe 2012,v26-car:16a9d00b2c96999ce857cc62fd77db46,membership,VERIFIED,True,True,EXACT_IDENTITY,UNREACHABLE,,True,True,False,False,False,False,False,False,False
stanford_cars,105,Fisker Karma Sedan 2012,epa:32516,membership,VERIFIED,True,True,EXACT_IDENTITY,UNREACHABLE,,True,True,False,False,False,False,False,False,False
stanford_cars,106,Ford F-450 Super Duty Crew Cab 2012,v26-car:1827d72d6314c492100a6288548cab8d,membership,VERIFIED,True,True,EXACT_IDENTITY,UNREACHABLE,,True,True,False,False,False,False,False,False,False
stanford_cars,107,Ford Mustang Convertible 2007,v26-car:9564195f0bd940214ad96a16becf5c72,membership,VERIFIED,True,True,EXACT_IDENTITY,UNREACHABLE,,True,True,False,False,False,False,False,False,False
stanford_cars,108,Ford Freestar Minivan 2007,v26-car:8c180984fc1e3049f84d31c9272b6682,membership,VERIFIED,True,True,EXACT_IDENTITY,UNREACHABLE,,True,True,False,False,False,False,False,False,False
stanford_cars,109,Ford Expedition EL SUV 2009,v26-car:4e05e746f14d7af7873481b9547406a9,membership,VERIFIED,True,True,EXACT_IDENTITY,UNREACHABLE,,True,True,False,False,False,False,False,False,False
stanford_cars,110,Ford Edge SUV 2012,v26-car:1b18c8712b8eca62a8def8131cbe5224,membership,VERIFIED,True,True,EXACT_IDENTITY,UNREACHABLE,,True,True,False,False,False,False,False,False,False
stanford_cars,111,Ford Ranger SuperCab 2011,v26-car:a42ce2a5c0c774d31111f3acc06956d7,membership,VERIFIED,True,True,EXACT_IDENTITY,UNREACHABLE,,True,True,False,False,False,False,False,False,False
stanford_cars,112,Ford GT Coupe 2006,v26-car:758c0020bfbca4b9c146596cc0d33899,membership,VERIFIED,True,True,EXACT_IDENTITY,UNREACHABLE,,True,True,False,False,False,False,False,False,False
stanford_cars,113,Ford F-150 Regular Cab 2012,v26-car:61992490402348434957ada4f4094bff,membership,VERIFIED,True,True,EXACT_IDENTITY,UNREACHABLE,,True,True,False,False,False,False,False,False,False
stanford_cars,114,Ford F-150 Regular Cab 2007,v26-car:d0e64dd2c95e7620e9b440c7752aed54,membership,VERIFIED,True,True,EXACT_IDENTITY,UNREACHABLE,,True,True,False,False,False,False,False,False,False
stanford_cars,115,Ford Focus Sedan 2007,v26-car:297a168f4599d9b3a494bbdde54603ab,membership,VERIFIED,True,True,EXACT_IDENTITY,UNREACHABLE,,True,True,False,False,False,False,False,False,False
stanford_cars,116,Ford E-Series Wagon Van 2012,v26-car:0e9414c5e4be4cb254f7d7774e574af5,membership,VERIFIED,True,True,EXACT_IDENTITY,UNREACHABLE,,True,True,False,False,False,False,False,False,False
stanford_cars,117,Ford Fiesta Sedan 2012,v26-car:f0f33d284ad66d4f7b9e33c025f7e735,membership,VERIFIED,True,True,EXACT_IDENTITY,UNREACHABLE,,True,True,False,False,False,False,False,False,False
stanford_cars,118,GMC Terrain SUV 2012,v26-car:98a1b1f5c6085a979531adf5b7fe0347,membership,VERIFIED,True,True,EXACT_IDENTITY,UNREACHABLE,,True,True,False,False,False,False,False,False,False
stanford_cars,119,GMC Savana Van 2012,v26-car:000660014e4d80251239ea777bae6666,membership,VERIFIED,True,True,EXACT_IDENTITY,UNREACHABLE,,True,True,False,False,False,False,False,False,False
stanford_cars,120,GMC Yukon Hybrid SUV 2012,v26-car:664daf621e87c63f2c05c99638476197,membership,VERIFIED,True,True,EXACT_IDENTITY,UNREACHABLE,,True,True,False,False,False,False,False,False,False
stanford_cars,121,GMC Acadia SUV 2012,v26-car:807a38dd1ffd2d68e6606740cb57031c,membership,VERIFIED,True,True,EXACT_IDENTITY,UNREACHABLE,,True,True,False,False,False,False,False,False,False
stanford_cars,122,GMC Canyon Extended Cab 2012,v26-car:460abd7a49662fb48d898366d732a3ff,membership,VERIFIED,True,True,EXACT_IDENTITY,UNREACHABLE,,True,True,False,False,False,False,False,False,False
stanford_cars,123,Geo Metro Convertible 1993,v26-car:573089bdeaa49ef1b9fa2c58bc815814,membership,VERIFIED,True,True,EXACT_IDENTITY,UNREACHABLE,,True,True,False,False,False,False,False,False,False
stanford_cars,124,HUMMER H3T Crew Cab 2010,v26-car:7bef180ba8119a403855f8b10b11edb4,membership,VERIFIED,True,True,EXACT_IDENTITY,UNREACHABLE,,True,True,False,False,False,False,False,False,False
stanford_cars,125,HUMMER H2 SUT Crew Cab 2009,v26-car:70a4168826431f97ba5b16042d990fa4,membership,VERIFIED,True,True,EXACT_IDENTITY,UNREACHABLE,,True,True,False,False,False,False,False,False,False
stanford_cars,126,Honda Odyssey Minivan 2012,v26-car:fcc15d897e1573adb5fdd1b10905bc8d,membership,VERIFIED,True,True,EXACT_IDENTITY,UNREACHABLE,,True,True,False,False,False,False,False,False,False
stanford_cars,127,Honda Odyssey Minivan 2007,v26-car:640ddc2e6eb56b9c48f52a2a43f9fc74,membership,VERIFIED,True,True,EXACT_IDENTITY,UNREACHABLE,,True,True,False,False,False,False,False,False,False
stanford_cars,128,Honda Accord Coupe 2012,v26-car:c59886d919a2fb1bdff3f322e0d26310,membership,VERIFIED,True,True,EXACT_IDENTITY,UNREACHABLE,,True,True,False,False,False,False,False,False,False
stanford_cars,129,Honda Accord Sedan 2012,v26-car:45d07ec1da258cac45286b3d650a5a5c,membership,VERIFIED,True,True,EXACT_IDENTITY,UNREACHABLE,,True,True,False,False,False,False,False,False,False
stanford_cars,130,Hyundai Veloster Hatchback 2012,v26-car:621e6e534edc86141ab1ec980db59801,membership,VERIFIED,True,True,EXACT_IDENTITY,UNREACHABLE,,True,True,False,False,False,False,False,False,False
stanford_cars,131,Hyundai Santa Fe SUV 2012,v26-car:a0f9fae55c575ff05b9986497d316958,membership,VERIFIED,True,True,EXACT_IDENTITY,UNREACHABLE,,True,True,False,False,False,False,False,False,False
stanford_cars,132,Hyundai Tucson SUV 2012,v26-car:3801b560649ef22130cd72e27cca5b96,membership,VERIFIED,True,True,EXACT_IDENTITY,UNREACHABLE,,True,True,False,False,False,False,False,False,False
stanford_cars,133,Hyundai Veracruz SUV 2012,v26-car:db8759065d8f18fb0337b05fba297a58,membership,VERIFIED,True,True,EXACT_IDENTITY,UNREACHABLE,,True,True,False,False,False,False,False,False,False
stanford_cars,134,Hyundai Sonata Hybrid Sedan 2012,v26-car:ee1618d392dfff28271f3507a4f840a1,membership,VERIFIED,True,True,EXACT_IDENTITY,UNREACHABLE,,True,True,False,False,False,False,False,False,False
stanford_cars,135,Hyundai Elantra Sedan 2007,v26-car:ece671ecfb086b81765e54b4a6998254,membership,VERIFIED,True,True,EXACT_IDENTITY,UNREACHABLE,,True,True,False,False,False,False,False,False,False
stanford_cars,136,Hyundai Accent Sedan 2012,v26-car:deac91dacbc3eed81c2341b2560509df,membership,VERIFIED,True,True,EXACT_IDENTITY,UNREACHABLE,,True,True,False,False,False,False,False,False,False
stanford_cars,137,Hyundai Genesis Sedan 2012,v26-car:26bb6d08fbc815d295c26ecca4bfbdc1,membership,VERIFIED,True,True,EXACT_IDENTITY,UNREACHABLE,,True,True,False,False,False,False,False,False,False
stanford_cars,138,Hyundai Sonata Sedan 2012,v26-car:5ce3ae1ca5ccd78dad6b2f2d2a3c88f4,membership,VERIFIED,True,True,EXACT_IDENTITY,UNREACHABLE,,True,True,False,False,False,False,False,False,False
stanford_cars,139,Hyundai Elantra Touring Hatchback 2012,v26-car:3a383e252a90866115fbdf57819c0ed3,membership,VERIFIED,True,True,EXACT_IDENTITY,UNREACHABLE,,True,True,False,False,False,False,False,False,False
stanford_cars,140,Hyundai Azera Sedan 2012,epa:32188,membership,VERIFIED,True,True,EXACT_IDENTITY,UNREACHABLE,,True,True,False,False,False,False,False,False,False
stanford_cars,141,Infiniti G Coupe IPL 2012,v26-car:8182a61449e24e433e0d1bb1104d2446,membership,VERIFIED,True,True,EXACT_IDENTITY,UNREACHABLE,,True,True,False,False,False,False,False,False,False
stanford_cars,142,Infiniti QX56 SUV 2011,v26-car:961d6c639ab16793122f923888f57c65,membership,VERIFIED,True,True,EXACT_IDENTITY,UNREACHABLE,,True,True,False,False,False,False,False,False,False
stanford_cars,143,Isuzu Ascender SUV 2008,v26-car:ed0ebeca5be3b7803c915c4cca43630b,membership,VERIFIED,True,True,EXACT_IDENTITY,UNREACHABLE,,True,True,False,False,False,False,False,False,False
stanford_cars,144,Jaguar XK XKR 2012,v26-car:4c4b638d1f3f066bf563a313ed6a3b62,membership,VERIFIED,True,True,EXACT_IDENTITY,UNREACHABLE,,True,True,False,False,False,False,False,False,False
stanford_cars,145,Jeep Patriot SUV 2012,v26-car:b36080bdba02ac1633ecdb7e86b366d3,membership,VERIFIED,True,True,EXACT_IDENTITY,UNREACHABLE,,True,True,False,False,False,False,False,False,False
stanford_cars,146,Jeep Wrangler SUV 2012,v26-car:5076a817ea04284fe453ac39fcb342f8,membership,VERIFIED,True,True,EXACT_IDENTITY,UNREACHABLE,,True,True,False,False,False,False,False,False,False
stanford_cars,147,Jeep Liberty SUV 2012,v26-car:1e701057e5da54e0123bdfa2a1e3c49b,membership,VERIFIED,True,True,EXACT_IDENTITY,UNREACHABLE,,True,True,False,False,False,False,False,False,False
stanford_cars,148,Jeep Grand Cherokee SUV 2012,v26-car:6d403280e9b9a9f98b3d809c49a551d5,membership,VERIFIED,True,True,EXACT_IDENTITY,UNREACHABLE,,True,True,False,False,False,False,False,False,False
stanford_cars,149,Jeep Compass SUV 2012,v26-car:79504647da7f0d75a07e828c0f9a40e3,membership,VERIFIED,True,True,EXACT_IDENTITY,UNREACHABLE,,True,True,False,False,False,False,False,False,False
stanford_cars,150,Lamborghini Reventon Coupe 2008,v26-car:2a436916d2fcd17e0acb8f7606de5c84,membership,VERIFIED,True,True,EXACT_IDENTITY,UNREACHABLE,,True,True,False,False,False,False,False,False,False
stanford_cars,151,Lamborghini Aventador Coupe 2012,epa:31087,membership,VERIFIED,True,True,EXACT_IDENTITY,UNREACHABLE,,True,True,False,False,False,False,False,False,False
stanford_cars,152,Lamborghini Gallardo LP 570-4 Superleggera 2012,v26-car:4d1189d45d5aaf6dcc065b6d014fe264,membership,VERIFIED,True,True,EXACT_IDENTITY,UNREACHABLE,,True,True,False,False,False,False,False,False,False
stanford_cars,153,Lamborghini Diablo Coupe 2001,v26-car:3884510a5a27b0ceee8573885a088c45,membership,VERIFIED,True,True,EXACT_IDENTITY,UNREACHABLE,,True,True,False,False,False,False,False,False,False
stanford_cars,154,Land Rover Range Rover SUV 2012,v26-car:86391921906a6b3d30f0abef45f5e138,membership,VERIFIED,True,True,EXACT_IDENTITY,UNREACHABLE,,True,True,False,False,False,False,False,False,False
stanford_cars,155,Land Rover LR2 SUV 2012,epa:32141,membership,VERIFIED,True,True,EXACT_IDENTITY,UNREACHABLE,,True,True,False,False,False,False,False,False,False
stanford_cars,156,Lincoln Town Car Sedan 2011,v26-car:4ca2e7ac6440f3e84c5dd3fcb3c39e0a,membership,VERIFIED,True,True,EXACT_IDENTITY,UNREACHABLE,,True,True,False,False,False,False,False,False,False
stanford_cars,157,MINI Cooper Roadster Convertible 2012,v26-car:1f39a5c1bc0e3fd9d0770d75d8ef3bf0,membership,VERIFIED,True,True,EXACT_IDENTITY,UNREACHABLE,,True,True,False,False,False,False,False,False,False
stanford_cars,158,Maybach Landaulet Convertible 2012,epa:32320,membership,VERIFIED,True,True,EXACT_IDENTITY,UNREACHABLE,,True,True,False,False,False,False,False,False,False
stanford_cars,159,Mazda Tribute SUV 2011,v26-car:cfcc0057423f86644616d81f5e8769eb,membership,VERIFIED,True,True,EXACT_IDENTITY,UNREACHABLE,,True,True,False,False,False,False,False,False,False
stanford_cars,160,McLaren MP4-12C Coupe 2012,v26-car:6f732a70612e4ffa8773dafc25112084,membership,VERIFIED,True,True,EXACT_IDENTITY,UNREACHABLE,,True,True,False,False,False,False,False,False,False
stanford_cars,161,Mercedes-Benz 300-Class Convertible 1993,v26-car:2c16b48b4b21409966a760bfad19662d,membership,VERIFIED,True,True,EXACT_IDENTITY,UNREACHABLE,,True,True,False,False,False,False,False,False,False
stanford_cars,162,Mercedes-Benz C-Class Sedan 2012,v26-car:542052ddd27031f481753325a9cc349c,membership,VERIFIED,True,True,EXACT_IDENTITY,UNREACHABLE,,True,True,False,False,False,False,False,False,False
stanford_cars,163,Mercedes-Benz SL-Class Coupe 2009,v26-car:cacd15943d5499a9262fe62199d5e8c8,membership,VERIFIED,True,True,EXACT_IDENTITY,UNREACHABLE,,True,True,False,False,False,False,False,False,False
stanford_cars,164,Mercedes-Benz E-Class Sedan 2012,v26-car:c24b49c0e29aabb6c6b454662b4ba12a,membership,VERIFIED,True,True,EXACT_IDENTITY,UNREACHABLE,,True,True,False,False,False,False,False,False,False
stanford_cars,165,Mercedes-Benz S-Class Sedan 2012,v26-car:e84c9e7c1f54f3bcd60fbc12b86d5add,membership,VERIFIED,True,True,EXACT_IDENTITY,UNREACHABLE,,True,True,False,False,False,False,False,False,False
stanford_cars,166,Mercedes-Benz Sprinter Van 2012,v26-car:77e4e3201da676a757d0a7e418118955,membership,VERIFIED,True,True,EXACT_IDENTITY,UNREACHABLE,,True,True,False,False,False,False,False,False,False
stanford_cars,167,Mitsubishi Lancer Sedan 2012,v26-car:9b403c7938a947651ecdc1ae6e35993e,membership,VERIFIED,True,True,EXACT_IDENTITY,UNREACHABLE,,True,True,False,False,False,False,False,False,False
stanford_cars,168,Nissan Leaf Hatchback 2012,epa:32154,membership,VERIFIED,True,True,EXACT_IDENTITY,UNREACHABLE,,True,True,False,False,False,False,False,False,False
stanford_cars,169,Nissan NV Passenger Van 2012,v26-car:8e6c9b0d4d0ce8928d79084e8473fb3d,membership,VERIFIED,True,True,EXACT_IDENTITY,UNREACHABLE,,True,True,False,False,False,False,False,False,False
stanford_cars,170,Nissan Juke Hatchback 2012,v26-car:1f776c1615fc9a855ff40571c0c2f153,membership,VERIFIED,True,True,EXACT_IDENTITY,UNREACHABLE,,True,True,False,False,False,False,False,False,False
stanford_cars,171,Nissan 240SX Coupe 1998,v26-car:b866227c8ab024ce31df1bfab41e5ee9,membership,VERIFIED,True,True,EXACT_IDENTITY,UNREACHABLE,,True,True,False,False,False,False,False,False,False
stanford_cars,172,Plymouth Neon Coupe 1999,v26-car:7113aefa1bf219e4ef3829dbf851534e,membership,VERIFIED,True,True,EXACT_IDENTITY,UNREACHABLE,,True,True,False,False,False,False,False,False,False
stanford_cars,173,Porsche Panamera Sedan 2012,epa:31805,membership,VERIFIED,True,True,EXACT_IDENTITY,UNREACHABLE,,True,True,False,False,False,False,False,False,False
stanford_cars,174,Ram C/V Cargo Van Minivan 2012,epa:32228,membership,VERIFIED,True,True,EXACT_IDENTITY,UNREACHABLE,,True,True,False,False,False,False,False,False,False
stanford_cars,175,Rolls-Royce Phantom Drophead Coupe Convertible 2012,v26-car:2ed42f9056e9582e5a6886445e3e479b,membership,VERIFIED,True,True,EXACT_IDENTITY,UNREACHABLE,,True,True,False,False,False,False,False,False,False
stanford_cars,176,Rolls-Royce Ghost Sedan 2012,epa:32100,membership,VERIFIED,True,True,EXACT_IDENTITY,UNREACHABLE,,True,True,False,False,False,False,False,False,False
stanford_cars,177,Rolls-Royce Phantom Sedan 2012,epa:31413,membership,VERIFIED,True,True,EXACT_IDENTITY,UNREACHABLE,,True,True,False,False,False,False,False,False,False
stanford_cars,178,Scion xD Hatchback 2012,v26-car:36156529e0cf423c34b687ad08d8b15c,membership,VERIFIED,True,True,EXACT_IDENTITY,UNREACHABLE,,True,True,False,False,False,False,False,False,False
stanford_cars,179,Spyker C8 Convertible 2009,vehicle-configuration:6e4a7d438b1894977e353fa9b8d23dc5,membership,VERIFIED,True,True,EXACT_IDENTITY,UNREACHABLE,,True,True,False,False,False,False,False,False,False
stanford_cars,180,Spyker C8 Coupe 2009,vehicle-configuration:6bde90924ea65b056a3caec28897591a,membership,VERIFIED,True,True,EXACT_IDENTITY,UNREACHABLE,,True,True,False,False,False,False,False,False,False
stanford_cars,181,Suzuki Aerio Sedan 2007,v26-car:5f68ce1fe49e8b68c6df2ca83373e718,membership,VERIFIED,True,True,EXACT_IDENTITY,UNREACHABLE,,True,True,False,False,False,False,False,False,False
stanford_cars,182,Suzuki Kizashi Sedan 2012,v26-car:e9fed259f908bb1e814e60d2db7dbe07,membership,VERIFIED,True,True,EXACT_IDENTITY,UNREACHABLE,,True,True,False,False,False,False,False,False,False
stanford_cars,183,Suzuki SX4 Hatchback 2012,v26-car:84f6c8aa869b442dcc1c5630ec20d0e6,membership,VERIFIED,True,True,EXACT_IDENTITY,UNREACHABLE,,True,True,False,False,False,False,False,False,False
stanford_cars,184,Suzuki SX4 Sedan 2012,v26-car:88ab5c8072f3e1507ad8ba997442b03f,membership,VERIFIED,True,True,EXACT_IDENTITY,UNREACHABLE,,True,True,False,False,False,False,False,False,False
stanford_cars,185,Tesla Model S Sedan 2012,epa:32557,membership,VERIFIED,True,True,EXACT_IDENTITY,UNREACHABLE,,True,True,False,False,False,False,False,False,False
stanford_cars,186,Toyota Sequoia SUV 2012,v26-car:143a9ca5a2245714942a0d8b4bc5b4f2,membership,VERIFIED,True,True,EXACT_IDENTITY,UNREACHABLE,,True,True,False,False,False,False,False,False,False
stanford_cars,187,Toyota Camry Sedan 2012,v26-car:2bd97e03d13d2b8b41db217722af6fbd,membership,VERIFIED,True,True,EXACT_IDENTITY,UNREACHABLE,,True,True,False,False,False,False,False,False,False
stanford_cars,188,Toyota Corolla Sedan 2012,v26-car:62a2cfb20ee9f5f946803a324e7baaba,membership,VERIFIED,True,True,EXACT_IDENTITY,UNREACHABLE,,True,True,False,False,False,False,False,False,False
stanford_cars,189,Toyota 4Runner SUV 2012,v26-car:175b252e4c14e44b7d5dd0e274119132,membership,VERIFIED,True,True,EXACT_IDENTITY,UNREACHABLE,,True,True,False,False,False,False,False,False,False
stanford_cars,190,Volkswagen Golf Hatchback 2012,v26-car:6dfb3d7aec6fd5a6501d64ba9ef69d85,membership,VERIFIED,True,True,EXACT_IDENTITY,UNREACHABLE,,True,True,False,False,False,False,False,False,False
stanford_cars,191,Volkswagen Golf Hatchback 1991,v26-car:c07d0cab0e31efec4ea52df21222da2e,membership,VERIFIED,True,True,EXACT_IDENTITY,UNREACHABLE,,True,True,False,False,False,False,False,False,False
stanford_cars,192,Volkswagen Beetle Hatchback 2012,v26-car:9a8860fe1db8e3507bde7c72f3e83e14,membership,VERIFIED,True,True,EXACT_IDENTITY,UNREACHABLE,,True,True,False,False,False,False,False,False,False
stanford_cars,193,Volvo C30 Hatchback 2012,v26-car:447ef06a2a3e1d4de7187e66bbcb3591,membership,VERIFIED,True,True,EXACT_IDENTITY,UNREACHABLE,,True,True,False,False,False,False,False,False,False
stanford_cars,194,Volvo 240 Sedan 1993,v26-car:61e9675f338f619e2c13cc279e57fcb7,membership,VERIFIED,True,True,EXACT_IDENTITY,UNREACHABLE,,True,True,False,False,False,False,False,False,False
stanford_cars,195,Volvo XC90 SUV 2007,v26-car:9f209cd93d7cc5aba855ff1897ded183,membership,VERIFIED,True,True,EXACT_IDENTITY,UNREACHABLE,,True,True,False,False,False,False,False,False,False
stanford_cars,196,smart fortwo Convertible 2012,v26-car:81decb3fe20f6a2c83ddbd6e241094b8,membership,VERIFIED,True,True,EXACT_IDENTITY,UNREACHABLE,,True,True,False,False,False,False,False,False,False
stanford_dogs,1,Chihuahua,wikidata-v4:Q653,membership,VERIFIED,True,True,EXACT_IDENTITY,UNREACHABLE,,True,True,False,False,False,False,False,False,False
stanford_dogs,2,Japanese spaniel,wikidata-v4:Q38146,membership,VERIFIED,True,True,EXACT_IDENTITY,UNREACHABLE,,True,True,False,False,False,False,False,False,False
stanford_dogs,3,Maltese dog,wikidata-v4:Q38751,membership,VERIFIED,True,True,EXACT_IDENTITY,UNREACHABLE,,True,True,False,False,False,False,False,False,False
stanford_dogs,4,Pekinese,wikidata-v4:Q38959,membership,VERIFIED,True,True,EXACT_IDENTITY,UNREACHABLE,,True,True,False,False,False,False,False,False,False
stanford_dogs,5,Shih Tzu,wikidata-v4:Q39357,membership,VERIFIED,True,True,EXACT_IDENTITY,UNREACHABLE,,True,True,False,False,False,False,False,False,False
stanford_dogs,6,Blenheim spaniel,wordnet31:02089298-n,membership,VERIFIED,True,True,EXACT_IDENTITY,UNREACHABLE,,True,True,False,False,False,False,False,False,False
stanford_dogs,7,papillon,wikidata-v4:Q38115,membership,VERIFIED,True,True,EXACT_IDENTITY,UNREACHABLE,,True,True,False,False,False,False,False,False,False
stanford_dogs,8,toy terrier,wordnet31:02089698-n,membership,VERIFIED,True,True,EXACT_IDENTITY,UNREACHABLE,,True,True,False,False,False,False,False,False,False
stanford_dogs,9,Rhodesian ridgeback,wikidata-v4:Q39026,membership,VERIFIED,True,True,EXACT_IDENTITY,UNREACHABLE,,True,True,False,False,False,False,False,False,False
stanford_dogs,10,Afghan hound,wikidata-v4:Q21080,membership,VERIFIED,True,True,EXACT_IDENTITY,UNREACHABLE,,True,True,False,False,False,False,False,False,False
stanford_dogs,11,basset,wordnet31:02090890-n,membership,VERIFIED,True,True,EXACT_IDENTITY,UNREACHABLE,,True,True,False,False,False,False,False,False,False
stanford_dogs,12,beagle,wikidata-v4:Q21102,membership,VERIFIED,True,True,EXACT_IDENTITY,UNREACHABLE,,True,True,False,False,False,False,False,False,False
stanford_dogs,13,bloodhound,wikidata-v4:Q21098,membership,VERIFIED,True,True,EXACT_IDENTITY,UNREACHABLE,,True,True,False,False,False,False,False,False,False
stanford_dogs,14,bluetick,wordnet31:02091284-n,membership,VERIFIED,True,True,EXACT_IDENTITY,UNREACHABLE,,True,True,False,False,False,False,False,False,False
stanford_dogs,15,black and tan coonhound,wikidata-v4:Q37537,membership,VERIFIED,True,True,EXACT_IDENTITY,UNREACHABLE,,True,True,False,False,False,False,False,False,False
stanford_dogs,16,Walker hound,wikidata-v4:Q39244,membership,VERIFIED,True,True,EXACT_IDENTITY,UNREACHABLE,,True,True,False,False,False,False,False,False,False
stanford_dogs,17,English foxhound,wikidata-v4:Q37789,membership,VERIFIED,True,True,EXACT_IDENTITY,UNREACHABLE,,True,True,False,False,False,False,False,False,False
stanford_dogs,18,redbone,wordnet31:02093031-n,membership,VERIFIED,True,True,EXACT_IDENTITY,UNREACHABLE,,True,True,False,False,False,False,False,False,False
stanford_dogs,19,borzoi,wikidata-v4:Q37866,membership,VERIFIED,True,True,EXACT_IDENTITY,UNREACHABLE,,True,True,False,False,False,False,False,False,False
stanford_dogs,20,Irish wolfhound,wikidata-v4:Q38668,membership,VERIFIED,True,True,EXACT_IDENTITY,UNREACHABLE,,True,True,False,False,False,False,False,False,False
stanford_dogs,21,Italian greyhound,wikidata-v4:Q38503,membership,VERIFIED,True,True,EXACT_IDENTITY,UNREACHABLE,,True,True,False,False,False,False,False,False,False
stanford_dogs,22,whippet,wikidata-v4:Q39122,membership,VERIFIED,True,True,EXACT_IDENTITY,UNREACHABLE,,True,True,False,False,False,False,False,False,False
stanford_dogs,23,Ibizan hound,wikidata-v4:Q37755,membership,VERIFIED,True,True,EXACT_IDENTITY,UNREACHABLE,,True,True,False,False,False,False,False,False,False
stanford_dogs,24,Norwegian elkhound,wikidata-v4:Q38803,membership,VERIFIED,True,True,EXACT_IDENTITY,UNREACHABLE,,True,True,False,False,False,False,False,False,False
stanford_dogs,25,otterhound,wikidata-v4:Q38922,membership,VERIFIED,True,True,EXACT_IDENTITY,UNREACHABLE,,True,True,False,False,False,False,False,False,False
stanford_dogs,26,Saluki,wikidata-v4:Q39108,membership,VERIFIED,True,True,EXACT_IDENTITY,UNREACHABLE,,True,True,False,False,False,False,False,False,False
stanford_dogs,27,Scottish deerhound,wikidata-v4:Q37929,membership,VERIFIED,True,True,EXACT_IDENTITY,UNREACHABLE,,True,True,False,False,False,False,False,False,False
stanford_dogs,28,Weimaraner,wikidata-v4:Q38965,membership,VERIFIED,True,True,EXACT_IDENTITY,UNREACHABLE,,True,True,False,False,False,False,False,False,False
stanford_dogs,29,Staffordshire bullterrier,wordnet31:02095908-n,membership,VERIFIED,True,True,EXACT_IDENTITY,UNREACHABLE,,True,True,False,False,False,False,False,False,False
stanford_dogs,30,American Staffordshire terrier,wikidata-v4:Q37688,membership,VERIFIED,True,True,EXACT_IDENTITY,UNREACHABLE,,True,True,False,False,False,False,False,False,False
stanford_dogs,31,Bedlington terrier,wikidata-v4:Q37582,membership,VERIFIED,True,True,EXACT_IDENTITY,UNREACHABLE,,True,True,False,False,False,False,False,False,False
stanford_dogs,32,Border terrier,wikidata-v4:Q37558,membership,VERIFIED,True,True,EXACT_IDENTITY,UNREACHABLE,,True,True,False,False,False,False,False,False,False
stanford_dogs,33,Kerry blue terrier,wikidata-v4:Q38025,membership,VERIFIED,True,True,EXACT_IDENTITY,UNREACHABLE,,True,True,False,False,False,False,False,False,False
stanford_dogs,34,Irish terrier,wikidata-v4:Q38644,membership,VERIFIED,True,True,EXACT_IDENTITY,UNREACHABLE,,True,True,False,False,False,False,False,False,False
stanford_dogs,35,Norfolk terrier,wikidata-v4:Q38940,membership,VERIFIED,True,True,EXACT_IDENTITY,UNREACHABLE,,True,True,False,False,False,False,False,False,False
stanford_dogs,36,Norwich terrier,wikidata-v4:Q38934,membership,VERIFIED,True,True,EXACT_IDENTITY,UNREACHABLE,,True,True,False,False,False,False,False,False,False
stanford_dogs,37,Yorkshire terrier,wikidata-v4:Q39330,membership,VERIFIED,True,True,EXACT_IDENTITY,UNREACHABLE,,True,True,False,False,False,False,False,False,False
stanford_dogs,38,wire haired fox terrier,wordnet31:02097966-n,membership,VERIFIED,True,True,EXACT_IDENTITY,UNREACHABLE,,True,True,False,False,False,False,False,False,False
stanford_dogs,39,Lakeland terrier,wikidata-v4:Q38110,membership,VERIFIED,True,True,EXACT_IDENTITY,UNREACHABLE,,True,True,False,False,False,False,False,False,False
stanford_dogs,40,Sealyham terrier,wikidata-v4:Q39068,membership,VERIFIED,True,True,EXACT_IDENTITY,UNREACHABLE,,True,True,False,False,False,False,False,False,False
stanford_dogs,41,Airedale,wordnet31:02098703-n,membership,VERIFIED,True,True,EXACT_IDENTITY,UNREACHABLE,,True,True,False,False,False,False,False,False,False
stanford_dogs,42,cairn,wordnet31:02098829-n,membership,VERIFIED,True,True,EXACT_IDENTITY,UNREACHABLE,,True,True,False,False,False,False,False,False,False
stanford_dogs,43,Australian terrier,wikidata-v4:Q37530,membership,VERIFIED,True,True,EXACT_IDENTITY,UNREACHABLE,,True,True,False,False,False,False,False,False,False
stanford_dogs,44,Dandie Dinmont,wordnet31:02099089-n,membership,VERIFIED,True,True,EXACT_IDENTITY,UNREACHABLE,,True,True,False,False,False,False,False,False,False
stanford_dogs,45,Boston bull,wordnet31:02099237-n,membership,VERIFIED,True,True,EXACT_IDENTITY,UNREACHABLE,,True,True,False,False,False,False,False,False,False
stanford_dogs,46,miniature schnauzer,wikidata-v4:Q38999,membership,VERIFIED,True,True,EXACT_IDENTITY,UNREACHABLE,,True,True,False,False,False,False,False,False,False
stanford_dogs,47,giant schnauzer,wikidata-v4:Q38688,membership,VERIFIED,True,True,EXACT_IDENTITY,UNREACHABLE,,True,True,False,False,False,False,False,False,False
stanford_dogs,48,standard schnauzer,wikidata-v4:Q39605,membership,VERIFIED,True,True,EXACT_IDENTITY,UNREACHABLE,,True,True,False,False,False,False,False,False,False
stanford_dogs,49,Scotch terrier,wordnet31:02099950-n,membership,VERIFIED,True,True,EXACT_IDENTITY,UNREACHABLE,,True,True,False,False,False,False,False,False,False
stanford_dogs,50,Tibetan terrier,wikidata-v4:Q38796,membership,VERIFIED,True,True,EXACT_IDENTITY,UNREACHABLE,,True,True,False,False,False,False,False,False,False
stanford_dogs,51,silky terrier,wordnet31:02100310-n,membership,VERIFIED,True,True,EXACT_IDENTITY,UNREACHABLE,,True,True,False,False,False,False,False,False,False
stanford_dogs,52,soft coated wheaten terrier,wikidata-v4:Q38047,membership,VERIFIED,True,True,EXACT_IDENTITY,UNREACHABLE,,True,True,False,False,False,False,False,False,False
stanford_dogs,53,West Highland white terrier,wikidata-v4:Q17510,membership,VERIFIED,True,True,EXACT_IDENTITY,UNREACHABLE,,True,True,False,False,False,False,False,False,False
stanford_dogs,54,Lhasa,wordnet31:02101065-n,membership,VERIFIED,True,True,EXACT_IDENTITY,UNREACHABLE,,True,True,False,False,False,False,False,False,False
stanford_dogs,55,flat coated retriever,wikidata-v4:Q29200,membership,VERIFIED,True,True,EXACT_IDENTITY,UNREACHABLE,,True,True,False,False,False,False,False,False,False
stanford_dogs,56,curly coated retriever,wikidata-v4:Q38375,membership,VERIFIED,True,True,EXACT_IDENTITY,UNREACHABLE,,True,True,False,False,False,False,False,False,False
stanford_dogs,57,golden retriever,wikidata-v4:Q38686,membership,VERIFIED,True,True,EXACT_IDENTITY,UNREACHABLE,,True,True,False,False,False,False,False,False,False
stanford_dogs,58,Labrador retriever,wikidata-v4:Q38726,membership,VERIFIED,True,True,EXACT_IDENTITY,UNREACHABLE,,True,True,False,False,False,False,False,False,False
stanford_dogs,59,Chesapeake Bay retriever,wikidata-v4:Q29084,membership,VERIFIED,True,True,EXACT_IDENTITY,UNREACHABLE,,True,True,False,False,False,False,False,False,False
stanford_dogs,60,German short haired pointer,wordnet31:02102888-n,membership,VERIFIED,True,True,EXACT_IDENTITY,UNREACHABLE,,True,True,False,False,False,False,False,False,False
stanford_dogs,61,vizsla,wordnet31:02103235-n,membership,VERIFIED,True,True,EXACT_IDENTITY,UNREACHABLE,,True,True,False,False,False,False,False,False,False
stanford_dogs,62,English setter,wikidata-v4:Q38309,membership,VERIFIED,True,True,EXACT_IDENTITY,UNREACHABLE,,True,True,False,False,False,False,False,False,False
stanford_dogs,63,Irish setter,wordnet31:02103529-n,membership,VERIFIED,True,True,EXACT_IDENTITY,UNREACHABLE,,True,True,False,False,False,False,False,False,False
stanford_dogs,64,Gordon setter,wikidata-v4:Q38301,membership,VERIFIED,True,True,EXACT_IDENTITY,UNREACHABLE,,True,True,False,False,False,False,False,False,False
stanford_dogs,65,Brittany spaniel,wordnet31:02104040-n,membership,VERIFIED,True,True,EXACT_IDENTITY,UNREACHABLE,,True,True,False,False,False,False,False,False,False
stanford_dogs,66,clumber,wordnet31:02104208-n,membership,VERIFIED,True,True,EXACT_IDENTITY,UNREACHABLE,,True,True,False,False,False,False,False,False,False
stanford_dogs,67,English springer,wordnet31:02104692-n,membership,VERIFIED,True,True,EXACT_IDENTITY,UNREACHABLE,,True,True,False,False,False,False,False,False,False
stanford_dogs,68,Welsh springer spaniel,wikidata-v4:Q39047,membership,VERIFIED,True,True,EXACT_IDENTITY,UNREACHABLE,,True,True,False,False,False,False,False,False,False
stanford_dogs,69,cocker spaniel,wordnet31:02104970-n,membership,VERIFIED,True,True,EXACT_IDENTITY,UNREACHABLE,,True,True,False,False,False,False,False,False,False
stanford_dogs,70,Sussex spaniel,wikidata-v4:Q39138,membership,VERIFIED,True,True,EXACT_IDENTITY,UNREACHABLE,,True,True,False,False,False,False,False,False,False
stanford_dogs,71,Irish water spaniel,wikidata-v4:Q38162,membership,VERIFIED,True,True,EXACT_IDENTITY,UNREACHABLE,,True,True,False,False,False,False,False,False,False
stanford_dogs,72,kuvasz,wikidata-v4:Q38467,membership,VERIFIED,True,True,EXACT_IDENTITY,UNREACHABLE,,True,True,False,False,False,False,False,False,False
stanford_dogs,73,schipperke,wikidata-v4:Q39010,membership,VERIFIED,True,True,EXACT_IDENTITY,UNREACHABLE,,True,True,False,False,False,False,False,False,False
stanford_dogs,74,groenendael,wikidata-v4:Q38399,membership,VERIFIED,True,True,EXACT_IDENTITY,UNREACHABLE,,True,True,False,False,False,False,False,False,False
stanford_dogs,75,malinois,wikidata-v4:Q38494,membership,VERIFIED,True,True,EXACT_IDENTITY,UNREACHABLE,,True,True,False,False,False,False,False,False,False
stanford_dogs,76,briard,wikidata-v4:Q37821,membership,VERIFIED,True,True,EXACT_IDENTITY,UNREACHABLE,,True,True,False,False,False,False,False,False,False
stanford_dogs,77,kelpie,wordnet31:02108064-n,membership,VERIFIED,True,True,EXACT_IDENTITY,UNREACHABLE,,True,True,False,False,False,False,False,False,False
stanford_dogs,78,komondor,wikidata-v4:Q38675,membership,VERIFIED,True,True,EXACT_IDENTITY,UNREACHABLE,,True,True,False,False,False,False,False,False,False
stanford_dogs,79,Old English sheepdog,wikidata-v4:Q37704,membership,VERIFIED,True,True,EXACT_IDENTITY,UNREACHABLE,,True,True,False,False,False,False,False,False,False
stanford_dogs,80,Shetland sheepdog,wikidata-v4:Q39058,membership,VERIFIED,True,True,EXACT_IDENTITY,UNREACHABLE,,True,True,False,False,False,False,False,False,False
stanford_dogs,81,collie,wordnet31:02108682-n,membership,VERIFIED,True,True,EXACT_IDENTITY,UNREACHABLE,,True,True,False,False,False,False,False,False,False
stanford_dogs,82,Border collie,wikidata-v4:Q37710,membership,VERIFIED,True,True,EXACT_IDENTITY,UNREACHABLE,,True,True,False,False,False,False,False,False,False
stanford_dogs,83,Bouvier des Flandres,wikidata-v4:Q37896,membership,VERIFIED,True,True,EXACT_IDENTITY,UNREACHABLE,,True,True,False,False,False,False,False,False,False
stanford_dogs,84,Rottweiler,wikidata-v4:Q39093,membership,VERIFIED,True,True,EXACT_IDENTITY,UNREACHABLE,,True,True,False,False,False,False,False,False,False
stanford_dogs,85,German shepherd,wikidata-v4:Q38280,membership,VERIFIED,True,True,EXACT_IDENTITY,UNREACHABLE,,True,True,False,False,False,False,False,False,False
stanford_dogs,86,Doberman,wikidata-v4:Q38358,membership,VERIFIED,True,True,EXACT_IDENTITY,UNREACHABLE,,True,True,False,False,False,False,False,False,False
stanford_dogs,87,miniature pinscher,wikidata-v4:Q38990,membership,VERIFIED,True,True,EXACT_IDENTITY,UNREACHABLE,,True,True,False,False,False,False,False,False,False
stanford_dogs,88,Greater Swiss Mountain dog,wikidata-v4:Q38121,membership,VERIFIED,True,True,EXACT_IDENTITY,UNREACHABLE,,True,True,False,False,False,False,False,False,False
stanford_dogs,89,Bernese mountain dog,wikidata-v4:Q37608,membership,VERIFIED,True,True,EXACT_IDENTITY,UNREACHABLE,,True,True,False,False,False,False,False,False,False
stanford_dogs,90,Appenzeller,wordnet31:02110560-n,membership,VERIFIED,True,True,EXACT_IDENTITY,UNREACHABLE,,True,True,False,False,False,False,False,False,False
stanford_dogs,91,EntleBucher,wordnet31:02110652-n,membership,VERIFIED,True,True,EXACT_IDENTITY,UNREACHABLE,,True,True,False,False,False,False,False,False,False
stanford_dogs,92,boxer,wikidata-v4:Q38496,membership,VERIFIED,True,True,EXACT_IDENTITY,UNREACHABLE,,True,True,False,False,False,False,False,False,False
stanford_dogs,93,bull mastiff,wordnet31:02111074-n,membership,VERIFIED,True,True,EXACT_IDENTITY,UNREACHABLE,,True,True,False,False,False,False,False,False,False
stanford_dogs,94,Tibetan mastiff,wikidata-v4:Q39322,membership,VERIFIED,True,True,EXACT_IDENTITY,UNREACHABLE,,True,True,False,False,False,False,False,False,False
stanford_dogs,95,French bulldog,wikidata-v4:Q29149,membership,VERIFIED,True,True,EXACT_IDENTITY,UNREACHABLE,,True,True,False,False,False,False,False,False,False
stanford_dogs,96,Great Dane,wikidata-v4:Q5414,membership,VERIFIED,True,True,EXACT_IDENTITY,UNREACHABLE,,True,True,False,False,False,False,False,False,False
stanford_dogs,97,Saint Bernard,wikidata:Q38090,membership,VERIFIED,True,True,EXACT_IDENTITY,UNREACHABLE,,True,True,False,False,False,False,False,False,False
stanford_dogs,98,Eskimo dog,wordnet31:02112613-n,membership,VERIFIED,True,True,EXACT_IDENTITY,UNREACHABLE,,True,True,False,False,False,False,False,False,False
stanford_dogs,99,malamute,wikidata-v4:Q21206,membership,VERIFIED,True,True,EXACT_IDENTITY,UNREACHABLE,,True,True,False,False,False,False,False,False,False
stanford_dogs,100,Siberian husky,wikidata-v4:Q39295,membership,VERIFIED,True,True,EXACT_IDENTITY,UNREACHABLE,,True,True,False,False,False,False,False,False,False
stanford_dogs,101,affenpinscher,wikidata-v4:Q7254,membership,VERIFIED,True,True,EXACT_IDENTITY,UNREACHABLE,,True,True,False,False,False,False,False,False,False
stanford_dogs,102,basenji,wikidata-v4:Q37871,membership,VERIFIED,True,True,EXACT_IDENTITY,UNREACHABLE,,True,True,False,False,False,False,False,False,False
stanford_dogs,103,pug,wikidata-v4:Q38698,membership,VERIFIED,True,True,EXACT_IDENTITY,UNREACHABLE,,True,True,False,False,False,False,False,False,False
stanford_dogs,104,Leonberg,wordnet31:02113781-n,membership,VERIFIED,True,True,EXACT_IDENTITY,UNREACHABLE,,True,True,False,False,False,False,False,False,False
stanford_dogs,105,Newfoundland,wordnet31:02113929-n,membership,VERIFIED,True,True,EXACT_IDENTITY,UNREACHABLE,,True,True,False,False,False,False,False,False,False
stanford_dogs,106,Great Pyrenees,wordnet31:02114152-n,membership,VERIFIED,True,True,EXACT_IDENTITY,UNREACHABLE,,True,True,False,False,False,False,False,False,False
stanford_dogs,107,Samoyed,wikidata-v4:Q39002,membership,VERIFIED,True,True,EXACT_IDENTITY,UNREACHABLE,,True,True,False,False,False,False,False,False,False
stanford_dogs,108,Pomeranian,wordnet31:02114670-n,membership,VERIFIED,True,True,EXACT_IDENTITY,UNREACHABLE,,True,True,False,False,False,False,False,False,False
stanford_dogs,109,chow,wordnet31:02114789-n,membership,VERIFIED,True,True,EXACT_IDENTITY,UNREACHABLE,,True,True,False,False,False,False,False,False,False
stanford_dogs,110,keeshond,wikidata-v4:Q38843,membership,VERIFIED,True,True,EXACT_IDENTITY,UNREACHABLE,,True,True,False,False,False,False,False,False,False
stanford_dogs,111,Brabancon griffon,wordnet31:02115358-n,membership,VERIFIED,True,True,EXACT_IDENTITY,UNREACHABLE,,True,True,False,False,False,False,False,False,False
stanford_dogs,112,Pembroke,wordnet31:02115675-n,membership,VERIFIED,True,True,EXACT_IDENTITY,UNREACHABLE,,True,True,False,False,False,False,False,False,False
stanford_dogs,113,Cardigan,wordnet31:02115838-n,membership,VERIFIED,True,True,EXACT_IDENTITY,UNREACHABLE,,True,True,False,False,False,False,False,False,False
stanford_dogs,114,toy poodle,wikidata-v4:Q11831662,membership,VERIFIED,True,True,EXACT_IDENTITY,UNREACHABLE,,True,True,False,False,False,False,False,False,False
stanford_dogs,115,miniature poodle,wordnet31:02116364-n,membership,VERIFIED,True,True,EXACT_IDENTITY,UNREACHABLE,,True,True,False,False,False,False,False,False,False
stanford_dogs,116,standard poodle,wordnet31:02116451-n,membership,VERIFIED,True,True,EXACT_IDENTITY,UNREACHABLE,,True,True,False,False,False,False,False,False,False
stanford_dogs,117,Mexican hairless,wordnet31:02116630-n,membership,VERIFIED,True,True,EXACT_IDENTITY,UNREACHABLE,,True,True,False,False,False,False,False,False,False
stanford_dogs,118,dingo,wikidata-v4:Q38584,membership,VERIFIED,True,True,EXACT_IDENTITY,UNREACHABLE,,True,True,False,False,False,False,False,False,False
stanford_dogs,119,dhole,wikidata:Q132585,membership,VERIFIED,True,True,EXACT_IDENTITY,UNREACHABLE,,True,True,False,False,False,False,False,False,False
stanford_dogs,120,African hunting dog,v26-gbif:ab4e0be5a06ed7cb46e088e40c2d4a07,membership,VERIFIED,True,True,EXACT_IDENTITY,UNREACHABLE,,True,True,False,False,False,False,False,False,False
sun397,0,/a/abbey,sun397-category:0,membership,NATIVE_LABEL_ONLY,False,False,NATIVE_LABEL_ONLY,NOT_ADMITTED,,True,False,False,False,False,False,False,False,False
sun397,1,/a/airplane_cabin,sun397-category:1,membership,NATIVE_LABEL_ONLY,False,False,NATIVE_LABEL_ONLY,NOT_ADMITTED,,True,False,False,False,False,False,False,False,False
sun397,2,/a/airport_terminal,sun397-category:2,membership,VERIFIED_DEPICTED_TYPE,False,True,SOURCE_TYPED_MAPPING,UNREACHABLE,,True,False,False,False,False,False,False,False,False
sun397,3,/a/alley,sun397-category:3,membership,NATIVE_LABEL_ONLY,False,False,NATIVE_LABEL_ONLY,NOT_ADMITTED,,True,False,False,False,False,False,False,False,False
sun397,4,/a/amphitheater,sun397-category:4,membership,NATIVE_LABEL_ONLY,False,False,NATIVE_LABEL_ONLY,NOT_ADMITTED,,True,False,False,False,False,False,False,False,False
sun397,5,/a/amusement_arcade,sun397-category:5,membership,VERIFIED_DEPICTED_TYPE,False,True,SOURCE_TYPED_MAPPING,UNREACHABLE,,True,False,False,False,False,False,False,False,False
sun397,6,/a/amusement_park,sun397-category:6,membership,VERIFIED_DEPICTED_TYPE,False,True,SOURCE_TYPED_MAPPING,UNREACHABLE,,True,False,False,False,False,False,False,False,False
sun397,7,/a/anechoic_chamber,sun397-category:7,membership,VERIFIED_DEPICTED_TYPE,False,True,SOURCE_TYPED_MAPPING,UNREACHABLE,,True,False,False,False,False,False,False,False,False
sun397,8,/a/apartment_building/outdoor,sun397-category:8,membership,VERIFIED_DEPICTED_TYPE,False,True,SOURCE_TYPED_MAPPING,UNREACHABLE,,True,False,False,False,False,False,False,False,False
sun397,9,/a/apse/indoor,sun397-category:9,membership,VERIFIED_DEPICTED_TYPE,False,True,SOURCE_TYPED_MAPPING,UNREACHABLE,,True,False,False,False,False,False,False,False,False
sun397,10,/a/aquarium,sun397-category:10,membership,VERIFIED_DEPICTED_TYPE,False,True,SOURCE_TYPED_MAPPING,UNREACHABLE,,True,False,False,False,False,False,False,False,False
sun397,11,/a/aqueduct,sun397-category:11,membership,VERIFIED_DEPICTED_TYPE,False,True,SOURCE_TYPED_MAPPING,UNREACHABLE,,True,False,False,False,False,False,False,False,False
sun397,12,/a/arch,sun397-category:12,membership,NATIVE_LABEL_ONLY,False,False,NATIVE_LABEL_ONLY,NOT_ADMITTED,,True,False,False,False,False,False,False,False,False
sun397,13,/a/archive,sun397-category:13,membership,VERIFIED_DEPICTED_TYPE,False,True,SOURCE_TYPED_MAPPING,UNREACHABLE,,True,False,False,False,False,False,False,False,False
sun397,14,/a/arrival_gate/outdoor,sun397-category:14,membership,VERIFIED_DEPICTED_TYPE,False,True,SOURCE_TYPED_MAPPING,UNREACHABLE,,True,False,False,False,False,False,False,False,False
sun397,15,/a/art_gallery,sun397-category:15,membership,VERIFIED_DEPICTED_TYPE,False,True,SOURCE_TYPED_MAPPING,UNREACHABLE,,True,False,False,False,False,False,False,False,False
sun397,16,/a/art_school,sun397-category:16,membership,VERIFIED_DEPICTED_TYPE,False,True,SOURCE_TYPED_MAPPING,UNREACHABLE,,True,False,False,False,False,False,False,False,False
sun397,17,/a/art_studio,sun397-category:17,membership,NATIVE_LABEL_ONLY,False,False,NATIVE_LABEL_ONLY,NOT_ADMITTED,,True,False,False,False,False,False,False,False,False
sun397,18,/a/assembly_line,sun397-category:18,membership,VERIFIED_DEPICTED_TYPE,False,True,SOURCE_TYPED_MAPPING,UNREACHABLE,,True,False,False,False,False,False,False,False,False
sun397,19,/a/athletic_field/outdoor,sun397-category:19,membership,VERIFIED_DEPICTED_TYPE,False,True,SOURCE_TYPED_MAPPING,UNREACHABLE,,True,False,False,False,False,False,False,False,False
sun397,20,/a/atrium/public,sun397-category:20,membership,NATIVE_LABEL_ONLY,False,False,NATIVE_LABEL_ONLY,NOT_ADMITTED,,True,False,False,False,False,False,False,False,False
sun397,21,/a/attic,sun397-category:21,membership,NATIVE_LABEL_ONLY,False,False,NATIVE_LABEL_ONLY,NOT_ADMITTED,,True,False,False,False,False,False,False,False,False
sun397,22,/a/auditorium,sun397-category:22,membership,VERIFIED_DEPICTED_TYPE,False,True,SOURCE_TYPED_MAPPING,UNREACHABLE,,True,False,False,False,False,False,False,False,False
sun397,23,/a/auto_factory,sun397-category:23,membership,VERIFIED_DEPICTED_TYPE,False,True,SOURCE_TYPED_MAPPING,UNREACHABLE,,True,False,False,False,False,False,False,False,False
sun397,24,/b/badlands,sun397-category:24,membership,VERIFIED_DEPICTED_TYPE,False,True,SOURCE_TYPED_MAPPING,UNREACHABLE,,True,False,False,False,False,False,False,False,False
sun397,25,/b/badminton_court/indoor,sun397-category:25,membership,VERIFIED_DEPICTED_TYPE,False,True,SOURCE_TYPED_MAPPING,UNREACHABLE,,True,False,False,False,False,False,False,False,False
sun397,26,/b/baggage_claim,sun397-category:26,membership,VERIFIED_DEPICTED_TYPE,False,True,SOURCE_TYPED_MAPPING,UNREACHABLE,,True,False,False,False,False,False,False,False,False
sun397,27,/b/bakery/shop,sun397-category:27,membership,VERIFIED_DEPICTED_TYPE,False,True,SOURCE_TYPED_MAPPING,UNREACHABLE,,True,False,False,False,False,False,False,False,False
sun397,28,/b/balcony/exterior,sun397-category:28,membership,NATIVE_LABEL_ONLY,False,False,NATIVE_LABEL_ONLY,NOT_ADMITTED,,True,False,False,False,False,False,False,False,False
sun397,29,/b/balcony/interior,sun397-category:29,membership,NATIVE_LABEL_ONLY,False,False,NATIVE_LABEL_ONLY,NOT_ADMITTED,,True,False,False,False,False,False,False,False,False
sun397,30,/b/ball_pit,sun397-category:30,membership,NATIVE_LABEL_ONLY,False,False,NATIVE_LABEL_ONLY,NOT_ADMITTED,,True,False,False,False,False,False,False,False,False
sun397,31,/b/ballroom,sun397-category:31,membership,VERIFIED_DEPICTED_TYPE,False,True,SOURCE_TYPED_MAPPING,UNREACHABLE,,True,False,False,False,False,False,False,False,False
sun397,32,/b/bamboo_forest,sun397-category:32,membership,NATIVE_LABEL_ONLY,False,False,NATIVE_LABEL_ONLY,NOT_ADMITTED,,True,False,False,False,False,False,False,False,False
sun397,33,/b/banquet_hall,sun397-category:33,membership,NATIVE_LABEL_ONLY,False,False,NATIVE_LABEL_ONLY,NOT_ADMITTED,,True,False,False,False,False,False,False,False,False
sun397,34,/b/bar,sun397-category:34,membership,NATIVE_LABEL_ONLY,False,False,NATIVE_LABEL_ONLY,NOT_ADMITTED,,True,False,False,False,False,False,False,False,False
sun397,35,/b/barn,sun397-category:35,membership,VERIFIED_DEPICTED_TYPE,False,True,SOURCE_TYPED_MAPPING,UNREACHABLE,,True,False,False,False,False,False,False,False,False
sun397,36,/b/barndoor,sun397-category:36,membership,VERIFIED_DEPICTED_TYPE,False,True,SOURCE_TYPED_MAPPING,UNREACHABLE,,True,False,False,False,False,False,False,False,False
sun397,37,/b/baseball_field,sun397-category:37,membership,VERIFIED_DEPICTED_TYPE,False,True,SOURCE_TYPED_MAPPING,UNREACHABLE,,True,False,False,False,False,False,False,False,False
sun397,38,/b/basement,sun397-category:38,membership,NATIVE_LABEL_ONLY,False,False,NATIVE_LABEL_ONLY,NOT_ADMITTED,,True,False,False,False,False,False,False,False,False
sun397,39,/b/basilica,sun397-category:39,membership,NATIVE_LABEL_ONLY,False,False,NATIVE_LABEL_ONLY,NOT_ADMITTED,,True,False,False,False,False,False,False,False,False
sun397,40,/b/basketball_court/outdoor,sun397-category:40,membership,VERIFIED_DEPICTED_TYPE,False,True,SOURCE_TYPED_MAPPING,UNREACHABLE,,True,False,False,False,False,False,False,False,False
sun397,41,/b/bathroom,sun397-category:41,membership,NATIVE_LABEL_ONLY,False,False,NATIVE_LABEL_ONLY,NOT_ADMITTED,,True,False,False,False,False,False,False,False,False
sun397,42,/b/batters_box,sun397-category:42,membership,NATIVE_LABEL_ONLY,False,False,NATIVE_LABEL_ONLY,NOT_ADMITTED,,True,False,False,False,False,False,False,False,False
sun397,43,/b/bayou,sun397-category:43,membership,VERIFIED_DEPICTED_TYPE,False,True,SOURCE_TYPED_MAPPING,UNREACHABLE,,True,False,False,False,False,False,False,False,False
sun397,44,/b/bazaar/indoor,sun397-category:44,membership,NATIVE_LABEL_ONLY,False,False,NATIVE_LABEL_ONLY,NOT_ADMITTED,,True,False,False,False,False,False,False,False,False
sun397,45,/b/bazaar/outdoor,sun397-category:45,membership,NATIVE_LABEL_ONLY,False,False,NATIVE_LABEL_ONLY,NOT_ADMITTED,,True,False,False,False,False,False,False,False,False
sun397,46,/b/beach,sun397-category:46,membership,VERIFIED_DEPICTED_TYPE,False,True,SOURCE_TYPED_MAPPING,UNREACHABLE,,True,False,False,False,False,False,False,False,False
sun397,47,/b/beauty_salon,sun397-category:47,membership,VERIFIED_DEPICTED_TYPE,False,True,SOURCE_TYPED_MAPPING,UNREACHABLE,,True,False,False,False,False,False,False,False,False
sun397,48,/b/bedroom,sun397-category:48,membership,VERIFIED_DEPICTED_TYPE,False,True,SOURCE_TYPED_MAPPING,UNREACHABLE,,True,False,False,False,False,False,False,False,False
sun397,49,/b/berth,sun397-category:49,membership,NATIVE_LABEL_ONLY,False,False,NATIVE_LABEL_ONLY,NOT_ADMITTED,,True,False,False,False,False,False,False,False,False
sun397,50,/b/biology_laboratory,sun397-category:50,membership,VERIFIED_DEPICTED_TYPE,False,True,SOURCE_TYPED_MAPPING,UNREACHABLE,,True,False,False,False,False,False,False,False,False
sun397,51,/b/bistro/indoor,sun397-category:51,membership,VERIFIED_DEPICTED_TYPE,False,True,SOURCE_TYPED_MAPPING,UNREACHABLE,,True,False,False,False,False,False,False,False,False
sun397,52,/b/boardwalk,sun397-category:52,membership,VERIFIED_DEPICTED_TYPE,False,True,SOURCE_TYPED_MAPPING,UNREACHABLE,,True,False,False,False,False,False,False,False,False
sun397,53,/b/boat_deck,sun397-category:53,membership,VERIFIED_DEPICTED_TYPE,False,True,SOURCE_TYPED_MAPPING,UNREACHABLE,,True,False,False,False,False,False,False,False,False
sun397,54,/b/boathouse,sun397-category:54,membership,VERIFIED_DEPICTED_TYPE,False,True,SOURCE_TYPED_MAPPING,UNREACHABLE,,True,False,False,False,False,False,False,False,False
sun397,55,/b/bookstore,sun397-category:55,membership,VERIFIED_DEPICTED_TYPE,False,True,SOURCE_TYPED_MAPPING,UNREACHABLE,,True,False,False,False,False,False,False,False,False
sun397,56,/b/booth/indoor,sun397-category:56,membership,NATIVE_LABEL_ONLY,False,False,NATIVE_LABEL_ONLY,NOT_ADMITTED,,True,False,False,False,False,False,False,False,False
sun397,57,/b/botanical_garden,sun397-category:57,membership,VERIFIED_DEPICTED_TYPE,False,True,SOURCE_TYPED_MAPPING,UNREACHABLE,,True,False,False,False,False,False,False,False,False
sun397,58,/b/bow_window/indoor,sun397-category:58,membership,VERIFIED_DEPICTED_TYPE,False,True,SOURCE_TYPED_MAPPING,UNREACHABLE,,True,False,False,False,False,False,False,False,False
sun397,59,/b/bow_window/outdoor,sun397-category:59,membership,VERIFIED_DEPICTED_TYPE,False,True,SOURCE_TYPED_MAPPING,UNREACHABLE,,True,False,False,False,False,False,False,False,False
sun397,60,/b/bowling_alley,sun397-category:60,membership,NATIVE_LABEL_ONLY,False,False,NATIVE_LABEL_ONLY,NOT_ADMITTED,,True,False,False,False,False,False,False,False,False
sun397,61,/b/boxing_ring,sun397-category:61,membership,VERIFIED_DEPICTED_TYPE,False,True,SOURCE_TYPED_MAPPING,UNREACHABLE,,True,False,False,False,False,False,False,False,False
sun397,62,/b/brewery/indoor,sun397-category:62,membership,VERIFIED_DEPICTED_TYPE,False,True,SOURCE_TYPED_MAPPING,UNREACHABLE,,True,False,False,False,False,False,False,False,False
sun397,63,/b/bridge,sun397-category:63,membership,NATIVE_LABEL_ONLY,False,False,NATIVE_LABEL_ONLY,NOT_ADMITTED,,True,False,False,False,False,False,False,False,False
sun397,64,/b/building_facade,sun397-category:64,membership,NATIVE_LABEL_ONLY,False,False,NATIVE_LABEL_ONLY,NOT_ADMITTED,,True,False,False,False,False,False,False,False,False
sun397,65,/b/bullring,sun397-category:65,membership,VERIFIED_DEPICTED_TYPE,False,True,SOURCE_TYPED_MAPPING,UNREACHABLE,,True,False,False,False,False,False,False,False,False
sun397,66,/b/burial_chamber,sun397-category:66,membership,VERIFIED_DEPICTED_TYPE,False,True,SOURCE_TYPED_MAPPING,UNREACHABLE,,True,False,False,False,False,False,False,False,False
sun397,67,/b/bus_interior,sun397-category:67,membership,NATIVE_LABEL_ONLY,False,False,NATIVE_LABEL_ONLY,NOT_ADMITTED,,True,False,False,False,False,False,False,False,False
sun397,68,/b/butchers_shop,sun397-category:68,membership,NATIVE_LABEL_ONLY,False,False,NATIVE_LABEL_ONLY,NOT_ADMITTED,,True,False,False,False,False,False,False,False,False
sun397,69,/b/butte,sun397-category:69,membership,VERIFIED_DEPICTED_TYPE,False,True,SOURCE_TYPED_MAPPING,UNREACHABLE,,True,False,False,False,False,False,False,False,False
sun397,70,/c/cabin/outdoor,sun397-category:70,membership,NATIVE_LABEL_ONLY,False,False,NATIVE_LABEL_ONLY,NOT_ADMITTED,,True,False,False,False,False,False,False,False,False
sun397,71,/c/cafeteria,sun397-category:71,membership,VERIFIED_DEPICTED_TYPE,False,True,SOURCE_TYPED_MAPPING,UNREACHABLE,,True,False,False,False,False,False,False,False,False
sun397,72,/c/campsite,sun397-category:72,membership,VERIFIED_DEPICTED_TYPE,False,True,SOURCE_TYPED_MAPPING,UNREACHABLE,,True,False,False,False,False,False,False,False,False
sun397,73,/c/campus,sun397-category:73,membership,VERIFIED_DEPICTED_TYPE,False,True,SOURCE_TYPED_MAPPING,UNREACHABLE,,True,False,False,False,False,False,False,False,False
sun397,74,/c/canal/natural,sun397-category:74,membership,NATIVE_LABEL_ONLY,False,False,NATIVE_LABEL_ONLY,NOT_ADMITTED,,True,False,False,False,False,False,False,False,False
sun397,75,/c/canal/urban,sun397-category:75,membership,NATIVE_LABEL_ONLY,False,False,NATIVE_LABEL_ONLY,NOT_ADMITTED,,True,False,False,False,False,False,False,False,False
sun397,76,/c/candy_store,sun397-category:76,membership,VERIFIED_DEPICTED_TYPE,False,True,SOURCE_TYPED_MAPPING,UNREACHABLE,,True,False,False,False,False,False,False,False,False
sun397,77,/c/canyon,sun397-category:77,membership,VERIFIED_DEPICTED_TYPE,False,True,SOURCE_TYPED_MAPPING,UNREACHABLE,,True,False,False,False,False,False,False,False,False
sun397,78,/c/car_interior/backseat,sun397-category:78,membership,NATIVE_LABEL_ONLY,False,False,NATIVE_LABEL_ONLY,NOT_ADMITTED,,True,False,False,False,False,False,False,False,False
sun397,79,/c/car_interior/frontseat,sun397-category:79,membership,NATIVE_LABEL_ONLY,False,False,NATIVE_LABEL_ONLY,NOT_ADMITTED,,True,False,False,False,False,False,False,False,False
sun397,80,/c/carrousel,sun397-category:80,membership,VERIFIED_DEPICTED_TYPE,False,True,SOURCE_TYPED_MAPPING,UNREACHABLE,,True,False,False,False,False,False,False,False,False
sun397,81,/c/casino/indoor,sun397-category:81,membership,VERIFIED_DEPICTED_TYPE,False,True,SOURCE_TYPED_MAPPING,UNREACHABLE,,True,False,False,False,False,False,False,False,False
sun397,82,/c/castle,sun397-category:82,membership,NATIVE_LABEL_ONLY,False,False,NATIVE_LABEL_ONLY,NOT_ADMITTED,,True,False,False,False,False,False,False,False,False
sun397,83,/c/catacomb,sun397-category:83,membership,VERIFIED_DEPICTED_TYPE,False,True,SOURCE_TYPED_MAPPING,UNREACHABLE,,True,False,False,False,False,False,False,False,False
sun397,84,/c/cathedral/indoor,sun397-category:84,membership,NATIVE_LABEL_ONLY,False,False,NATIVE_LABEL_ONLY,NOT_ADMITTED,,True,False,False,False,False,False,False,False,False
sun397,85,/c/cathedral/outdoor,sun397-category:85,membership,NATIVE_LABEL_ONLY,False,False,NATIVE_LABEL_ONLY,NOT_ADMITTED,,True,False,False,False,False,False,False,False,False
sun397,86,/c/cavern/indoor,sun397-category:86,membership,NATIVE_LABEL_ONLY,False,False,NATIVE_LABEL_ONLY,NOT_ADMITTED,,True,False,False,False,False,False,False,False,False
sun397,87,/c/cemetery,sun397-category:87,membership,VERIFIED_DEPICTED_TYPE,False,True,SOURCE_TYPED_MAPPING,UNREACHABLE,,True,False,False,False,False,False,False,False,False
sun397,88,/c/chalet,sun397-category:88,membership,VERIFIED_DEPICTED_TYPE,False,True,SOURCE_TYPED_MAPPING,UNREACHABLE,,True,False,False,False,False,False,False,False,False
sun397,89,/c/cheese_factory,sun397-category:89,membership,NATIVE_LABEL_ONLY,False,False,NATIVE_LABEL_ONLY,NOT_ADMITTED,,True,False,False,False,False,False,False,False,False
sun397,90,/c/chemistry_lab,sun397-category:90,membership,VERIFIED_DEPICTED_TYPE,False,True,SOURCE_TYPED_MAPPING,UNREACHABLE,,True,False,False,False,False,False,False,False,False
sun397,91,/c/chicken_coop/indoor,sun397-category:91,membership,VERIFIED_DEPICTED_TYPE,False,True,SOURCE_TYPED_MAPPING,UNREACHABLE,,True,False,False,False,False,False,False,False,False
sun397,92,/c/chicken_coop/outdoor,sun397-category:92,membership,VERIFIED_DEPICTED_TYPE,False,True,SOURCE_TYPED_MAPPING,UNREACHABLE,,True,False,False,False,False,False,False,False,False
sun397,93,/c/childs_room,sun397-category:93,membership,NATIVE_LABEL_ONLY,False,False,NATIVE_LABEL_ONLY,NOT_ADMITTED,,True,False,False,False,False,False,False,False,False
sun397,94,/c/church/indoor,sun397-category:94,membership,VERIFIED_DEPICTED_TYPE,False,True,SOURCE_TYPED_MAPPING,UNREACHABLE,,True,False,False,False,False,False,False,False,False
sun397,95,/c/church/outdoor,sun397-category:95,membership,VERIFIED_DEPICTED_TYPE,False,True,SOURCE_TYPED_MAPPING,UNREACHABLE,,True,False,False,False,False,False,False,False,False
sun397,96,/c/classroom,sun397-category:96,membership,VERIFIED_DEPICTED_TYPE,False,True,SOURCE_TYPED_MAPPING,UNREACHABLE,,True,False,False,False,False,False,False,False,False
sun397,97,/c/clean_room,sun397-category:97,membership,VERIFIED_DEPICTED_TYPE,False,True,SOURCE_TYPED_MAPPING,UNREACHABLE,,True,False,False,False,False,False,False,False,False
sun397,98,/c/cliff,sun397-category:98,membership,VERIFIED_DEPICTED_TYPE,False,True,SOURCE_TYPED_MAPPING,UNREACHABLE,,True,False,False,False,False,False,False,False,False
sun397,99,/c/cloister/indoor,sun397-category:99,membership,NATIVE_LABEL_ONLY,False,False,NATIVE_LABEL_ONLY,NOT_ADMITTED,,True,False,False,False,False,False,False,False,False
sun397,100,/c/closet,sun397-category:100,membership,NATIVE_LABEL_ONLY,False,False,NATIVE_LABEL_ONLY,NOT_ADMITTED,,True,False,False,False,False,False,False,False,False
sun397,101,/c/clothing_store,sun397-category:101,membership,VERIFIED_DEPICTED_TYPE,False,True,SOURCE_TYPED_MAPPING,UNREACHABLE,,True,False,False,False,False,False,False,False,False
sun397,102,/c/coast,sun397-category:102,membership,NATIVE_LABEL_ONLY,False,False,NATIVE_LABEL_ONLY,NOT_ADMITTED,,True,False,False,False,False,False,False,False,False
sun397,103,/c/cockpit,sun397-category:103,membership,NATIVE_LABEL_ONLY,False,False,NATIVE_LABEL_ONLY,NOT_ADMITTED,,True,False,False,False,False,False,False,False,False
sun397,104,/c/coffee_shop,sun397-category:104,membership,VERIFIED_DEPICTED_TYPE,False,True,SOURCE_TYPED_MAPPING,UNREACHABLE,,True,False,False,False,False,False,False,False,False
sun397,105,/c/computer_room,sun397-category:105,membership,NATIVE_LABEL_ONLY,False,False,NATIVE_LABEL_ONLY,NOT_ADMITTED,,True,False,False,False,False,False,False,False,False
sun397,106,/c/conference_center,sun397-category:106,membership,VERIFIED_DEPICTED_TYPE,False,True,SOURCE_TYPED_MAPPING,UNREACHABLE,,True,False,False,False,False,False,False,False,False
sun397,107,/c/conference_room,sun397-category:107,membership,VERIFIED_DEPICTED_TYPE,False,True,SOURCE_TYPED_MAPPING,UNREACHABLE,,True,False,False,False,False,False,False,False,False
sun397,108,/c/construction_site,sun397-category:108,membership,NATIVE_LABEL_ONLY,False,False,NATIVE_LABEL_ONLY,NOT_ADMITTED,,True,False,False,False,False,False,False,False,False
sun397,109,/c/control_room,sun397-category:109,membership,VERIFIED_DEPICTED_TYPE,False,True,SOURCE_TYPED_MAPPING,UNREACHABLE,,True,False,False,False,False,False,False,False,False
sun397,110,/c/control_tower/outdoor,sun397-category:110,membership,VERIFIED_DEPICTED_TYPE,False,True,SOURCE_TYPED_MAPPING,UNREACHABLE,,True,False,False,False,False,False,False,False,False
sun397,111,/c/corn_field,sun397-category:111,membership,VERIFIED_DEPICTED_TYPE,False,True,SOURCE_TYPED_MAPPING,UNREACHABLE,,True,False,False,False,False,False,False,False,False
sun397,112,/c/corral,sun397-category:112,membership,VERIFIED_DEPICTED_TYPE,False,True,SOURCE_TYPED_MAPPING,UNREACHABLE,,True,False,False,False,False,False,False,False,False
sun397,113,/c/corridor,sun397-category:113,membership,VERIFIED_DEPICTED_TYPE,False,True,SOURCE_TYPED_MAPPING,UNREACHABLE,,True,False,False,False,False,False,False,False,False
sun397,114,/c/cottage_garden,sun397-category:114,membership,NATIVE_LABEL_ONLY,False,False,NATIVE_LABEL_ONLY,NOT_ADMITTED,,True,False,False,False,False,False,False,False,False
sun397,115,/c/courthouse,sun397-category:115,membership,NATIVE_LABEL_ONLY,False,False,NATIVE_LABEL_ONLY,NOT_ADMITTED,,True,False,False,False,False,False,False,False,False
sun397,116,/c/courtroom,sun397-category:116,membership,VERIFIED_DEPICTED_TYPE,False,True,SOURCE_TYPED_MAPPING,UNREACHABLE,,True,False,False,False,False,False,False,False,False
sun397,117,/c/courtyard,sun397-category:117,membership,VERIFIED_DEPICTED_TYPE,False,True,SOURCE_TYPED_MAPPING,UNREACHABLE,,True,False,False,False,False,False,False,False,False
sun397,118,/c/covered_bridge/exterior,sun397-category:118,membership,VERIFIED_DEPICTED_TYPE,False,True,SOURCE_TYPED_MAPPING,UNREACHABLE,,True,False,False,False,False,False,False,False,False
sun397,119,/c/creek,sun397-category:119,membership,NATIVE_LABEL_ONLY,False,False,NATIVE_LABEL_ONLY,NOT_ADMITTED,,True,False,False,False,False,False,False,False,False
sun397,120,/c/crevasse,sun397-category:120,membership,VERIFIED_DEPICTED_TYPE,False,True,SOURCE_TYPED_MAPPING,UNREACHABLE,,True,False,False,False,False,False,False,False,False
sun397,121,/c/crosswalk,sun397-category:121,membership,VERIFIED_DEPICTED_TYPE,False,True,SOURCE_TYPED_MAPPING,UNREACHABLE,,True,False,False,False,False,False,False,False,False
sun397,122,/c/cubicle/office,sun397-category:122,membership,NATIVE_LABEL_ONLY,False,False,NATIVE_LABEL_ONLY,NOT_ADMITTED,,True,False,False,False,False,False,False,False,False
sun397,123,/d/dam,sun397-category:123,membership,NATIVE_LABEL_ONLY,False,False,NATIVE_LABEL_ONLY,NOT_ADMITTED,,True,False,False,False,False,False,False,False,False
sun397,124,/d/delicatessen,sun397-category:124,membership,NATIVE_LABEL_ONLY,False,False,NATIVE_LABEL_ONLY,NOT_ADMITTED,,True,False,False,False,False,False,False,False,False
sun397,125,/d/dentists_office,sun397-category:125,membership,NATIVE_LABEL_ONLY,False,False,NATIVE_LABEL_ONLY,NOT_ADMITTED,,True,False,False,False,False,False,False,False,False
sun397,126,/d/desert/sand,sun397-category:126,membership,VERIFIED_DEPICTED_TYPE,False,True,SOURCE_TYPED_MAPPING,UNREACHABLE,,True,False,False,False,False,False,False,False,False
sun397,127,/d/desert/vegetation,sun397-category:127,membership,VERIFIED_DEPICTED_TYPE,False,True,SOURCE_TYPED_MAPPING,UNREACHABLE,,True,False,False,False,False,False,False,False,False
sun397,128,/d/diner/indoor,sun397-category:128,membership,NATIVE_LABEL_ONLY,False,False,NATIVE_LABEL_ONLY,NOT_ADMITTED,,True,False,False,False,False,False,False,False,False
sun397,129,/d/diner/outdoor,sun397-category:129,membership,NATIVE_LABEL_ONLY,False,False,NATIVE_LABEL_ONLY,NOT_ADMITTED,,True,False,False,False,False,False,False,False,False
sun397,130,/d/dinette/home,sun397-category:130,membership,VERIFIED_DEPICTED_TYPE,False,True,SOURCE_TYPED_MAPPING,UNREACHABLE,,True,False,False,False,False,False,False,False,False
sun397,131,/d/dinette/vehicle,sun397-category:131,membership,VERIFIED_DEPICTED_TYPE,False,True,SOURCE_TYPED_MAPPING,UNREACHABLE,,True,False,False,False,False,False,False,False,False
sun397,132,/d/dining_car,sun397-category:132,membership,VERIFIED_DEPICTED_TYPE,False,True,SOURCE_TYPED_MAPPING,UNREACHABLE,,True,False,False,False,False,False,False,False,False
sun397,133,/d/dining_room,sun397-category:133,membership,VERIFIED_DEPICTED_TYPE,False,True,SOURCE_TYPED_MAPPING,UNREACHABLE,,True,False,False,False,False,False,False,False,False
sun397,134,/d/discotheque,sun397-category:134,membership,VERIFIED_DEPICTED_TYPE,False,True,SOURCE_TYPED_MAPPING,UNREACHABLE,,True,False,False,False,False,False,False,False,False
sun397,135,/d/dock,sun397-category:135,membership,NATIVE_LABEL_ONLY,False,False,NATIVE_LABEL_ONLY,NOT_ADMITTED,,True,False,False,False,False,False,False,False,False
sun397,136,/d/doorway/outdoor,sun397-category:136,membership,VERIFIED_DEPICTED_TYPE,False,True,SOURCE_TYPED_MAPPING,UNREACHABLE,,True,False,False,False,False,False,False,False,False
sun397,137,/d/dorm_room,sun397-category:137,membership,VERIFIED_DEPICTED_TYPE,False,True,SOURCE_TYPED_MAPPING,UNREACHABLE,,True,False,False,False,False,False,False,False,False
sun397,138,/d/driveway,sun397-category:138,membership,VERIFIED_DEPICTED_TYPE,False,True,SOURCE_TYPED_MAPPING,UNREACHABLE,,True,False,False,False,False,False,False,False,False
sun397,139,/d/driving_range/outdoor,sun397-category:139,membership,VERIFIED_DEPICTED_TYPE,False,True,SOURCE_TYPED_MAPPING,UNREACHABLE,,True,False,False,False,False,False,False,False,False
sun397,140,/d/drugstore,sun397-category:140,membership,VERIFIED_DEPICTED_TYPE,False,True,SOURCE_TYPED_MAPPING,UNREACHABLE,,True,False,False,False,False,False,False,False,False
sun397,141,/e/electrical_substation,sun397-category:141,membership,NATIVE_LABEL_ONLY,False,False,NATIVE_LABEL_ONLY,NOT_ADMITTED,,True,False,False,False,False,False,False,False,False
sun397,142,/e/elevator/door,sun397-category:142,membership,NATIVE_LABEL_ONLY,False,False,NATIVE_LABEL_ONLY,NOT_ADMITTED,,True,False,False,False,False,False,False,False,False
sun397,143,/e/elevator/interior,sun397-category:143,membership,NATIVE_LABEL_ONLY,False,False,NATIVE_LABEL_ONLY,NOT_ADMITTED,,True,False,False,False,False,False,False,False,False
sun397,144,/e/elevator_shaft,sun397-category:144,membership,VERIFIED_DEPICTED_TYPE,False,True,SOURCE_TYPED_MAPPING,UNREACHABLE,,True,False,False,False,False,False,False,False,False
sun397,145,/e/engine_room,sun397-category:145,membership,VERIFIED_DEPICTED_TYPE,False,True,SOURCE_TYPED_MAPPING,UNREACHABLE,,True,False,False,False,False,False,False,False,False
sun397,146,/e/escalator/indoor,sun397-category:146,membership,VERIFIED_DEPICTED_TYPE,False,True,SOURCE_TYPED_MAPPING,UNREACHABLE,,True,False,False,False,False,False,False,False,False
sun397,147,/e/excavation,sun397-category:147,membership,NATIVE_LABEL_ONLY,False,False,NATIVE_LABEL_ONLY,NOT_ADMITTED,,True,False,False,False,False,False,False,False,False
sun397,148,/f/factory/indoor,sun397-category:148,membership,VERIFIED_DEPICTED_TYPE,False,True,SOURCE_TYPED_MAPPING,UNREACHABLE,,True,False,False,False,False,False,False,False,False
sun397,149,/f/fairway,sun397-category:149,membership,NATIVE_LABEL_ONLY,False,False,NATIVE_LABEL_ONLY,NOT_ADMITTED,,True,False,False,False,False,False,False,False,False
sun397,150,/f/fastfood_restaurant,sun397-category:150,membership,NATIVE_LABEL_ONLY,False,False,NATIVE_LABEL_ONLY,NOT_ADMITTED,,True,False,False,False,False,False,False,False,False
sun397,151,/f/field/cultivated,sun397-category:151,membership,NATIVE_LABEL_ONLY,False,False,NATIVE_LABEL_ONLY,NOT_ADMITTED,,True,False,False,False,False,False,False,False,False
sun397,152,/f/field/wild,sun397-category:152,membership,NATIVE_LABEL_ONLY,False,False,NATIVE_LABEL_ONLY,NOT_ADMITTED,,True,False,False,False,False,False,False,False,False
sun397,153,/f/fire_escape,sun397-category:153,membership,VERIFIED_DEPICTED_TYPE,False,True,SOURCE_TYPED_MAPPING,UNREACHABLE,,True,False,False,False,False,False,False,False,False
sun397,154,/f/fire_station,sun397-category:154,membership,VERIFIED_DEPICTED_TYPE,False,True,SOURCE_TYPED_MAPPING,UNREACHABLE,,True,False,False,False,False,False,False,False,False
sun397,155,/f/firing_range/indoor,sun397-category:155,membership,VERIFIED_DEPICTED_TYPE,False,True,SOURCE_TYPED_MAPPING,UNREACHABLE,,True,False,False,False,False,False,False,False,False
sun397,156,/f/fishpond,sun397-category:156,membership,VERIFIED_DEPICTED_TYPE,False,True,SOURCE_TYPED_MAPPING,UNREACHABLE,,True,False,False,False,False,False,False,False,False
sun397,157,/f/florist_shop/indoor,sun397-category:157,membership,VERIFIED_DEPICTED_TYPE,False,True,SOURCE_TYPED_MAPPING,UNREACHABLE,,True,False,False,False,False,False,False,False,False
sun397,158,/f/food_court,sun397-category:158,membership,VERIFIED_DEPICTED_TYPE,False,True,SOURCE_TYPED_MAPPING,UNREACHABLE,,True,False,False,False,False,False,False,False,False
sun397,159,/f/forest/broadleaf,sun397-category:159,membership,VERIFIED_DEPICTED_TYPE,False,True,SOURCE_TYPED_MAPPING,UNREACHABLE,,True,False,False,False,False,False,False,False,False
sun397,160,/f/forest/needleleaf,sun397-category:160,membership,VERIFIED_DEPICTED_TYPE,False,True,SOURCE_TYPED_MAPPING,UNREACHABLE,,True,False,False,False,False,False,False,False,False
sun397,161,/f/forest_path,sun397-category:161,membership,NATIVE_LABEL_ONLY,False,False,NATIVE_LABEL_ONLY,NOT_ADMITTED,,True,False,False,False,False,False,False,False,False
sun397,162,/f/forest_road,sun397-category:162,membership,NATIVE_LABEL_ONLY,False,False,NATIVE_LABEL_ONLY,NOT_ADMITTED,,True,False,False,False,False,False,False,False,False
sun397,163,/f/formal_garden,sun397-category:163,membership,VERIFIED_DEPICTED_TYPE,False,True,SOURCE_TYPED_MAPPING,UNREACHABLE,,True,False,False,False,False,False,False,False,False
sun397,164,/f/fountain,sun397-category:164,membership,NATIVE_LABEL_ONLY,False,False,NATIVE_LABEL_ONLY,NOT_ADMITTED,,True,False,False,False,False,False,False,False,False
sun397,165,/g/galley,sun397-category:165,membership,NATIVE_LABEL_ONLY,False,False,NATIVE_LABEL_ONLY,NOT_ADMITTED,,True,False,False,False,False,False,False,False,False
sun397,166,/g/game_room,sun397-category:166,membership,VERIFIED_DEPICTED_TYPE,False,True,SOURCE_TYPED_MAPPING,UNREACHABLE,,True,False,False,False,False,False,False,False,False
sun397,167,/g/garage/indoor,sun397-category:167,membership,NATIVE_LABEL_ONLY,False,False,NATIVE_LABEL_ONLY,NOT_ADMITTED,,True,False,False,False,False,False,False,False,False
sun397,168,/g/garbage_dump,sun397-category:168,membership,VERIFIED_DEPICTED_TYPE,False,True,SOURCE_TYPED_MAPPING,UNREACHABLE,,True,False,False,False,False,False,False,False,False
sun397,169,/g/gas_station,sun397-category:169,membership,VERIFIED_DEPICTED_TYPE,False,True,SOURCE_TYPED_MAPPING,UNREACHABLE,,True,False,False,False,False,False,False,False,False
sun397,170,/g/gazebo/exterior,sun397-category:170,membership,VERIFIED_DEPICTED_TYPE,False,True,SOURCE_TYPED_MAPPING,UNREACHABLE,,True,False,False,False,False,False,False,False,False
sun397,171,/g/general_store/indoor,sun397-category:171,membership,VERIFIED_DEPICTED_TYPE,False,True,SOURCE_TYPED_MAPPING,UNREACHABLE,,True,False,False,False,False,False,False,False,False
sun397,172,/g/general_store/outdoor,sun397-category:172,membership,VERIFIED_DEPICTED_TYPE,False,True,SOURCE_TYPED_MAPPING,UNREACHABLE,,True,False,False,False,False,False,False,False,False
sun397,173,/g/gift_shop,sun397-category:173,membership,VERIFIED_DEPICTED_TYPE,False,True,SOURCE_TYPED_MAPPING,UNREACHABLE,,True,False,False,False,False,False,False,False,False
sun397,174,/g/golf_course,sun397-category:174,membership,VERIFIED_DEPICTED_TYPE,False,True,SOURCE_TYPED_MAPPING,UNREACHABLE,,True,False,False,False,False,False,False,False,False
sun397,175,/g/greenhouse/indoor,sun397-category:175,membership,VERIFIED_DEPICTED_TYPE,False,True,SOURCE_TYPED_MAPPING,UNREACHABLE,,True,False,False,False,False,False,False,False,False
sun397,176,/g/greenhouse/outdoor,sun397-category:176,membership,VERIFIED_DEPICTED_TYPE,False,True,SOURCE_TYPED_MAPPING,UNREACHABLE,,True,False,False,False,False,False,False,False,False
sun397,177,/g/gymnasium/indoor,sun397-category:177,membership,VERIFIED_DEPICTED_TYPE,False,True,SOURCE_TYPED_MAPPING,UNREACHABLE,,True,False,False,False,False,False,False,False,False
sun397,178,/h/hangar/indoor,sun397-category:178,membership,VERIFIED_DEPICTED_TYPE,False,True,SOURCE_TYPED_MAPPING,UNREACHABLE,,True,False,False,False,False,False,False,False,False
sun397,179,/h/hangar/outdoor,sun397-category:179,membership,VERIFIED_DEPICTED_TYPE,False,True,SOURCE_TYPED_MAPPING,UNREACHABLE,,True,False,False,False,False,False,False,False,False
sun397,180,/h/harbor,sun397-category:180,membership,NATIVE_LABEL_ONLY,False,False,NATIVE_LABEL_ONLY,NOT_ADMITTED,,True,False,False,False,False,False,False,False,False
sun397,181,/h/hayfield,sun397-category:181,membership,VERIFIED_DEPICTED_TYPE,False,True,SOURCE_TYPED_MAPPING,UNREACHABLE,,True,False,False,False,False,False,False,False,False
sun397,182,/h/heliport,sun397-category:182,membership,VERIFIED_DEPICTED_TYPE,False,True,SOURCE_TYPED_MAPPING,UNREACHABLE,,True,False,False,False,False,False,False,False,False
sun397,183,/h/herb_garden,sun397-category:183,membership,VERIFIED_DEPICTED_TYPE,False,True,SOURCE_TYPED_MAPPING,UNREACHABLE,,True,False,False,False,False,False,False,False,False
sun397,184,/h/highway,sun397-category:184,membership,VERIFIED_DEPICTED_TYPE,False,True,SOURCE_TYPED_MAPPING,UNREACHABLE,,True,False,False,False,False,False,False,False,False
sun397,185,/h/hill,sun397-category:185,membership,NATIVE_LABEL_ONLY,False,False,NATIVE_LABEL_ONLY,NOT_ADMITTED,,True,False,False,False,False,False,False,False,False
sun397,186,/h/home_office,sun397-category:186,membership,VERIFIED_DEPICTED_TYPE,False,True,SOURCE_TYPED_MAPPING,UNREACHABLE,,True,False,False,False,False,False,False,False,False
sun397,187,/h/hospital,sun397-category:187,membership,VERIFIED_DEPICTED_TYPE,False,True,SOURCE_TYPED_MAPPING,UNREACHABLE,,True,False,False,False,False,False,False,False,False
sun397,188,/h/hospital_room,sun397-category:188,membership,VERIFIED_DEPICTED_TYPE,False,True,SOURCE_TYPED_MAPPING,UNREACHABLE,,True,False,False,False,False,False,False,False,False
sun397,189,/h/hot_spring,sun397-category:189,membership,VERIFIED_DEPICTED_TYPE,False,True,SOURCE_TYPED_MAPPING,UNREACHABLE,,True,False,False,False,False,False,False,False,False
sun397,190,/h/hot_tub/outdoor,sun397-category:190,membership,VERIFIED_DEPICTED_TYPE,False,True,SOURCE_TYPED_MAPPING,UNREACHABLE,,True,False,False,False,False,False,False,False,False
sun397,191,/h/hotel/outdoor,sun397-category:191,membership,VERIFIED_DEPICTED_TYPE,False,True,SOURCE_TYPED_MAPPING,UNREACHABLE,,True,False,False,False,False,False,False,False,False
sun397,192,/h/hotel_room,sun397-category:192,membership,VERIFIED_DEPICTED_TYPE,False,True,SOURCE_TYPED_MAPPING,UNREACHABLE,,True,False,False,False,False,False,False,False,False
sun397,193,/h/house,sun397-category:193,membership,NATIVE_LABEL_ONLY,False,False,NATIVE_LABEL_ONLY,NOT_ADMITTED,,True,False,False,False,False,False,False,False,False
sun397,194,/h/hunting_lodge/outdoor,sun397-category:194,membership,VERIFIED_DEPICTED_TYPE,False,True,SOURCE_TYPED_MAPPING,UNREACHABLE,,True,False,False,False,False,False,False,False,False
sun397,195,/i/ice_cream_parlor,sun397-category:195,membership,NATIVE_LABEL_ONLY,False,False,NATIVE_LABEL_ONLY,NOT_ADMITTED,,True,False,False,False,False,False,False,False,False
sun397,196,/i/ice_floe,sun397-category:196,membership,VERIFIED_DEPICTED_TYPE,False,True,SOURCE_TYPED_MAPPING,UNREACHABLE,,True,False,False,False,False,False,False,False,False
sun397,197,/i/ice_shelf,sun397-category:197,membership,VERIFIED_DEPICTED_TYPE,False,True,SOURCE_TYPED_MAPPING,UNREACHABLE,,True,False,False,False,False,False,False,False,False
sun397,198,/i/ice_skating_rink/indoor,sun397-category:198,membership,VERIFIED_DEPICTED_TYPE,False,True,SOURCE_TYPED_MAPPING,UNREACHABLE,,True,False,False,False,False,False,False,False,False
sun397,199,/i/ice_skating_rink/outdoor,sun397-category:199,membership,VERIFIED_DEPICTED_TYPE,False,True,SOURCE_TYPED_MAPPING,UNREACHABLE,,True,False,False,False,False,False,False,False,False
sun397,200,/i/iceberg,sun397-category:200,membership,NATIVE_LABEL_ONLY,False,False,NATIVE_LABEL_ONLY,NOT_ADMITTED,,True,False,False,False,False,False,False,False,False
sun397,201,/i/igloo,sun397-category:201,membership,VERIFIED_DEPICTED_TYPE,False,True,SOURCE_TYPED_MAPPING,UNREACHABLE,,True,False,False,False,False,False,False,False,False
sun397,202,/i/industrial_area,sun397-category:202,membership,VERIFIED_DEPICTED_TYPE,False,True,SOURCE_TYPED_MAPPING,UNREACHABLE,,True,False,False,False,False,False,False,False,False
sun397,203,/i/inn/outdoor,sun397-category:203,membership,VERIFIED_DEPICTED_TYPE,False,True,SOURCE_TYPED_MAPPING,UNREACHABLE,,True,False,False,False,False,False,False,False,False
sun397,204,/i/islet,sun397-category:204,membership,VERIFIED_DEPICTED_TYPE,False,True,SOURCE_TYPED_MAPPING,UNREACHABLE,,True,False,False,False,False,False,False,False,False
sun397,205,/j/jacuzzi/indoor,sun397-category:205,membership,NATIVE_LABEL_ONLY,False,False,NATIVE_LABEL_ONLY,NOT_ADMITTED,,True,False,False,False,False,False,False,False,False
sun397,206,/j/jail/indoor,sun397-category:206,membership,VERIFIED_DEPICTED_TYPE,False,True,SOURCE_TYPED_MAPPING,UNREACHABLE,,True,False,False,False,False,False,False,False,False
sun397,207,/j/jail_cell,sun397-category:207,membership,VERIFIED_DEPICTED_TYPE,False,True,SOURCE_TYPED_MAPPING,UNREACHABLE,,True,False,False,False,False,False,False,False,False
sun397,208,/j/jewelry_shop,sun397-category:208,membership,NATIVE_LABEL_ONLY,False,False,NATIVE_LABEL_ONLY,NOT_ADMITTED,,True,False,False,False,False,False,False,False,False
sun397,209,/k/kasbah,sun397-category:209,membership,VERIFIED_DEPICTED_TYPE,False,True,SOURCE_TYPED_MAPPING,UNREACHABLE,,True,False,False,False,False,False,False,False,False
sun397,210,/k/kennel/indoor,sun397-category:210,membership,VERIFIED_DEPICTED_TYPE,False,True,SOURCE_TYPED_MAPPING,UNREACHABLE,,True,False,False,False,False,False,False,False,False
sun397,211,/k/kennel/outdoor,sun397-category:211,membership,VERIFIED_DEPICTED_TYPE,False,True,SOURCE_TYPED_MAPPING,UNREACHABLE,,True,False,False,False,False,False,False,False,False
sun397,212,/k/kindergarden_classroom,sun397-category:212,membership,NATIVE_LABEL_ONLY,False,False,NATIVE_LABEL_ONLY,NOT_ADMITTED,,True,False,False,False,False,False,False,False,False
sun397,213,/k/kitchen,sun397-category:213,membership,VERIFIED_DEPICTED_TYPE,False,True,SOURCE_TYPED_MAPPING,UNREACHABLE,,True,False,False,False,False,False,False,False,False
sun397,214,/k/kitchenette,sun397-category:214,membership,VERIFIED_DEPICTED_TYPE,False,True,SOURCE_TYPED_MAPPING,UNREACHABLE,,True,False,False,False,False,False,False,False,False
sun397,215,/l/labyrinth/outdoor,sun397-category:215,membership,NATIVE_LABEL_ONLY,False,False,NATIVE_LABEL_ONLY,NOT_ADMITTED,,True,False,False,False,False,False,False,False,False
sun397,216,/l/lake/natural,sun397-category:216,membership,NATIVE_LABEL_ONLY,False,False,NATIVE_LABEL_ONLY,NOT_ADMITTED,,True,False,False,False,False,False,False,False,False
sun397,217,/l/landfill,sun397-category:217,membership,VERIFIED_DEPICTED_TYPE,False,True,SOURCE_TYPED_MAPPING,UNREACHABLE,,True,False,False,False,False,False,False,False,False
sun397,218,/l/landing_deck,sun397-category:218,membership,VERIFIED_DEPICTED_TYPE,False,True,SOURCE_TYPED_MAPPING,UNREACHABLE,,True,False,False,False,False,False,False,False,False
sun397,219,/l/laundromat,sun397-category:219,membership,VERIFIED_DEPICTED_TYPE,False,True,SOURCE_TYPED_MAPPING,UNREACHABLE,,True,False,False,False,False,False,False,False,False
sun397,220,/l/lecture_room,sun397-category:220,membership,VERIFIED_DEPICTED_TYPE,False,True,SOURCE_TYPED_MAPPING,UNREACHABLE,,True,False,False,False,False,False,False,False,False
sun397,221,/l/library/indoor,sun397-category:221,membership,NATIVE_LABEL_ONLY,False,False,NATIVE_LABEL_ONLY,NOT_ADMITTED,,True,False,False,False,False,False,False,False,False
sun397,222,/l/library/outdoor,sun397-category:222,membership,NATIVE_LABEL_ONLY,False,False,NATIVE_LABEL_ONLY,NOT_ADMITTED,,True,False,False,False,False,False,False,False,False
sun397,223,/l/lido_deck/outdoor,sun397-category:223,membership,VERIFIED_DEPICTED_TYPE,False,True,SOURCE_TYPED_MAPPING,UNREACHABLE,,True,False,False,False,False,False,False,False,False
sun397,224,/l/lift_bridge,sun397-category:224,membership,VERIFIED_DEPICTED_TYPE,False,True,SOURCE_TYPED_MAPPING,UNREACHABLE,,True,False,False,False,False,False,False,False,False
sun397,225,/l/lighthouse,sun397-category:225,membership,VERIFIED_DEPICTED_TYPE,False,True,SOURCE_TYPED_MAPPING,UNREACHABLE,,True,False,False,False,False,False,False,False,False
sun397,226,/l/limousine_interior,sun397-category:226,membership,NATIVE_LABEL_ONLY,False,False,NATIVE_LABEL_ONLY,NOT_ADMITTED,,True,False,False,False,False,False,False,False,False
sun397,227,/l/living_room,sun397-category:227,membership,VERIFIED_DEPICTED_TYPE,False,True,SOURCE_TYPED_MAPPING,UNREACHABLE,,True,False,False,False,False,False,False,False,False
sun397,228,/l/lobby,sun397-category:228,membership,VERIFIED_DEPICTED_TYPE,False,True,SOURCE_TYPED_MAPPING,UNREACHABLE,,True,False,False,False,False,False,False,False,False
sun397,229,/l/lock_chamber,sun397-category:229,membership,VERIFIED_DEPICTED_TYPE,False,True,SOURCE_TYPED_MAPPING,UNREACHABLE,,True,False,False,False,False,False,False,False,False
sun397,230,/l/locker_room,sun397-category:230,membership,VERIFIED_DEPICTED_TYPE,False,True,SOURCE_TYPED_MAPPING,UNREACHABLE,,True,False,False,False,False,False,False,False,False
sun397,231,/m/mansion,sun397-category:231,membership,NATIVE_LABEL_ONLY,False,False,NATIVE_LABEL_ONLY,NOT_ADMITTED,,True,False,False,False,False,False,False,False,False
sun397,232,/m/manufactured_home,sun397-category:232,membership,VERIFIED_DEPICTED_TYPE,False,True,SOURCE_TYPED_MAPPING,UNREACHABLE,,True,False,False,False,False,False,False,False,False
sun397,233,/m/market/indoor,sun397-category:233,membership,NATIVE_LABEL_ONLY,False,False,NATIVE_LABEL_ONLY,NOT_ADMITTED,,True,False,False,False,False,False,False,False,False
sun397,234,/m/market/outdoor,sun397-category:234,membership,NATIVE_LABEL_ONLY,False,False,NATIVE_LABEL_ONLY,NOT_ADMITTED,,True,False,False,False,False,False,False,False,False
sun397,235,/m/marsh,sun397-category:235,membership,VERIFIED_DEPICTED_TYPE,False,True,SOURCE_TYPED_MAPPING,UNREACHABLE,,True,False,False,False,False,False,False,False,False
sun397,236,/m/martial_arts_gym,sun397-category:236,membership,NATIVE_LABEL_ONLY,False,False,NATIVE_LABEL_ONLY,NOT_ADMITTED,,True,False,False,False,False,False,False,False,False
sun397,237,/m/mausoleum,sun397-category:237,membership,VERIFIED_DEPICTED_TYPE,False,True,SOURCE_TYPED_MAPPING,UNREACHABLE,,True,False,False,False,False,False,False,False,False
sun397,238,/m/medina,sun397-category:238,membership,VERIFIED_DEPICTED_TYPE,False,True,SOURCE_TYPED_MAPPING,UNREACHABLE,,True,False,False,False,False,False,False,False,False
sun397,239,/m/moat/water,sun397-category:239,membership,VERIFIED_DEPICTED_TYPE,False,True,SOURCE_TYPED_MAPPING,UNREACHABLE,,True,False,False,False,False,False,False,False,False
sun397,240,/m/monastery/outdoor,sun397-category:240,membership,VERIFIED_DEPICTED_TYPE,False,True,SOURCE_TYPED_MAPPING,UNREACHABLE,,True,False,False,False,False,False,False,False,False
sun397,241,/m/mosque/indoor,sun397-category:241,membership,VERIFIED_DEPICTED_TYPE,False,True,SOURCE_TYPED_MAPPING,UNREACHABLE,,True,False,False,False,False,False,False,False,False
sun397,242,/m/mosque/outdoor,sun397-category:242,membership,VERIFIED_DEPICTED_TYPE,False,True,SOURCE_TYPED_MAPPING,UNREACHABLE,,True,False,False,False,False,False,False,False,False
sun397,243,/m/motel,sun397-category:243,membership,VERIFIED_DEPICTED_TYPE,False,True,SOURCE_TYPED_MAPPING,UNREACHABLE,,True,False,False,False,False,False,False,False,False
sun397,244,/m/mountain,sun397-category:244,membership,VERIFIED_DEPICTED_TYPE,False,True,SOURCE_TYPED_MAPPING,UNREACHABLE,,True,False,False,False,False,False,False,False,False
sun397,245,/m/mountain_snowy,sun397-category:245,membership,NATIVE_LABEL_ONLY,False,False,NATIVE_LABEL_ONLY,NOT_ADMITTED,,True,False,False,False,False,False,False,False,False
sun397,246,/m/movie_theater/indoor,sun397-category:246,membership,VERIFIED_DEPICTED_TYPE,False,True,SOURCE_TYPED_MAPPING,UNREACHABLE,,True,False,False,False,False,False,False,False,False
sun397,247,/m/museum/indoor,sun397-category:247,membership,VERIFIED_DEPICTED_TYPE,False,True,SOURCE_TYPED_MAPPING,UNREACHABLE,,True,False,False,False,False,False,False,False,False
sun397,248,/m/music_store,sun397-category:248,membership,NATIVE_LABEL_ONLY,False,False,NATIVE_LABEL_ONLY,NOT_ADMITTED,,True,False,False,False,False,False,False,False,False
sun397,249,/m/music_studio,sun397-category:249,membership,NATIVE_LABEL_ONLY,False,False,NATIVE_LABEL_ONLY,NOT_ADMITTED,,True,False,False,False,False,False,False,False,False
sun397,250,/n/nuclear_power_plant/outdoor,sun397-category:250,membership,NATIVE_LABEL_ONLY,False,False,NATIVE_LABEL_ONLY,NOT_ADMITTED,,True,False,False,False,False,False,False,False,False
sun397,251,/n/nursery,sun397-category:251,membership,VERIFIED_DEPICTED_TYPE,False,True,SOURCE_TYPED_MAPPING,UNREACHABLE,,True,False,False,False,False,False,False,False,False
sun397,252,/o/oast_house,sun397-category:252,membership,VERIFIED_DEPICTED_TYPE,False,True,SOURCE_TYPED_MAPPING,UNREACHABLE,,True,False,False,False,False,False,False,False,False
sun397,253,/o/observatory/outdoor,sun397-category:253,membership,NATIVE_LABEL_ONLY,False,False,NATIVE_LABEL_ONLY,NOT_ADMITTED,,True,False,False,False,False,False,False,False,False
sun397,254,/o/ocean,sun397-category:254,membership,VERIFIED_DEPICTED_TYPE,False,True,SOURCE_TYPED_MAPPING,UNREACHABLE,,True,False,False,False,False,False,False,False,False
sun397,255,/o/office,sun397-category:255,membership,VERIFIED_DEPICTED_TYPE,False,True,SOURCE_TYPED_MAPPING,UNREACHABLE,,True,False,False,False,False,False,False,False,False
sun397,256,/o/office_building,sun397-category:256,membership,VERIFIED_DEPICTED_TYPE,False,True,SOURCE_TYPED_MAPPING,UNREACHABLE,,True,False,False,False,False,False,False,False,False
sun397,257,/o/oil_refinery/outdoor,sun397-category:257,membership,VERIFIED_DEPICTED_TYPE,False,True,SOURCE_TYPED_MAPPING,UNREACHABLE,,True,False,False,False,False,False,False,False,False
sun397,258,/o/oilrig,sun397-category:258,membership,VERIFIED_DEPICTED_TYPE,False,True,SOURCE_TYPED_MAPPING,UNREACHABLE,,True,False,False,False,False,False,False,False,False
sun397,259,/o/operating_room,sun397-category:259,membership,VERIFIED_DEPICTED_TYPE,False,True,SOURCE_TYPED_MAPPING,UNREACHABLE,,True,False,False,False,False,False,False,False,False
sun397,260,/o/orchard,sun397-category:260,membership,VERIFIED_DEPICTED_TYPE,False,True,SOURCE_TYPED_MAPPING,UNREACHABLE,,True,False,False,False,False,False,False,False,False
sun397,261,/o/outhouse/outdoor,sun397-category:261,membership,VERIFIED_DEPICTED_TYPE,False,True,SOURCE_TYPED_MAPPING,UNREACHABLE,,True,False,False,False,False,False,False,False,False
sun397,262,/p/pagoda,sun397-category:262,membership,VERIFIED_DEPICTED_TYPE,False,True,SOURCE_TYPED_MAPPING,UNREACHABLE,,True,False,False,False,False,False,False,False,False
sun397,263,/p/palace,sun397-category:263,membership,NATIVE_LABEL_ONLY,False,False,NATIVE_LABEL_ONLY,NOT_ADMITTED,,True,False,False,False,False,False,False,False,False
sun397,264,/p/pantry,sun397-category:264,membership,VERIFIED_DEPICTED_TYPE,False,True,SOURCE_TYPED_MAPPING,UNREACHABLE,,True,False,False,False,False,False,False,False,False
sun397,265,/p/park,sun397-category:265,membership,NATIVE_LABEL_ONLY,False,False,NATIVE_LABEL_ONLY,NOT_ADMITTED,,True,False,False,False,False,False,False,False,False
sun397,266,/p/parking_garage/indoor,sun397-category:266,membership,NATIVE_LABEL_ONLY,False,False,NATIVE_LABEL_ONLY,NOT_ADMITTED,,True,False,False,False,False,False,False,False,False
sun397,267,/p/parking_garage/outdoor,sun397-category:267,membership,NATIVE_LABEL_ONLY,False,False,NATIVE_LABEL_ONLY,NOT_ADMITTED,,True,False,False,False,False,False,False,False,False
sun397,268,/p/parking_lot,sun397-category:268,membership,VERIFIED_DEPICTED_TYPE,False,True,SOURCE_TYPED_MAPPING,UNREACHABLE,,True,False,False,False,False,False,False,False,False
sun397,269,/p/parlor,sun397-category:269,membership,NATIVE_LABEL_ONLY,False,False,NATIVE_LABEL_ONLY,NOT_ADMITTED,,True,False,False,False,False,False,False,False,False
sun397,270,/p/pasture,sun397-category:270,membership,NATIVE_LABEL_ONLY,False,False,NATIVE_LABEL_ONLY,NOT_ADMITTED,,True,False,False,False,False,False,False,False,False
sun397,271,/p/patio,sun397-category:271,membership,VERIFIED_DEPICTED_TYPE,False,True,SOURCE_TYPED_MAPPING,UNREACHABLE,,True,False,False,False,False,False,False,False,False
sun397,272,/p/pavilion,sun397-category:272,membership,VERIFIED_DEPICTED_TYPE,False,True,SOURCE_TYPED_MAPPING,UNREACHABLE,,True,False,False,False,False,False,False,False,False
sun397,273,/p/pharmacy,sun397-category:273,membership,VERIFIED_DEPICTED_TYPE,False,True,SOURCE_TYPED_MAPPING,UNREACHABLE,,True,False,False,False,False,False,False,False,False
sun397,274,/p/phone_booth,sun397-category:274,membership,VERIFIED_DEPICTED_TYPE,False,True,SOURCE_TYPED_MAPPING,UNREACHABLE,,True,False,False,False,False,False,False,False,False
sun397,275,/p/physics_laboratory,sun397-category:275,membership,VERIFIED_DEPICTED_TYPE,False,True,SOURCE_TYPED_MAPPING,UNREACHABLE,,True,False,False,False,False,False,False,False,False
sun397,276,/p/picnic_area,sun397-category:276,membership,VERIFIED_DEPICTED_TYPE,False,True,SOURCE_TYPED_MAPPING,UNREACHABLE,,True,False,False,False,False,False,False,False,False
sun397,277,/p/pilothouse/indoor,sun397-category:277,membership,VERIFIED_DEPICTED_TYPE,False,True,SOURCE_TYPED_MAPPING,UNREACHABLE,,True,False,False,False,False,False,False,False,False
sun397,278,/p/planetarium/outdoor,sun397-category:278,membership,NATIVE_LABEL_ONLY,False,False,NATIVE_LABEL_ONLY,NOT_ADMITTED,,True,False,False,False,False,False,False,False,False
sun397,279,/p/playground,sun397-category:279,membership,NATIVE_LABEL_ONLY,False,False,NATIVE_LABEL_ONLY,NOT_ADMITTED,,True,False,False,False,False,False,False,False,False
sun397,280,/p/playroom,sun397-category:280,membership,VERIFIED_DEPICTED_TYPE,False,True,SOURCE_TYPED_MAPPING,UNREACHABLE,,True,False,False,False,False,False,False,False,False
sun397,281,/p/plaza,sun397-category:281,membership,NATIVE_LABEL_ONLY,False,False,NATIVE_LABEL_ONLY,NOT_ADMITTED,,True,False,False,False,False,False,False,False,False
sun397,282,/p/podium/indoor,sun397-category:282,membership,VERIFIED_DEPICTED_TYPE,False,True,SOURCE_TYPED_MAPPING,UNREACHABLE,,True,False,False,False,False,False,False,False,False
sun397,283,/p/podium/outdoor,sun397-category:283,membership,VERIFIED_DEPICTED_TYPE,False,True,SOURCE_TYPED_MAPPING,UNREACHABLE,,True,False,False,False,False,False,False,False,False
sun397,284,/p/pond,sun397-category:284,membership,VERIFIED_DEPICTED_TYPE,False,True,SOURCE_TYPED_MAPPING,UNREACHABLE,,True,False,False,False,False,False,False,False,False
sun397,285,/p/poolroom/establishment,sun397-category:285,membership,VERIFIED_DEPICTED_TYPE,False,True,SOURCE_TYPED_MAPPING,UNREACHABLE,,True,False,False,False,False,False,False,False,False
sun397,286,/p/poolroom/home,sun397-category:286,membership,VERIFIED_DEPICTED_TYPE,False,True,SOURCE_TYPED_MAPPING,UNREACHABLE,,True,False,False,False,False,False,False,False,False
sun397,287,/p/power_plant/outdoor,sun397-category:287,membership,VERIFIED_DEPICTED_TYPE,False,True,SOURCE_TYPED_MAPPING,UNREACHABLE,,True,False,False,False,False,False,False,False,False
sun397,288,/p/promenade_deck,sun397-category:288,membership,VERIFIED_DEPICTED_TYPE,False,True,SOURCE_TYPED_MAPPING,UNREACHABLE,,True,False,False,False,False,False,False,False,False
sun397,289,/p/pub/indoor,sun397-category:289,membership,VERIFIED_DEPICTED_TYPE,False,True,SOURCE_TYPED_MAPPING,UNREACHABLE,,True,False,False,False,False,False,False,False,False
sun397,290,/p/pulpit,sun397-category:290,membership,VERIFIED_DEPICTED_TYPE,False,True,SOURCE_TYPED_MAPPING,UNREACHABLE,,True,False,False,False,False,False,False,False,False
sun397,291,/p/putting_green,sun397-category:291,membership,VERIFIED_DEPICTED_TYPE,False,True,SOURCE_TYPED_MAPPING,UNREACHABLE,,True,False,False,False,False,False,False,False,False
sun397,292,/r/racecourse,sun397-category:292,membership,VERIFIED_DEPICTED_TYPE,False,True,SOURCE_TYPED_MAPPING,UNREACHABLE,,True,False,False,False,False,False,False,False,False
sun397,293,/r/raceway,sun397-category:293,membership,NATIVE_LABEL_ONLY,False,False,NATIVE_LABEL_ONLY,NOT_ADMITTED,,True,False,False,False,False,False,False,False,False
sun397,294,/r/raft,sun397-category:294,membership,NATIVE_LABEL_ONLY,False,False,NATIVE_LABEL_ONLY,NOT_ADMITTED,,True,False,False,False,False,False,False,False,False
sun397,295,/r/railroad_track,sun397-category:295,membership,VERIFIED_DEPICTED_TYPE,False,True,SOURCE_TYPED_MAPPING,UNREACHABLE,,True,False,False,False,False,False,False,False,False
sun397,296,/r/rainforest,sun397-category:296,membership,NATIVE_LABEL_ONLY,False,False,NATIVE_LABEL_ONLY,NOT_ADMITTED,,True,False,False,False,False,False,False,False,False
sun397,297,/r/reception,sun397-category:297,membership,VERIFIED_DEPICTED_TYPE,False,True,SOURCE_TYPED_MAPPING,UNREACHABLE,,True,False,False,False,False,False,False,False,False
sun397,298,/r/recreation_room,sun397-category:298,membership,VERIFIED_DEPICTED_TYPE,False,True,SOURCE_TYPED_MAPPING,UNREACHABLE,,True,False,False,False,False,False,False,False,False
sun397,299,/r/residential_neighborhood,sun397-category:299,membership,NATIVE_LABEL_ONLY,False,False,NATIVE_LABEL_ONLY,NOT_ADMITTED,,True,False,False,False,False,False,False,False,False
sun397,300,/r/restaurant,sun397-category:300,membership,VERIFIED_DEPICTED_TYPE,False,True,SOURCE_TYPED_MAPPING,UNREACHABLE,,True,False,False,False,False,False,False,False,False
sun397,301,/r/restaurant_kitchen,sun397-category:301,membership,NATIVE_LABEL_ONLY,False,False,NATIVE_LABEL_ONLY,NOT_ADMITTED,,True,False,False,False,False,False,False,False,False
sun397,302,/r/restaurant_patio,sun397-category:302,membership,NATIVE_LABEL_ONLY,False,False,NATIVE_LABEL_ONLY,NOT_ADMITTED,,True,False,False,False,False,False,False,False,False
sun397,303,/r/rice_paddy,sun397-category:303,membership,VERIFIED_DEPICTED_TYPE,False,True,SOURCE_TYPED_MAPPING,UNREACHABLE,,True,False,False,False,False,False,False,False,False
sun397,304,/r/riding_arena,sun397-category:304,membership,NATIVE_LABEL_ONLY,False,False,NATIVE_LABEL_ONLY,NOT_ADMITTED,,True,False,False,False,False,False,False,False,False
sun397,305,/r/river,sun397-category:305,membership,VERIFIED_DEPICTED_TYPE,False,True,SOURCE_TYPED_MAPPING,UNREACHABLE,,True,False,False,False,False,False,False,False,False
sun397,306,/r/rock_arch,sun397-category:306,membership,NATIVE_LABEL_ONLY,False,False,NATIVE_LABEL_ONLY,NOT_ADMITTED,,True,False,False,False,False,False,False,False,False
sun397,307,/r/rope_bridge,sun397-category:307,membership,VERIFIED_DEPICTED_TYPE,False,True,SOURCE_TYPED_MAPPING,UNREACHABLE,,True,False,False,False,False,False,False,False,False
sun397,308,/r/ruin,sun397-category:308,membership,NATIVE_LABEL_ONLY,False,False,NATIVE_LABEL_ONLY,NOT_ADMITTED,,True,False,False,False,False,False,False,False,False
sun397,309,/r/runway,sun397-category:309,membership,NATIVE_LABEL_ONLY,False,False,NATIVE_LABEL_ONLY,NOT_ADMITTED,,True,False,False,False,False,False,False,False,False
sun397,310,/s/sandbar,sun397-category:310,membership,VERIFIED_DEPICTED_TYPE,False,True,SOURCE_TYPED_MAPPING,UNREACHABLE,,True,False,False,False,False,False,False,False,False
sun397,311,/s/sandbox,sun397-category:311,membership,NATIVE_LABEL_ONLY,False,False,NATIVE_LABEL_ONLY,NOT_ADMITTED,,True,False,False,False,False,False,False,False,False
sun397,312,/s/sauna,sun397-category:312,membership,VERIFIED_DEPICTED_TYPE,False,True,SOURCE_TYPED_MAPPING,UNREACHABLE,,True,False,False,False,False,False,False,False,False
sun397,313,/s/schoolhouse,sun397-category:313,membership,VERIFIED_DEPICTED_TYPE,False,True,SOURCE_TYPED_MAPPING,UNREACHABLE,,True,False,False,False,False,False,False,False,False
sun397,314,/s/sea_cliff,sun397-category:314,membership,NATIVE_LABEL_ONLY,False,False,NATIVE_LABEL_ONLY,NOT_ADMITTED,,True,False,False,False,False,False,False,False,False
sun397,315,/s/server_room,sun397-category:315,membership,NATIVE_LABEL_ONLY,False,False,NATIVE_LABEL_ONLY,NOT_ADMITTED,,True,False,False,False,False,False,False,False,False
sun397,316,/s/shed,sun397-category:316,membership,VERIFIED_DEPICTED_TYPE,False,True,SOURCE_TYPED_MAPPING,UNREACHABLE,,True,False,False,False,False,False,False,False,False
sun397,317,/s/shoe_shop,sun397-category:317,membership,VERIFIED_DEPICTED_TYPE,False,True,SOURCE_TYPED_MAPPING,UNREACHABLE,,True,False,False,False,False,False,False,False,False
sun397,318,/s/shopfront,sun397-category:318,membership,VERIFIED_DEPICTED_TYPE,False,True,SOURCE_TYPED_MAPPING,UNREACHABLE,,True,False,False,False,False,False,False,False,False
sun397,319,/s/shopping_mall/indoor,sun397-category:319,membership,VERIFIED_DEPICTED_TYPE,False,True,SOURCE_TYPED_MAPPING,UNREACHABLE,,True,False,False,False,False,False,False,False,False
sun397,320,/s/shower,sun397-category:320,membership,NATIVE_LABEL_ONLY,False,False,NATIVE_LABEL_ONLY,NOT_ADMITTED,,True,False,False,False,False,False,False,False,False
sun397,321,/s/skatepark,sun397-category:321,membership,NATIVE_LABEL_ONLY,False,False,NATIVE_LABEL_ONLY,NOT_ADMITTED,,True,False,False,False,False,False,False,False,False
sun397,322,/s/ski_lodge,sun397-category:322,membership,VERIFIED_DEPICTED_TYPE,False,True,SOURCE_TYPED_MAPPING,UNREACHABLE,,True,False,False,False,False,False,False,False,False
sun397,323,/s/ski_resort,sun397-category:323,membership,VERIFIED_DEPICTED_TYPE,False,True,SOURCE_TYPED_MAPPING,UNREACHABLE,,True,False,False,False,False,False,False,False,False
sun397,324,/s/ski_slope,sun397-category:324,membership,VERIFIED_DEPICTED_TYPE,False,True,SOURCE_TYPED_MAPPING,UNREACHABLE,,True,False,False,False,False,False,False,False,False
sun397,325,/s/sky,sun397-category:325,membership,VERIFIED_DEPICTED_TYPE,False,True,SOURCE_TYPED_MAPPING,UNREACHABLE,,True,False,False,False,False,False,False,False,False
sun397,326,/s/skyscraper,sun397-category:326,membership,VERIFIED_DEPICTED_TYPE,False,True,SOURCE_TYPED_MAPPING,UNREACHABLE,,True,False,False,False,False,False,False,False,False
sun397,327,/s/slum,sun397-category:327,membership,VERIFIED_DEPICTED_TYPE,False,True,SOURCE_TYPED_MAPPING,UNREACHABLE,,True,False,False,False,False,False,False,False,False
sun397,328,/s/snowfield,sun397-category:328,membership,VERIFIED_DEPICTED_TYPE,False,True,SOURCE_TYPED_MAPPING,UNREACHABLE,,True,False,False,False,False,False,False,False,False
sun397,329,/s/squash_court,sun397-category:329,membership,VERIFIED_DEPICTED_TYPE,False,True,SOURCE_TYPED_MAPPING,UNREACHABLE,,True,False,False,False,False,False,False,False,False
sun397,330,/s/stable,sun397-category:330,membership,VERIFIED_DEPICTED_TYPE,False,True,SOURCE_TYPED_MAPPING,UNREACHABLE,,True,False,False,False,False,False,False,False,False
sun397,331,/s/stadium/baseball,sun397-category:331,membership,VERIFIED_DEPICTED_TYPE,False,True,SOURCE_TYPED_MAPPING,UNREACHABLE,,True,False,False,False,False,False,False,False,False
sun397,332,/s/stadium/football,sun397-category:332,membership,VERIFIED_DEPICTED_TYPE,False,True,SOURCE_TYPED_MAPPING,UNREACHABLE,,True,False,False,False,False,False,False,False,False
sun397,333,/s/stage/indoor,sun397-category:333,membership,NATIVE_LABEL_ONLY,False,False,NATIVE_LABEL_ONLY,NOT_ADMITTED,,True,False,False,False,False,False,False,False,False
sun397,334,/s/staircase,sun397-category:334,membership,VERIFIED_DEPICTED_TYPE,False,True,SOURCE_TYPED_MAPPING,UNREACHABLE,,True,False,False,False,False,False,False,False,False
sun397,335,/s/street,sun397-category:335,membership,NATIVE_LABEL_ONLY,False,False,NATIVE_LABEL_ONLY,NOT_ADMITTED,,True,False,False,False,False,False,False,False,False
sun397,336,/s/subway_interior,sun397-category:336,membership,NATIVE_LABEL_ONLY,False,False,NATIVE_LABEL_ONLY,NOT_ADMITTED,,True,False,False,False,False,False,False,False,False
sun397,337,/s/subway_station/platform,sun397-category:337,membership,VERIFIED_DEPICTED_TYPE,False,True,SOURCE_TYPED_MAPPING,UNREACHABLE,,True,False,False,False,False,False,False,False,False
sun397,338,/s/supermarket,sun397-category:338,membership,VERIFIED_DEPICTED_TYPE,False,True,SOURCE_TYPED_MAPPING,UNREACHABLE,,True,False,False,False,False,False,False,False,False
sun397,339,/s/sushi_bar,sun397-category:339,membership,VERIFIED_DEPICTED_TYPE,False,True,SOURCE_TYPED_MAPPING,UNREACHABLE,,True,False,False,False,False,False,False,False,False
sun397,340,/s/swamp,sun397-category:340,membership,VERIFIED_DEPICTED_TYPE,False,True,SOURCE_TYPED_MAPPING,UNREACHABLE,,True,False,False,False,False,False,False,False,False
sun397,341,/s/swimming_pool/indoor,sun397-category:341,membership,VERIFIED_DEPICTED_TYPE,False,True,SOURCE_TYPED_MAPPING,UNREACHABLE,,True,False,False,False,False,False,False,False,False
sun397,342,/s/swimming_pool/outdoor,sun397-category:342,membership,VERIFIED_DEPICTED_TYPE,False,True,SOURCE_TYPED_MAPPING,UNREACHABLE,,True,False,False,False,False,False,False,False,False
sun397,343,/s/synagogue/indoor,sun397-category:343,membership,VERIFIED_DEPICTED_TYPE,False,True,SOURCE_TYPED_MAPPING,UNREACHABLE,,True,False,False,False,False,False,False,False,False
sun397,344,/s/synagogue/outdoor,sun397-category:344,membership,VERIFIED_DEPICTED_TYPE,False,True,SOURCE_TYPED_MAPPING,UNREACHABLE,,True,False,False,False,False,False,False,False,False
sun397,345,/t/television_studio,sun397-category:345,membership,NATIVE_LABEL_ONLY,False,False,NATIVE_LABEL_ONLY,NOT_ADMITTED,,True,False,False,False,False,False,False,False,False
sun397,346,/t/temple/east_asia,sun397-category:346,membership,NATIVE_LABEL_ONLY,False,False,NATIVE_LABEL_ONLY,NOT_ADMITTED,,True,False,False,False,False,False,False,False,False
sun397,347,/t/temple/south_asia,sun397-category:347,membership,NATIVE_LABEL_ONLY,False,False,NATIVE_LABEL_ONLY,NOT_ADMITTED,,True,False,False,False,False,False,False,False,False
sun397,348,/t/tennis_court/indoor,sun397-category:348,membership,VERIFIED_DEPICTED_TYPE,False,True,SOURCE_TYPED_MAPPING,UNREACHABLE,,True,False,False,False,False,False,False,False,False
sun397,349,/t/tennis_court/outdoor,sun397-category:349,membership,VERIFIED_DEPICTED_TYPE,False,True,SOURCE_TYPED_MAPPING,UNREACHABLE,,True,False,False,False,False,False,False,False,False
sun397,350,/t/tent/outdoor,sun397-category:350,membership,NATIVE_LABEL_ONLY,False,False,NATIVE_LABEL_ONLY,NOT_ADMITTED,,True,False,False,False,False,False,False,False,False
sun397,351,/t/theater/indoor_procenium,sun397-category:351,membership,NATIVE_LABEL_ONLY,False,False,NATIVE_LABEL_ONLY,NOT_ADMITTED,,True,False,False,False,False,False,False,False,False
sun397,352,/t/theater/indoor_seats,sun397-category:352,membership,NATIVE_LABEL_ONLY,False,False,NATIVE_LABEL_ONLY,NOT_ADMITTED,,True,False,False,False,False,False,False,False,False
sun397,353,/t/thriftshop,sun397-category:353,membership,VERIFIED_DEPICTED_TYPE,False,True,SOURCE_TYPED_MAPPING,UNREACHABLE,,True,False,False,False,False,False,False,False,False
sun397,354,/t/throne_room,sun397-category:354,membership,NATIVE_LABEL_ONLY,False,False,NATIVE_LABEL_ONLY,NOT_ADMITTED,,True,False,False,False,False,False,False,False,False
sun397,355,/t/ticket_booth,sun397-category:355,membership,VERIFIED_DEPICTED_TYPE,False,True,SOURCE_TYPED_MAPPING,UNREACHABLE,,True,False,False,False,False,False,False,False,False
sun397,356,/t/toll_plaza,sun397-category:356,membership,VERIFIED_DEPICTED_TYPE,False,True,SOURCE_TYPED_MAPPING,UNREACHABLE,,True,False,False,False,False,False,False,False,False
sun397,357,/t/topiary_garden,sun397-category:357,membership,NATIVE_LABEL_ONLY,False,False,NATIVE_LABEL_ONLY,NOT_ADMITTED,,True,False,False,False,False,False,False,False,False
sun397,358,/t/tower,sun397-category:358,membership,NATIVE_LABEL_ONLY,False,False,NATIVE_LABEL_ONLY,NOT_ADMITTED,,True,False,False,False,False,False,False,False,False
sun397,359,/t/toyshop,sun397-category:359,membership,VERIFIED_DEPICTED_TYPE,False,True,SOURCE_TYPED_MAPPING,UNREACHABLE,,True,False,False,False,False,False,False,False,False
sun397,360,/t/track/outdoor,sun397-category:360,membership,NATIVE_LABEL_ONLY,False,False,NATIVE_LABEL_ONLY,NOT_ADMITTED,,True,False,False,False,False,False,False,False,False
sun397,361,/t/train_railway,sun397-category:361,membership,NATIVE_LABEL_ONLY,False,False,NATIVE_LABEL_ONLY,NOT_ADMITTED,,True,False,False,False,False,False,False,False,False
sun397,362,/t/train_station/platform,sun397-category:362,membership,VERIFIED_DEPICTED_TYPE,False,True,SOURCE_TYPED_MAPPING,UNREACHABLE,,True,False,False,False,False,False,False,False,False
sun397,363,/t/tree_farm,sun397-category:363,membership,VERIFIED_DEPICTED_TYPE,False,True,SOURCE_TYPED_MAPPING,UNREACHABLE,,True,False,False,False,False,False,False,False,False
sun397,364,/t/tree_house,sun397-category:364,membership,VERIFIED_DEPICTED_TYPE,False,True,SOURCE_TYPED_MAPPING,UNREACHABLE,,True,False,False,False,False,False,False,False,False
sun397,365,/t/trench,sun397-category:365,membership,NATIVE_LABEL_ONLY,False,False,NATIVE_LABEL_ONLY,NOT_ADMITTED,,True,False,False,False,False,False,False,False,False
sun397,366,/u/underwater/coral_reef,sun397-category:366,membership,NATIVE_LABEL_ONLY,False,False,NATIVE_LABEL_ONLY,NOT_ADMITTED,,True,False,False,False,False,False,False,False,False
sun397,367,/u/utility_room,sun397-category:367,membership,NATIVE_LABEL_ONLY,False,False,NATIVE_LABEL_ONLY,NOT_ADMITTED,,True,False,False,False,False,False,False,False,False
sun397,368,/v/valley,sun397-category:368,membership,VERIFIED_DEPICTED_TYPE,False,True,SOURCE_TYPED_MAPPING,UNREACHABLE,,True,False,False,False,False,False,False,False,False
sun397,369,/v/van_interior,sun397-category:369,membership,NATIVE_LABEL_ONLY,False,False,NATIVE_LABEL_ONLY,NOT_ADMITTED,,True,False,False,False,False,False,False,False,False
sun397,370,/v/vegetable_garden,sun397-category:370,membership,VERIFIED_DEPICTED_TYPE,False,True,SOURCE_TYPED_MAPPING,UNREACHABLE,,True,False,False,False,False,False,False,False,False
sun397,371,/v/veranda,sun397-category:371,membership,VERIFIED_DEPICTED_TYPE,False,True,SOURCE_TYPED_MAPPING,UNREACHABLE,,True,False,False,False,False,False,False,False,False
sun397,372,/v/veterinarians_office,sun397-category:372,membership,NATIVE_LABEL_ONLY,False,False,NATIVE_LABEL_ONLY,NOT_ADMITTED,,True,False,False,False,False,False,False,False,False
sun397,373,/v/viaduct,sun397-category:373,membership,VERIFIED_DEPICTED_TYPE,False,True,SOURCE_TYPED_MAPPING,UNREACHABLE,,True,False,False,False,False,False,False,False,False
sun397,374,/v/videostore,sun397-category:374,membership,NATIVE_LABEL_ONLY,False,False,NATIVE_LABEL_ONLY,NOT_ADMITTED,,True,False,False,False,False,False,False,False,False
sun397,375,/v/village,sun397-category:375,membership,VERIFIED_DEPICTED_TYPE,False,True,SOURCE_TYPED_MAPPING,UNREACHABLE,,True,False,False,False,False,False,False,False,False
sun397,376,/v/vineyard,sun397-category:376,membership,VERIFIED_DEPICTED_TYPE,False,True,SOURCE_TYPED_MAPPING,UNREACHABLE,,True,False,False,False,False,False,False,False,False
sun397,377,/v/volcano,sun397-category:377,membership,NATIVE_LABEL_ONLY,False,False,NATIVE_LABEL_ONLY,NOT_ADMITTED,,True,False,False,False,False,False,False,False,False
sun397,378,/v/volleyball_court/indoor,sun397-category:378,membership,VERIFIED_DEPICTED_TYPE,False,True,SOURCE_TYPED_MAPPING,UNREACHABLE,,True,False,False,False,False,False,False,False,False
sun397,379,/v/volleyball_court/outdoor,sun397-category:379,membership,VERIFIED_DEPICTED_TYPE,False,True,SOURCE_TYPED_MAPPING,UNREACHABLE,,True,False,False,False,False,False,False,False,False
sun397,380,/w/waiting_room,sun397-category:380,membership,VERIFIED_DEPICTED_TYPE,False,True,SOURCE_TYPED_MAPPING,UNREACHABLE,,True,False,False,False,False,False,False,False,False
sun397,381,/w/warehouse/indoor,sun397-category:381,membership,VERIFIED_DEPICTED_TYPE,False,True,SOURCE_TYPED_MAPPING,UNREACHABLE,,True,False,False,False,False,False,False,False,False
sun397,382,/w/water_tower,sun397-category:382,membership,VERIFIED_DEPICTED_TYPE,False,True,SOURCE_TYPED_MAPPING,UNREACHABLE,,True,False,False,False,False,False,False,False,False
sun397,383,/w/waterfall/block,sun397-category:383,membership,VERIFIED_DEPICTED_TYPE,False,True,SOURCE_TYPED_MAPPING,UNREACHABLE,,True,False,False,False,False,False,False,False,False
sun397,384,/w/waterfall/fan,sun397-category:384,membership,VERIFIED_DEPICTED_TYPE,False,True,SOURCE_TYPED_MAPPING,UNREACHABLE,,True,False,False,False,False,False,False,False,False
sun397,385,/w/waterfall/plunge,sun397-category:385,membership,VERIFIED_DEPICTED_TYPE,False,True,SOURCE_TYPED_MAPPING,UNREACHABLE,,True,False,False,False,False,False,False,False,False
sun397,386,/w/watering_hole,sun397-category:386,membership,VERIFIED_DEPICTED_TYPE,False,True,SOURCE_TYPED_MAPPING,UNREACHABLE,,True,False,False,False,False,False,False,False,False
sun397,387,/w/wave,sun397-category:387,membership,NATIVE_LABEL_ONLY,False,False,NATIVE_LABEL_ONLY,NOT_ADMITTED,,True,False,False,False,False,False,False,False,False
sun397,388,/w/wet_bar,sun397-category:388,membership,VERIFIED_DEPICTED_TYPE,False,True,SOURCE_TYPED_MAPPING,UNREACHABLE,,True,False,False,False,False,False,False,False,False
sun397,389,/w/wheat_field,sun397-category:389,membership,VERIFIED_DEPICTED_TYPE,False,True,SOURCE_TYPED_MAPPING,UNREACHABLE,,True,False,False,False,False,False,False,False,False
sun397,390,/w/wind_farm,sun397-category:390,membership,VERIFIED_DEPICTED_TYPE,False,True,SOURCE_TYPED_MAPPING,UNREACHABLE,,True,False,False,False,False,False,False,False,False
sun397,391,/w/windmill,sun397-category:391,membership,NATIVE_LABEL_ONLY,False,False,NATIVE_LABEL_ONLY,NOT_ADMITTED,,True,False,False,False,False,False,False,False,False
sun397,392,/w/wine_cellar/barrel_storage,sun397-category:392,membership,VERIFIED_DEPICTED_TYPE,False,True,SOURCE_TYPED_MAPPING,UNREACHABLE,,True,False,False,False,False,False,False,False,False
sun397,393,/w/wine_cellar/bottle_storage,sun397-category:393,membership,VERIFIED_DEPICTED_TYPE,False,True,SOURCE_TYPED_MAPPING,UNREACHABLE,,True,False,False,False,False,False,False,False,False
sun397,394,/w/wrestling_ring/indoor,sun397-category:394,membership,VERIFIED_DEPICTED_TYPE,False,True,SOURCE_TYPED_MAPPING,UNREACHABLE,,True,False,False,False,False,False,False,False,False
sun397,395,/y/yard,sun397-category:395,membership,NATIVE_LABEL_ONLY,False,False,NATIVE_LABEL_ONLY,NOT_ADMITTED,,True,False,False,False,False,False,False,False,False
sun397,396,/y/youth_hostel,sun397-category:396,membership,VERIFIED_DEPICTED_TYPE,False,True,SOURCE_TYPED_MAPPING,UNREACHABLE,,True,False,False,False,False,False,False,False,False
